transaction_amount,wallet_age_days,transaction_frequency,unique_recipients,unique_senders,avg_transaction_amount,amount_deviation,recipient_is_new,rapid_transaction_flag,suspicious_interaction_count,is_fraud
0.20585003687078368,1132,35,7,12,0.1089619416201564,1.9598770925716025,0,0,0,0
0.746951582740636,1466,7,25,20,0.08809582788927323,0.9399896593675481,1,0,2,0
0.4889445714095118,1377,12,4,12,0.37379471491269,1.0189029078395513,1,0,2,0
0.018119501455745993,1653,17,24,15,0.05403846425960743,0.13539132436892154,0,0,1,0
0.43032996438228455,842,25,22,3,0.03766400588250557,0.1963913324154145,0,0,2,0
0.14215254459727675,887,37,27,20,0.9513861493016663,0.8821739449121324,1,0,0,0
0.07954093965741799,755,43,2,16,0.40030097871070525,0.3618899084749898,0,0,2,0
0.5146980999199005,626,47,23,23,0.3461491340871754,0.6468575743949152,0,0,0,0
0.3172545678807437,291,27,13,13,0.2548395322687102,1.620340333073258,0,0,2,0
0.04242437529015603,534,46,15,7,0.11133144783718732,1.3387627881491,1,0,2,0
0.24564689738889042,753,22,7,22,0.10082599318859227,1.9810716376023265,0,0,2,0
1.6274792454283362,1429,44,12,18,0.017712864371881427,0.7308146864992662,1,0,2,0
0.1768108039088484,1354,22,19,9,0.03641289665284837,0.007650948893453302,0,0,2,0
0.2173036073534379,224,35,5,7,0.11673079644965517,0.4702520852160379,1,1,1,0
0.08799126053415916,1272,19,29,1,0.046665999042129085,1.5015758499920222,0,0,1,0
0.13308453853426472,308,6,19,13,0.8761002883260558,0.916979250250586,1,0,1,0
0.3392456463336799,424,28,15,12,0.013416120065506427,1.3493552570230716,0,0,0,0
1.890588746342154,27,112,86,4,0.8554651674880165,9.386667907914713,1,1,14,1
0.3745997325528037,430,33,26,1,0.27677381997096184,0.30619478929248345,1,0,1,0
0.25732870959337417,1385,36,29,23,0.4226513486441527,0.06298610695209228,0,0,0,0
1.3180193992216962,1,45,54,1,0.3640062280298384,7.589074616944512,1,1,15,1
0.061045963651408644,1285,28,10,7,0.013972150331143518,0.29869180988915556,0,0,1,0
1.4570733988268427,682,45,12,19,0.632790259585182,0.7950702715558862,0,0,0,0
0.5,18,71,49,2,3.0989741279729888,8.795656045035813,1,1,3,1
0.6766760571219642,313,31,14,13,0.14507879756270897,0.7367812283591699,0,0,1,0
0.5,16,126,27,2,0.3549910600249239,2.6874574490384218,1,0,12,1
0.2421185851424566,512,8,20,12,0.008771006916220991,1.252164401249331,0,0,1,0
0.2652996431925321,367,40,3,1,0.010124168033387169,0.7233485289271588,0,0,0,0
0.30253045436561354,620,19,3,15,0.017191453299517344,0.2541064465833327,0,0,0,0
2.3078463403715173,21,106,76,1,5.271112892121767,7.951290290819676,1,1,7,1
0.6269246438883879,1343,22,7,21,0.30316612661042863,1.4516437813583325,1,0,0,0
0.05911718817835568,1302,14,16,4,0.03888483851886825,0.6554224390644585,1,0,1,0
0.5737024804786159,1272,47,16,4,0.33476694252877137,1.9343565459683498,0,1,0,0
0.9322929970591488,1380,5,5,21,0.20763122900880868,0.27888899468426476,1,0,2,0
0.9983987186377353,892,47,1,4,0.0184324436586786,0.31716002991834435,0,0,0,0
0.7108889013113904,1496,10,27,17,0.43476957252943055,1.7704203869423318,0,0,2,0
0.5123363810539973,1312,49,12,23,0.26897695296225715,0.20357862300868224,0,0,0,0
0.2431459660493468,1203,42,18,7,2.437739431709252,1.251079294467195,0,0,2,0
0.6179706380335598,587,21,10,19,0.06714882393668055,1.5195413950423555,0,0,1,0
0.26552924991185595,98,41,7,2,0.005064919888490277,0.5848660819267029,0,0,2,0
0.02528308840597974,1476,31,16,23,0.49562483618159875,1.5045065535664106,0,0,0,0
0.8261657864064383,520,36,29,14,0.34661393598345797,0.26181387369474796,1,0,0,0
0.13289262985009007,1581,36,23,21,0.22153425312782782,1.048501167171149,1,0,2,0
0.009200422291350013,1287,46,11,10,0.5974043910763619,0.3892266213509856,0,0,1,0
1.8495938357397796,8,49,48,4,3.989505127685722,4.840924698787435,1,0,10,1
0.29004542129269917,178,12,18,3,0.13521001918129547,1.33558082979804,1,0,0,0
0.11108431699845904,171,28,20,19,0.26539530652975557,0.6728929228410216,0,1,1,0
0.6106258569092443,1072,8,17,17,0.24075570704592694,0.28789659662978107,0,0,2,0
0.30291381554346425,1019,44,4,10,0.15411243702370786,0.3748272028810673,1,0,2,0
1.342316171793108,145,32,3,4,1.182498631790621,1.5524069345346638,0,0,1,0
0.10273352268225353,968,1,8,11,0.10761892868962862,0.5646847638634647,0,0,0,0
0.4431177316238579,1281,1,6,3,0.8475441288661708,0.5670944530227378,0,0,2,0
0.5227223694802878,276,23,5,11,0.827784123043684,0.7477869232663985,0,0,1,0
1.3561449216118886,456,8,28,11,0.03240342558447847,0.004827508801952929,0,0,0,0
0.695030319049337,534,16,6,23,0.1091147621660791,1.0230135046931956,1,0,2,0
0.22262740415425336,1778,1,2,6,0.2829155566507155,1.1991478086795324,0,0,1,0
0.36563328435297365,1323,10,7,23,0.13053956233723743,0.013951870570120262,0,0,2,0
0.6752949197622926,11,160,94,0,0.2624606111390543,7.134234864517026,1,1,6,1
0.3343519918938111,407,42,23,4,0.10163469122336384,0.7001892326884886,0,0,1,0
0.40204045153745127,1663,41,8,15,0.2862428316034906,0.5093432710942385,0,0,2,0
0.1790262082141199,106,1,16,3,0.09850647728900573,1.848331130578925,0,0,2,0
0.16071985741875233,852,46,3,9,0.6575776265796428,0.7977321613222634,0,0,0,0
0.39275035411896236,813,21,23,15,0.10567436069369276,0.1728514011931812,0,0,2,0
0.7043745737692917,240,12,3,19,0.9270369761759497,1.1038720944933185,1,0,2,0
0.5158195008600444,1298,49,17,17,0.18376942719324085,1.4360061933719648,0,0,2,0
1.375418089144529,613,1,12,12,0.1500101238758896,0.40289991266255787,0,1,0,0
0.21170676724698143,554,10,12,14,0.12118913186835807,0.6259381203104519,0,0,2,0
0.5,9,192,67,1,2.110722180478999,8.08247026232632,1,1,16,1
1.2114834675295005,1593,18,13,7,0.3636173591553596,0.20563538845820162,0,0,1,0
0.3441194749736848,163,5,26,15,0.9666665533301121,0.6523942376132976,0,0,2,0
3.3597820807618857,762,2,13,13,0.19625126254934555,0.7528779562525778,1,0,0,0
1.2787346789228131,1284,34,13,10,0.34127584080459855,1.3813882079169326,0,0,2,0
0.18834808803283204,1066,25,5,19,0.24804581711079687,0.12426237039577326,0,0,2,0
0.08219862551402465,427,36,3,10,0.5820374346918674,0.6029995517020106,0,0,0,0
2.095154769341188,1505,22,29,14,0.4671946070887192,0.7850628293564295,1,0,2,0
0.020580421649504535,957,17,9,17,0.8329212471657347,0.8045567443471124,0,0,2,0
1.3809608237564845,765,22,2,9,0.4826462519516567,0.5543463455410269,0,0,1,0
0.2167084355378382,1045,36,18,14,0.2134682099147321,0.5858537193661599,1,1,1,0
0.7410533751194,19,33,39,4,0.1,6.3236787460827175,0,1,10,1
1.6537774897341835,1553,12,20,14,0.1133081223220006,1.6419187722730606,1,0,0,0
2.9741939371885464,15,74,97,2,2.398191394307692,3.1046842357229636,0,0,8,1
0.09641101431927608,1714,43,12,23,0.3438061545595428,0.6713552871177308,0,0,0,0
0.34490939120805053,1267,47,27,13,0.7064879008440482,1.6751081500859972,0,0,1,0
0.3999914802101498,1463,31,24,24,0.08511470036646017,0.1824550427924565,0,0,1,0
0.3649215048235608,529,6,11,10,0.005969171406972231,1.8932916962314656,0,0,1,0
0.2297882267765736,1247,9,14,7,0.05689964630631437,0.6230650570906902,0,0,2,0
0.21579202945019085,482,25,1,22,0.0381404177338894,0.7012849292488421,0,1,0,0
1.1826935506050371,1608,2,28,17,0.2322670943970826,0.18864895331310838,0,0,0,0
1.9059406740334897,1,47,10,2,0.7129593869227181,4.6902078171404655,1,0,5,1
0.350477588684342,1730,33,6,9,0.7426384295462947,1.275752214196334,1,0,2,0
0.16397532718119825,1604,43,28,16,0.4030703442532473,0.4303929610789914,0,0,1,0
1.157628561528927,1633,10,10,1,0.3823976334004227,0.9047492033124525,0,0,1,0
1.331803901405267,8,169,10,2,1.0955449345230923,6.091259405029136,1,1,9,1
0.7287626295557289,915,35,2,18,0.0207610489083448,0.595931722840672,1,0,1,0
0.2921872099519876,329,19,28,20,0.4493118494663625,0.5205321028529204,1,0,0,0
0.31179348664161927,1272,26,7,24,0.140017194920222,0.5376405635733292,1,1,2,0
1.4308948440185596,14,97,81,1,3.965000583829758,9.426920334244544,1,1,5,1
0.9715119718486375,892,35,29,22,0.17591554669061327,0.9838235755501903,0,1,0,0
0.25017524501819777,807,13,9,2,0.0440057931036408,1.3848550274343434,0,1,0,0
0.2920510971274205,1135,12,26,20,0.13356690014102923,0.25715957838021586,1,0,1,0
0.017053769928918966,1256,26,2,20,0.3401491269050745,1.290703705565788,1,1,0,0
0.9757349871303201,1560,43,18,11,0.42557584727336284,1.5561887900904579,0,0,1,0
0.18385284366564467,654,31,1,1,0.04317681686666433,0.6350369252600989,0,1,2,0
1.8664853198210918,1422,43,17,7,0.3520779275044227,0.6320047370939832,1,0,2,0
0.04463887134224664,1636,9,5,4,0.11409636920346727,1.9370987633440782,0,1,0,0
1.9341212082974455,1355,13,7,17,0.31695010033979504,0.8304809375574529,1,0,0,0
0.09766009881197293,1657,17,16,13,0.028008643455532153,0.18216154554136343,1,0,1,0
0.18064245297964288,1314,24,25,24,0.18754005854957312,0.3153466241590026,0,0,2,0
1.5393757713408174,2,190,40,4,0.1,7.114254918395926,1,1,11,1
0.695508844864037,1714,30,13,16,0.2503042288490044,1.5567655958724607,0,0,1,0
0.04247795249171184,1058,30,19,5,0.2039364432549823,1.709833183053885,1,1,2,0
0.989685259238518,1020,9,28,4,0.17308334150120566,1.3866970984992495,0,0,2,0
0.08355880520494449,1542,3,4,7,0.11288530153904769,0.22190261949498824,1,1,0,0
0.8290937348668062,847,27,2,5,0.21255177675596718,0.3221972952928438,0,0,1,0
3.5481872603666993,29,28,55,2,2.3773347232368387,5.203471748378369,1,0,5,1
0.11252792555119295,1727,24,2,21,0.2886886885628297,1.9069586489651904,1,0,2,0
0.2989405367977729,196,16,5,7,0.12090532520799287,1.1697680679382936,0,0,0,0
0.4218567781930715,1522,25,9,6,0.5775288571366878,0.23836143846472657,0,0,1,0
1.4212971527639204,988,43,14,18,0.2310443897818693,1.3579458240114126,0,0,2,0
0.5642529664908359,915,8,21,21,0.1545162222609263,0.49497082961415506,1,0,1,0
0.4170643356748471,1717,44,15,3,1.0896760894191906,1.7203708868710383,0,0,1,0
0.021234049223217102,983,36,8,2,0.042195118239037474,0.23067023322013558,0,0,1,0
0.46192695960924957,1681,17,4,5,0.059496370554984496,1.7967998561416836,0,0,1,0
0.7834544022810765,1290,2,6,14,0.10904166716130322,1.065454525624981,0,0,2,0
0.12098013849627498,1342,46,22,6,0.6356393349303051,0.9192482073780484,1,0,0,0
1.0597761726074084,686,11,15,14,0.6793798476169752,0.27081883130778905,0,0,2,0
0.4298398992553327,559,47,28,2,2.6312626770301617,0.7533452402002931,0,0,1,0
0.1328512498118268,138,41,11,23,0.2638236108366233,0.6446465219744055,0,0,2,0
8.601217650697373,24,34,69,0,7.379216153182734,8.632627806365061,0,1,4,1
0.27212857134677504,1408,49,5,12,0.029881199446749798,0.0031816530315473823,1,0,0,0
1.5151867706575033,1469,33,13,23,0.14095000559234505,0.5287951125889496,0,0,1,0
0.03228328516165735,537,9,9,2,0.3520728044617486,1.8025824751876824,0,0,0,0
0.4752020097956864,821,33,14,5,0.7627453570457714,1.0511193903477183,0,0,2,0
0.3494574108006709,134,6,29,24,0.0063829035971861795,1.5729010243551869,0,0,0,0
0.0829937551997273,500,46,11,23,0.09988203370181045,0.6608289419051616,1,0,2,0
0.5,4,152,34,2,0.3323316549171611,5.5095589458529854,0,1,16,1
0.3698394193886335,1610,18,20,6,1.5350102247744957,0.08388919200171552,0,0,1,0
0.13275651870097746,447,17,4,23,0.17606816647752319,1.7918830292946086,0,0,2,0
1.5563993625021026,163,21,5,21,0.08684072008933112,1.5555906658081142,0,0,1,0
1.6061697899120482,0,195,37,0,5.372033916099853,7.69515511294022,1,1,16,1
0.387549950983086,395,18,12,7,1.2554909175309192,0.45678867617130403,1,0,1,0
0.12379522907239858,791,34,10,1,1.00500998658082,1.4795042219768504,1,0,0,0
0.6494400171862972,896,17,1,5,0.08271564226943547,1.2365675605908968,0,0,2,0
1.4868438967534654,1610,9,23,20,0.7465496213007491,0.8116978008042919,0,0,1,0
0.2505066681426538,948,30,2,3,1.04649119108793,0.4141886843316134,0,0,0,0
1.340785011432452,1064,13,16,1,0.046758665650898854,0.8397208520529196,1,0,0,0
0.1851476036529416,1045,25,17,3,0.1292121189301833,0.38463562560798614,0,0,2,0
0.21895966579705825,1762,36,28,6,0.17475948168630004,1.208701272608043,0,0,1,0
0.23184282527364852,332,48,24,5,1.0847881815772367,1.044202370412599,1,0,0,0
0.019868503306108905,623,41,26,12,0.9851421938970246,1.3012378308449963,0,0,2,0
1.6395525883293411,999,28,27,14,1.4726778922441435,1.1598903489767722,1,0,0,0
1.0071854133244185,761,24,18,5,0.21865338482989555,0.8474500802369112,0,0,0,0
0.8673651739398308,1046,37,12,7,0.7716160066437184,0.8169201145911085,1,0,1,0
0.4162877148006566,1186,5,20,5,0.11515572392711278,0.9255320447823403,1,0,0,0
0.18185202687856586,880,17,29,1,0.04727438051529404,0.13015441510959502,1,0,1,0
0.001831505994527427,1481,43,22,4,0.538306240295832,0.4702870197972957,0,0,0,0
1.1218445618418789,1300,34,14,4,0.012635325017784383,1.1732088166169623,0,0,1,0
0.09348062598870821,1182,10,5,7,0.3709820452606709,0.8906097492911733,0,0,1,0
1.5846985023009577,589,28,10,6,0.5877087389721493,1.944711629468653,0,0,1,0
1.606832467643761,1290,24,25,4,0.7733814905826428,1.1393442669579563,0,0,2,0
0.023781924878204273,1360,38,21,3,0.6133069601712801,0.04947781507576621,0,0,2,0
0.06707996070995724,599,2,14,20,1.1564915820302444,1.2166021372341984,0,0,0,0
0.19796196036348662,718,36,11,21,0.5889650940384705,0.6119487064045779,0,0,0,0
1.0486013336471662,713,43,10,4,0.3996468466922916,1.8157956399401145,1,0,0,0
0.14962154537418512,1474,37,10,18,0.4238861299403717,0.3092128354831949,0,0,0,0
0.2641409874413363,378,23,11,15,1.2574030859676557,0.15721864705262267,0,0,0,0
3.0069303900405373,13,49,35,1,1.5711611474688068,8.546668498113943,1,1,13,1
0.7552253385052061,5,145,13,1,4.486470748984917,6.483368723523793,1,1,12,1
0.3444472983273892,772,46,11,2,0.27154409530841317,1.2883002492017899,0,1,2,0
1.1659811810955893,225,5,11,11,0.7387064580314563,1.6200313986475756,0,0,1,0
0.4460804398617321,1736,18,26,22,0.41055550399975993,0.1744431855008235,0,0,1,0
0.5,17,23,36,0,0.27299050133614816,3.5111007716641245,1,1,3,1
1.149358737800473,984,40,8,6,0.19590333914104788,0.9531071635828776,1,0,1,0
0.3998601050856734,1570,25,8,1,0.32042321606116075,0.586899940566274,0,0,1,0
0.24565034611195363,394,42,16,17,0.19269906764524924,1.065231232787187,0,0,1,0
0.6474802814583421,1239,5,2,22,0.24354396019455984,1.7911842370026825,0,0,2,0
0.5808068223299941,278,12,22,9,0.21229186220445295,0.2970082580438409,0,0,2,0
2.425112344266253,0,181,68,0,3.40739246615952,5.533882312214413,1,0,14,1
0.49132467053223816,984,39,21,19,0.2899134427676479,0.488282249132141,0,0,1,0
0.26071771373963387,257,5,19,10,0.019120077919775588,0.6335850042000419,0,0,1,0
0.46456340933372936,452,38,5,3,0.002146698447411451,1.8631309042292534,0,0,1,0
0.048599997869304995,1338,25,29,4,0.21977818887880973,0.2246555216952717,0,0,1,0
0.14539193520438395,1677,47,27,10,0.7047476150341921,1.1088305575039747,0,0,2,0
0.38858681584589766,977,34,20,11,0.7900444676930859,0.6153436962478811,0,0,1,0
0.30839783909849694,1747,32,9,17,0.22566575181672685,1.230694745999769,0,0,1,0
0.8624284764176501,1235,39,4,4,1.1780484858461173,0.857377559224787,0,0,2,0
0.11744951559076662,1614,3,17,24,0.20510426940544002,1.0438238605536654,1,0,0,0
0.3206901860632801,1210,12,9,5,0.5464120879781179,0.45821876435976305,0,0,0,0
1.9748453956678413,1130,46,19,13,0.2346735930421927,0.7700059362102083,0,1,0,0
0.2653789067526889,805,32,21,10,0.885159300613045,1.2034314610770285,0,0,1,0
0.3865111536091182,1493,40,23,24,0.18249485266520615,1.2242324683198305,0,0,2,0
0.3525672792049088,1260,24,22,14,0.7808518794592543,0.6457471003540927,0,0,0,0
1.4109227017926973,212,38,22,9,0.001,0.571186526922856,0,0,2,0
0.1813455880670851,686,22,27,11,0.10922969954190564,1.884729693151045,0,0,1,0
0.18828006315827547,1562,22,16,1,0.4651972243874819,0.563243936578202,0,0,2,0
0.3684210463478995,767,39,5,21,0.019197709816714818,0.47227627883352397,0,0,0,0
0.7986536450159809,468,36,15,5,1.2044851876745908,1.125562454972077,0,0,0,0
0.2934210646139482,1138,43,4,11,0.06888315117979968,1.1485482404509708,0,0,2,0
0.5448329615463392,546,4,19,17,0.6350010271278526,0.37919415898817865,1,0,1,0
0.0031997382229143655,1399,18,27,9,0.05439738651960289,0.84957947499344,0,0,2,0
0.24487721217014238,1640,26,12,4,0.7206929843419783,1.9928393523413768,0,0,0,0
1.6088172769255005,10,98,59,1,2.472728034278845,3.3123448059818568,1,1,18,1
0.05111409867466144,1478,8,12,12,0.031129285266388237,1.6154124521881001,0,0,1,0
0.12084211585809954,1093,2,17,6,0.4234482908566626,1.024445279814735,0,1,2,0
1.9973858963480895,25,72,92,1,2.475271689783702,8.445074113649664,1,1,6,1
0.16492136294937923,1530,31,25,4,0.9521408535790375,0.3847845271863586,0,0,0,0
0.7949856251882192,1407,36,26,10,1.0503319361053893,0.51324805550595,0,0,0,0
2.182137734110084,1551,23,27,21,0.1953965328317628,1.6824601912201511,0,0,1,0
0.09910220010425551,1247,44,11,10,0.17772767485798005,0.5395226665584587,0,1,0,0
0.04085258429183495,392,28,4,9,0.5560740465254265,0.9975584959790369,0,0,2,0
0.4679313638308699,1667,25,20,3,0.2033531052647308,1.2577363186652737,0,0,2,0
0.4540657918510815,441,3,11,15,0.09779485614485256,1.509934795211927,1,0,1,0
0.259349833359115,1463,26,9,8,0.5165535202310972,1.675765242515696,0,0,2,0
4.165198150570361,25,144,60,4,0.7581222323249439,6.622722146998711,1,0,16,1
1.369727786285637,1095,47,29,2,1.4009246239710695,0.6631550592807343,0,0,2,0
0.4702001603503519,1159,33,1,18,0.7004450188107283,1.8864837274779303,0,0,0,0
0.04172526355310365,234,8,28,24,1.5243082931175316,0.9325717780039557,1,0,2,0
0.874028904572959,263,49,16,5,0.14886521887468035,0.16012343544117247,1,0,0,0
0.1431372150206084,309,36,23,7,0.7928056506851289,0.2704855179297678,0,0,2,0
0.39316038832314487,844,31,11,15,0.20936398486795507,0.3525970132967906,1,0,0,0
0.28946995891431315,1694,26,6,12,0.4372833555246201,1.6252356274943782,0,0,1,0
0.9537103339422808,1746,48,28,20,1.596904587980285,1.292919736441638,0,1,2,0
0.14724407226616776,360,12,27,9,0.39837270715719697,0.4263886022824124,0,0,0,0
0.016533456674992855,604,32,29,19,1.520571808731769,0.8795656769814086,1,0,1,0
1.1418936993022772,25,162,74,4,4.243495844585845,6.748897081067638,1,0,10,1
0.4827046901619814,1657,13,5,7,0.06577373065856845,0.12281028809506944,0,0,2,0
0.6369615025735597,1221,25,10,23,0.16823395239406544,1.31123947086528,1,1,2,0
0.2577394953237353,1602,27,20,6,1.2516566030679224,1.1298242532368774,0,0,1,0
0.6144692688281089,370,27,3,1,0.15340208178027126,1.261557074525277,0,0,0,0
0.351096913225082,282,36,10,11,0.43056674268996703,0.16608762929112864,0,0,2,0
0.09093085252463616,1657,47,4,3,0.05716978800348804,1.357988960490677,0,0,1,0
0.1735113893730985,862,45,9,5,0.40004850362468825,1.8060561475885204,0,0,0,0
0.4214007935006194,1007,30,25,7,0.35292199829187154,1.9094287353105932,1,0,2,0
0.04699103652250052,1084,37,28,3,0.6693879688577455,0.9591909797111602,1,0,2,0
0.03690706552196081,770,32,24,17,0.3439570263580636,1.0054158083176776,0,0,0,0
0.6707485617017291,482,23,21,2,0.06881590335631708,1.863542415403871,1,0,0,0
0.12668387698482153,1529,49,2,10,0.5441509962168748,0.1236021855591607,0,1,2,0
0.339488609616996,1054,38,11,6,0.11046862072739227,1.292947128243882,1,0,1,0
0.5213804079762832,459,5,17,4,0.1498545979085011,0.6797839950491649,0,0,0,0
3.5345034957214256,2,66,47,0,3.4444080172681932,9.993471790229275,1,1,3,1
0.9640256107544629,639,31,4,9,0.08959883764183885,0.743422211586859,0,0,0,0
0.2648271530456914,1693,10,5,14,0.8732056224364915,0.7392127804484416,0,0,1,0
0.9942647858291114,1738,32,16,23,0.14966244799754,1.6638199245098546,1,0,2,0
0.057713066465519165,763,20,19,3,1.173759950648792,1.2257012069754702,0,0,2,0
0.33891047127677454,1547,4,26,16,1.1923854254217499,1.4234075890907074,1,0,2,0
0.7238365643934406,1634,46,8,5,0.10608197418654464,1.5595197708233859,1,0,1,0
0.6415787249398727,1301,39,22,2,0.5531985004196627,1.8465983653463856,0,0,0,0
0.6131601122250381,465,45,13,1,0.26056173901567914,0.9962340407456016,0,0,0,0
0.203270317391417,414,47,25,4,0.5216618942036609,1.0735634173284914,1,0,1,0
0.2366476652788393,1228,25,29,24,0.3498757704203898,0.4658165605987119,1,0,1,0
0.23994366184364566,878,11,26,23,0.3472817671732673,0.6145704546714073,1,0,1,0
0.715196376538432,1097,44,18,13,0.6802788535456479,0.9682195967890841,0,0,0,0
0.6970392168504508,8,51,35,0,4.4976899138897135,7.609146374389329,0,0,13,1
0.4356453442039596,622,47,19,13,0.5202789937717457,1.771569704705378,0,0,2,0
0.12722513987642767,1511,6,16,17,0.027883850840104415,0.45423575687762874,1,0,2,0
0.097206571640629,190,13,18,21,1.7800406049144106,0.45628864914439426,0,0,0,0
0.30728263731820926,101,6,9,13,0.4412083232104793,0.19254108583755913,1,0,1,0
0.5,22,115,42,0,3.8223842343385006,8.149411916241572,1,0,12,1
1.373946089939274,1253,48,1,12,0.07260874758397,1.7971013954632684,1,0,2,0
0.19673661327106798,613,19,14,23,0.10456971193051422,1.9582953329960386,0,0,0,0
0.2936584538182011,624,36,4,5,0.12806167606378321,0.11461518505691859,1,0,0,0
1.4727857917283345,183,29,5,20,0.05922741855357046,0.5696848592254122,0,0,0,0
4.6173707765051955,26,131,31,2,4.139288401489592,3.0660796565629376,1,0,16,1
0.005887836307241013,166,33,12,21,1.4058824268596943,0.8792341398394978,0,0,1,0
0.537133284692438,1548,8,29,17,0.02678569813764777,1.0160971002734767,1,0,0,0
0.7603978863268138,461,6,20,10,0.4169943817153791,1.5310237941421174,1,0,2,0
0.8956936153662441,865,48,23,16,0.1703030587331982,1.8797939640225252,0,0,0,0
0.9434916819182005,1226,11,6,7,0.15230491704407417,0.7453547217894219,1,0,2,0
0.02577456346178432,612,29,29,5,0.5809874499677615,0.820311614343195,0,0,0,0
0.7582596478962244,197,22,12,8,0.7732462401287197,1.8434583099783435,0,0,0,0
0.03595969222453063,1611,8,19,6,0.35303816015494616,1.413453522498078,0,0,1,0
0.5,20,48,67,2,0.8201401334995216,7.001223713664443,1,1,19,1
0.5,11,186,82,2,0.9779281465902354,5.855116274463825,0,1,12,1
4.5088209674860495,8,147,51,4,1.8720382014803065,9.179409943373496,0,1,12,1
0.009138090203248617,561,7,17,8,0.04158757982082818,1.9416163198342755,0,0,1,0
0.9967773492423739,162,29,16,22,0.0793036753710731,0.3354177703437424,0,0,2,0
1.7740357579350032,1524,28,18,12,0.3244097958829454,1.2831942121046933,0,0,1,0
0.054968625020327705,328,7,27,24,0.08377791113643986,1.9277850454151941,1,1,1,0
0.1003294101183558,346,34,3,18,0.012300893089084322,0.8832350084879372,0,1,2,0
0.17186303907754372,1747,38,15,16,0.23139327501600798,0.6759459328425417,0,0,2,0
0.7008333826570771,622,17,15,20,0.16987079163197327,1.734383355643251,0,0,0,0
1.0911259562007574,441,21,19,18,0.1734268511879113,1.0333713120742212,1,1,1,0
8.933100327450731,16,70,99,1,10.32323210514788,2.328671366404711,1,1,8,1
0.5,0,153,82,3,1.6256216610293128,7.2270301090238975,0,0,4,1
4.418598499614731,24,153,54,1,1.3767821081073348,2.3788240139560726,0,1,6,1
0.04521269384171654,593,22,10,15,0.1940027349625643,0.3682382859232425,0,0,1,0
0.8113636947089958,882,48,24,11,0.007547230460963674,1.7053463280874315,0,0,0,0
0.9561637658070381,375,5,23,10,0.12429459100732221,0.8295649226104667,0,0,0,0
1.438544517946248,100,36,27,16,0.4070248399174425,1.075691859347862,0,0,0,0
0.652184468947754,1601,5,4,23,0.35317642973804697,0.8628577980861853,1,0,1,0
0.8379250179324125,601,5,21,22,0.020988217030084667,0.9219484623100882,0,0,0,0
0.13838063272071474,1405,45,28,5,0.16179810636664663,0.05881015436090542,1,0,1,0
1.4148190680315362,238,41,13,8,0.8028903877186508,1.1155784037288161,1,0,2,0
0.22142639809327813,570,33,10,22,0.8395346605792673,1.5245633691557154,0,0,0,0
0.2726527999652429,1327,35,4,17,1.0131616966864312,1.1061245553891053,0,1,2,0
0.20331137802694857,789,31,13,20,0.7678097267923113,0.241310703620516,0,0,1,0
0.28839245065733043,813,34,28,14,0.9990006696732913,1.5495724708617777,1,0,1,0
0.23285212129259336,115,10,12,18,0.36709423806597785,0.8131857206279729,1,1,2,0
0.4624747976592281,84,15,24,7,0.20086666590974273,1.8591936334855033,1,0,2,0
0.5667921226890091,1220,46,16,24,0.5926854909205257,1.2895978637789185,1,1,0,0
0.06796863579916186,1663,38,21,8,0.5664799969907719,0.3193240870661509,0,0,1,0
0.4401655068179608,1691,13,5,10,0.09962786154633163,1.1815626812722122,1,0,0,0
0.7806367665995838,839,14,2,20,0.07413462660424068,0.427857588690554,1,0,0,0
0.03481220362865055,428,21,10,24,0.2275083299370101,0.5855875116944598,0,0,0,0
0.12990257845869702,1652,40,17,20,0.048845459810372825,0.17639730690813038,0,0,0,0
0.029345764110159756,751,7,26,2,0.5518073931464417,1.1688193541332819,1,0,2,0
0.1424645658403203,578,11,25,18,0.06948874193694597,1.6887912256787847,0,0,0,0
0.8228098766509944,1543,6,14,4,0.3998663330111819,1.9226684526552347,0,0,2,0
1.430004665746944,471,12,6,3,0.9706038056015818,0.04954235126629669,1,0,2,0
0.5095880552100825,333,11,10,13,0.09894958667121342,1.7445347672063092,0,0,1,0
0.9166247540494243,17,117,26,2,9.606060055376062,6.704248719777792,1,0,14,1
0.5176160301193583,1394,42,2,12,0.4599609845799412,0.28962910943317133,0,1,0,0
7.09391614521421,10,42,80,0,2.0737202797887084,6.999579527008822,1,1,14,1
0.15894378127310055,719,34,21,14,0.5139171711937942,0.9894708148043403,0,1,0,0
0.3313312823343072,804,25,11,8,0.652144152333213,0.8718962960806305,1,0,2,0
0.3496556702805214,1736,39,4,7,1.8423884729559512,1.2535616043085507,0,0,1,0
0.3584950451087789,1161,1,9,24,0.00813113987472057,1.0463065469344905,0,0,1,0
0.4405273574731803,390,27,29,20,0.1778796818678674,0.7200782621940209,1,0,1,0
0.15018050313172662,1027,3,27,22,1.1873023378594387,1.055849891564052,0,0,0,0
0.7926417040715162,1463,12,12,15,0.02770704762919898,0.585982952222095,0,0,0,0
0.11830862329469546,1210,31,28,4,0.03702038462571965,0.9172251504473043,1,0,2,0
0.3447070222438082,393,26,28,3,0.2723810633739759,0.4505463649988084,0,0,0,0
0.264772605401502,419,22,16,3,0.6444128101413849,0.6291129106388322,1,0,2,0
0.5,11,60,10,1,5.19213572859555,3.102432861175534,1,1,11,1
0.1561835961607561,1268,49,16,10,0.5173891704835819,0.2916383597152037,0,0,1,0
0.10985140508381347,1417,46,8,10,0.020944780993958214,1.9815625199334759,0,0,0,0
0.15869590716216558,1183,12,13,3,1.22307271282419,1.7069871436934971,1,0,0,0
0.06565386117233288,1085,22,7,21,0.2527400061564486,0.6927579746009167,1,0,1,0
0.2770027119866284,464,7,3,8,1.267994466794875,1.2751293710857212,0,0,2,0
0.02814377083401599,818,46,3,12,0.0316303167577617,1.024491560568451,0,0,2,0
0.01841518402577656,1104,27,3,18,0.24197728297841292,1.881447419776457,1,0,1,0
0.20983089700116714,152,41,1,1,0.06116845496112747,0.4257824118322191,0,0,1,0
0.5421168634826156,875,23,8,10,0.31649451964748904,1.410590435879283,0,0,0,0
0.5309106299150158,1487,5,19,23,0.2933496499349936,0.1488706453945956,0,0,0,0
2.1072526016175317,5,80,32,0,2.9948987711910675,8.568671609645833,1,1,5,1
0.1874180206459728,363,26,22,4,0.13315611901530797,1.8144197010610954,1,0,0,0
0.6981083881060721,651,42,7,5,1.7794227623109178,1.2481585758996527,0,0,0,0
0.3746586956263436,310,22,3,23,0.6134484251448362,1.9670831570430094,0,0,2,0
1.4611191176855813,1104,43,21,8,0.07568696467959304,1.6049122082524616,0,0,0,0
0.6765576782451039,1400,36,4,2,0.21599032847489,1.4259473792862443,0,1,1,0
0.14981273910731716,1696,47,5,19,0.44873734023855205,0.36186545566948203,1,0,0,0
0.04474333873134423,639,38,6,23,0.09439285388403829,0.5391085366459072,0,0,2,0
0.034999232823866626,1705,21,26,19,0.0683164725729533,0.27129904852015585,0,0,1,0
0.8849318856517205,799,4,10,21,0.00346939524884942,0.3094561503027171,0,0,1,0
0.5720045730248468,1134,42,26,21,0.41702311224639904,0.9321071487062533,1,0,1,0
0.035003423188720684,1510,4,4,7,0.35099552735220346,0.7134903970446269,0,0,1,0
0.8542681230521889,1225,24,27,7,0.5449088971038949,0.17166187002200606,0,0,1,0
0.7357339766307602,877,48,17,13,1.3480080214444852,0.5197390252598246,0,0,0,0
0.3210115781375869,1675,28,12,16,0.49802558968308663,0.5576651022626762,0,1,0,0
0.08551510249253341,1337,46,2,9,0.2692463325524323,1.497993969810047,0,0,0,0
1.3566236372587615,465,33,26,17,0.15195858976232027,1.7784854237734513,0,0,1,0
0.8278028148781994,353,6,14,12,0.44891642852710095,1.6941796258778745,0,0,0,0
0.6943781980027124,1287,34,14,10,0.16081273743684893,1.9613127452597192,0,0,0,0
0.021283059708177177,1538,47,25,14,0.0736807460230235,1.061198836881525,0,0,2,0
14.110439902720913,11,99,14,0,0.8318352097099748,6.09381743466208,1,1,3,1
0.20686721426098292,154,10,15,24,0.06498006365585453,0.25546111845086394,1,0,2,0
1.0483042751819582,514,24,12,17,0.11622326155142033,1.3948165480997232,0,0,0,0
0.08528308464195053,747,25,14,24,0.3218122946828442,0.7495505928269861,0,0,1,0
0.5,2,143,36,0,6.5378995427164535,4.458681738824865,1,0,11,1
1.0558951853774707,1224,37,21,20,0.9015665711543672,1.2551715326613035,0,0,2,0
0.011340586641273957,1233,43,20,19,1.4323284660103754,0.08148767567839643,0,1,2,0
1.5468529241937958,1682,13,19,6,0.7255018162021245,1.1463861931892985,0,1,2,0
0.6910777706523328,1313,9,11,23,0.06689659257079034,1.6619743439898598,0,1,2,0
0.08866606165694457,1392,44,24,24,0.11760725652838717,1.7607880530753859,1,0,1,0
0.025275465406118802,1342,5,18,22,0.07509336971081768,0.10284150496858935,0,0,0,0
0.1437755216095028,534,21,9,13,0.3726437638977955,0.047157901113193734,1,0,0,0
0.33204241012890917,535,6,15,15,0.9572003409402248,1.3784814439359157,0,0,1,0
6.639496250323916,17,128,64,1,2.5058913045340137,7.690825585497009,1,1,7,1
0.2403232311918166,650,24,4,16,0.03281426849815685,1.7233658647504053,0,0,2,0
0.15065917327534437,1770,26,23,24,0.5126892834488314,1.3607930583120118,1,0,2,0
0.053732691371896756,1493,39,10,19,0.30671115360412,0.019741864078455018,0,0,0,0
0.1686175885613864,1561,22,16,2,0.29158115611608787,0.18111222422139628,0,0,0,0
0.8217391843646854,620,3,29,14,0.2443894445896685,0.3025875913907812,0,0,0,0
1.5578381763766396,221,22,20,21,0.6740135105947243,0.5360484756399733,0,0,2,0
0.13095301511269733,1182,48,29,13,0.35008413392099436,1.695417436448239,0,0,0,0
0.18100446622064667,1125,24,5,4,1.8264912884034228,0.8307914126263616,1,1,2,0
0.4117990470082657,1473,2,13,2,0.9582520369878017,0.8981586899348173,0,0,2,0
0.16218168984630424,946,22,29,14,0.27825488486565436,0.8912535383070872,1,1,2,0
1.0283467612703483,823,31,21,17,0.4527121050602849,1.6358891975128809,0,0,1,0
0.05030510563140048,1730,21,11,17,0.20609485949048845,1.965635446990473,0,0,1,0
0.41230550769902613,1239,48,1,13,0.12248944726545304,0.5106592488168793,1,0,2,0
1.9928731198560126,705,48,7,5,0.13632477464099166,0.2774136674096368,0,0,1,0
0.33559288548973754,413,7,14,3,0.07979913929015739,1.562547508986898,1,0,1,0
0.6168135137033334,1142,47,12,20,0.6220183517094782,0.26567731356819757,1,0,1,0
0.0668718745581692,718,36,26,22,1.661162447071735,1.3826142856895631,1,0,0,0
1.1722958761403834,178,18,4,5,0.8571647367807937,1.081486094287699,0,0,0,0
3.0997232363090195,8,54,77,0,0.19214274598870068,7.302619431898103,1,1,6,1
0.06314669130403347,1327,3,27,1,1.1034875514113658,1.8721658690301048,1,0,2,0
0.09309676554186964,163,12,27,6,0.05018192057110781,0.6378581056319041,0,0,2,0
0.5174600686113209,1434,31,29,3,0.15177704613327644,1.3226218855971517,0,0,2,0
0.2607464969237068,813,5,29,18,0.27593782982181864,1.9604118818067031,0,0,0,0
0.5436971021808341,150,26,16,14,0.3031574386221692,0.34676389164582644,0,0,1,0
2.071042688225587,1613,33,16,23,0.38661627084042505,0.8797990191667109,0,0,1,0
0.4789477740754984,851,10,28,1,0.19896451057122488,0.8550548547258205,1,0,2,0
0.1422646193108916,264,22,4,23,1.1521402077435199,1.818154552860948,0,0,0,0
0.33207643780046464,518,41,26,22,0.06749378123835516,1.8169885026732724,0,0,2,0
0.13655943639142604,1323,22,26,23,0.10239996465657993,0.23950416254522144,0,1,0,0
0.6415338059369303,1468,3,22,5,0.1797821758908012,0.25271844994443193,0,0,2,0
0.467092486661959,1560,48,9,14,0.22320073777822383,0.6637488861615202,1,1,1,0
0.10033949437483168,467,23,24,6,0.62964869721546,0.6910735153913599,0,0,2,0
0.1110815628530355,1472,34,12,5,0.031155249386868394,1.727317021752582,0,0,1,0
0.13810717531501154,1299,3,15,16,0.39118550675337804,0.09893706957310977,0,0,1,0
0.6900806793106928,26,113,60,2,1.2369426225433584,8.899780020787961,0,1,7,1
4.823329945885441,29,132,83,2,5.681110457534663,5.291421932907723,1,1,18,1
0.0066585465381872235,1612,33,1,4,0.07612172726839822,1.6655271022979876,0,0,1,0
1.447780801560416,1783,17,28,2,0.4115285481976561,1.9113958820008565,0,0,2,0
0.9134851765064849,984,9,21,23,0.012226073409881254,1.4154243168376432,1,0,2,0
0.8651259519282751,1636,21,19,7,0.5043645409628019,0.2758554730045515,0,0,2,0
0.035752078534477316,1315,48,11,14,0.5128446439841354,0.06899944482208786,0,0,1,0
0.06169019611998802,1213,38,5,12,0.9597386614751415,0.09994345688565831,0,0,0,0
1.3589549632631626,276,37,13,3,0.4880039917095772,1.8852338049752781,0,0,2,0
0.29154917046590195,278,43,16,1,0.04629069892791624,0.6356287468035127,1,0,2,0
1.4478191298494596,893,49,20,13,0.30459857648843713,0.48077087114255934,0,0,0,0
0.059734920265010406,1690,39,29,16,0.10624099104175094,0.14324013132038727,0,0,0,0
1.7822305683231257,26,137,68,0,0.5938365876603667,9.293478952898777,0,1,7,1
0.7354843246016493,8,196,56,4,6.704393770322246,6.799490382072646,1,1,9,1
0.36524766249075186,1127,9,16,10,0.07384092499084054,0.707407916194956,0,0,2,0
1.163455676417099,924,26,29,8,0.00781863353689331,1.0843559561286518,1,0,2,0
4.454934750549399,6,75,52,3,1.5582728595205155,5.914202035009586,0,1,9,1
0.9783361188230992,1797,40,26,17,0.05740870010002152,0.2414822493906228,1,0,0,0
0.23565922182409701,1620,13,2,2,0.2792640859531584,0.7861922196298903,1,1,2,0
0.23884517238994996,823,34,20,15,0.1630338004898073,0.5288693799108546,1,1,2,0
0.7001400752795063,1359,17,15,18,0.40817721398002016,1.9109247760709513,0,0,1,0
0.5676279091766756,1284,42,20,15,0.04720213005415922,0.30340928417402324,0,0,2,0
1.9898049281654133,13,128,82,0,1.4774317496632114,8.465421125660622,1,0,9,1
0.3238516621463899,1576,22,25,18,0.027356233397329684,1.2151157648849884,0,0,1,0
0.10660666662369875,536,34,24,15,0.046239205467742184,1.9201515921886585,0,0,1,0
0.5989319409563947,677,16,23,15,0.9662826878858399,0.6421464000474575,0,1,2,0
9.913781214661924,15,56,66,4,0.1,3.4213296771205215,1,0,4,1
1.4232691912591067,18,118,38,0,1.6296526269053537,6.458458739669496,1,1,4,1
0.5580733072314863,499,49,9,20,0.17543016392785848,1.9880829050323034,0,1,0,0
0.18702976676938576,771,47,11,1,0.0718139463452627,1.1275685920384257,0,0,1,0
1.1787880918849596,119,24,6,13,0.007246635950261896,0.9469910706332478,1,0,2,0
1.1032438677425305,231,39,29,5,0.39833613938080903,0.15806869080234698,0,0,1,0
0.5081836242885043,1401,26,29,4,0.5349680749612399,1.2785834569215422,0,0,0,0
0.06388994881696099,215,15,12,7,0.16050651501453514,0.506391356911581,1,0,1,0
1.490729035782253,1518,9,21,2,0.35809900777859144,0.5798696254387352,1,0,1,0
0.46793064892154507,335,35,1,11,0.04628309476123246,0.42646233255507826,0,0,0,0
0.9904053533676791,1334,2,9,15,0.7071915294193548,0.5716494995099359,0,0,2,0
0.12453236102681323,935,11,20,3,0.04518313303864607,1.2154786514392453,1,0,1,0
0.11004654540075028,392,24,5,18,0.8874027887588799,0.803476007600874,1,0,0,0
0.3143197885415952,1428,44,23,9,0.028817114529937234,1.0021631050540802,1,0,1,0
0.5,29,190,60,3,0.1587322617198646,4.262241659317505,1,0,15,1
0.34914627410819726,1022,48,19,7,0.174893822091439,1.1915581568356346,0,0,0,0
0.37170617505635134,379,13,26,4,0.05314257086257345,0.006995912736602605,0,0,2,0
0.862534727349106,298,20,11,5,1.6416654410658404,0.23176846145328378,1,0,2,0
0.1457362238886478,1271,10,16,20,0.6374501598826382,1.2809465006264904,0,0,1,0
0.10169789661595642,1779,38,27,13,0.23035201925822257,1.2174551776010758,0,0,2,0
0.3701879781730222,821,47,11,16,0.18025990645526316,0.8393056204906997,0,0,0,0
1.8073834164996214,474,31,23,7,0.15250078648631463,1.9370554782941987,1,0,0,0
1.1725307614907208,888,15,7,3,0.2581687384864461,0.6709966363876565,1,0,2,0
2.0207545821933217,1,65,21,1,1.4705456421729288,6.5508810591127205,0,1,6,1
0.8485323753150265,1322,10,19,13,0.10272338833574145,0.09474945516280076,0,0,1,0
0.2662895875896607,66,18,10,14,0.04308870945016479,0.2878220652960788,1,0,2,0
0.9158574910844619,830,3,18,21,0.3939657241359867,0.383460673484215,0,0,1,0
0.5058647754637747,1554,44,4,5,0.7026299975351112,1.8627225371546363,1,0,0,0
0.006115634704485624,898,27,11,18,0.25861767416251163,1.0802901249682084,0,0,0,0
0.07281174616908806,956,12,12,12,0.3257426785860992,0.5958575961624313,1,1,2,0
0.5072687241023079,1614,49,13,1,1.128532554787797,0.4623339188308304,1,0,0,0
0.7376072630217567,1090,22,1,16,0.41247985916863494,0.4480792866540353,0,0,2,0
0.001,461,29,5,23,0.1758214097235109,0.5125023183411901,1,0,0,0
0.8104616792659691,20,62,68,1,1.370561646816098,4.326903044433068,1,1,4,1
0.1598455812792035,863,9,15,14,0.9735409029527076,1.1902331298933564,0,0,1,0
0.6658151420830952,292,16,14,1,0.35292115222412,1.8713964152112517,1,0,1,0
0.23858371855087687,1205,39,26,13,0.04606501746333572,0.9918066661919436,1,0,0,0
1.6419870031601005,5,64,90,0,0.866929059724536,8.93722520482136,0,0,12,1
0.3009069393585895,1290,8,17,3,0.8354321641906385,1.4667384990050294,0,0,1,0
0.18946531280202564,1337,44,29,4,0.060808547833504825,1.9321802500801555,0,0,1,0
0.6013860454390005,239,36,1,9,0.4054694555587416,1.0168973727575954,0,0,1,0
0.49383708650401104,745,19,17,3,0.7219620249795393,1.3608087334777392,1,0,0,0
0.5467898419608366,684,13,13,14,0.2192256925196451,1.7589870498922984,1,0,0,0
0.504057268020456,1036,46,10,3,0.12121618244275006,0.9109547553132302,0,1,0,0
0.17401107273569383,626,12,7,15,0.13691800653074648,0.7876246153206263,1,1,0,0
0.07112982420315835,790,41,22,16,0.05400974796855982,0.010948439967416013,0,0,2,0
1.0539845504791698,305,18,17,6,0.639355596486924,0.051433804807317296,1,0,0,0
0.29808148693756925,391,28,6,23,0.18490938916605948,1.7397762765680753,0,0,1,0
1.1809382522213827,1109,25,14,6,0.39128562613835244,1.2854307095441384,0,0,2,0
5.146004645253017,22,106,67,4,4.402416380286321,7.825630672622913,1,1,18,1
1.2579388563121465,190,34,2,13,0.11710750822197434,1.424644650070521,1,0,1,0
0.027074890317307063,1017,44,1,15,0.8454397671371542,1.5777746566912765,0,0,0,0
0.03237040232941339,97,24,13,11,0.6830622948636109,0.8861125738798588,1,0,0,0
0.4564712768879766,1547,27,8,5,0.46033043209579766,1.2560183578314386,1,0,1,0
1.6458624862181985,109,30,28,23,0.06132154578027699,0.15458607702816973,1,0,1,0
0.09170099370718936,1434,37,6,18,0.7383838451547066,0.636396827570644,1,0,2,0
0.018617170928836083,1263,21,11,16,0.3858692343791704,1.0115912485076313,0,0,2,0
0.8799122932707446,1591,40,16,21,0.3231353222212903,0.30502856659908306,1,0,2,0
0.3326547411187799,246,5,9,15,0.010849377529269824,1.188550229972578,0,1,2,0
0.481500917029276,1689,19,8,5,1.0321569735965943,0.9343386218642591,0,0,2,0
0.015487531050737273,1550,8,19,15,0.07610111652642165,1.9380810888282973,0,0,2,0
0.011032524677500766,566,4,12,3,0.16283366560326118,0.14164798946523116,1,0,2,0
0.1032458727272902,679,43,12,17,0.6776328462427739,1.5513456141449167,1,0,0,0
4.846554006996508,13,186,36,1,0.9085087988042352,6.580042261864813,1,1,18,1
0.8488013022828795,1451,23,25,20,0.22145811820697028,0.6261920669893968,0,0,2,0
4.070725054021937,28,137,46,4,0.5793628049847606,4.076282582217521,1,1,17,1
0.21352688074272708,219,7,3,7,0.2283136853944337,1.1131907258470153,1,0,0,0
0.2771325162598201,813,39,15,12,0.31972488384753095,0.11284116941443756,0,0,2,0
0.10141294705686756,682,31,3,4,0.5929952956991625,0.36604008039333014,0,0,2,0
0.17790593565488702,1001,14,13,21,0.7726681105110641,1.310185390248621,0,0,2,0
0.1817426806988615,1188,23,20,5,0.2750275096748596,0.1929742140991011,1,0,1,0
0.5400960749969443,1519,29,6,9,0.005634037081402513,1.6058357859204433,1,0,2,0
0.23247762454706578,1426,26,15,6,0.6027485376268493,0.8576788792414822,0,0,0,0
0.21593774713247765,581,26,12,2,0.23631284576308206,0.6927125445428408,0,0,1,0
0.4406769355330026,525,41,13,8,0.04450341953647487,1.040996843006507,1,0,1,0
0.10922372370056546,1159,12,20,12,0.10390041869279852,1.5712097527180733,0,0,1,0
0.7099017377406354,592,19,2,22,0.1427732695503063,0.6361386502359747,1,0,0,0
0.7506212702273128,618,49,16,4,0.172385837321673,1.1229691326646378,1,1,1,0
0.30093629376171926,914,17,23,24,0.13404986298673738,0.7627044376524699,1,0,2,0
3.2266459237259246,24,23,42,2,1.340667285744443,7.037323093156941,0,1,17,1
0.1951919014407372,271,12,20,20,0.16715146121188584,1.0833938791761106,1,0,1,0
1.1274584490295103,388,6,9,17,0.0027053535171934397,0.8474165381820664,0,0,2,0
0.689528133814556,1086,24,8,7,0.25074297324679795,1.9071197634659438,0,0,1,0
1.8074087681393878,846,27,20,8,0.11919881231706958,0.43581724341179373,0,0,0,0
0.02058298571776215,410,15,9,23,0.0799635199989022,0.6607566614285165,0,0,2,0
0.2053753019673825,1742,26,22,10,0.350156963999437,0.04428693033214648,1,0,1,0
0.2173408233689405,104,20,21,15,0.002827390576588761,0.7779085803413912,1,0,2,0
0.34282688510986775,208,9,23,9,0.188882340077571,1.3818383522016393,0,0,1,0
0.04439718636719816,705,29,11,13,0.09683523413169799,1.0557601607641969,1,0,1,0
0.23676635051643705,96,42,9,16,0.18299961276414878,0.37794778159424514,0,0,1,0
0.5894032514100096,1396,34,27,13,0.09806740434400614,0.033039223199923695,0,0,0,0
0.4777079176162458,563,29,10,3,0.789590309461996,0.9856609470680975,0,0,2,0
0.12383941559485626,494,26,28,8,0.5294489891751626,1.266889456577489,0,0,1,0
0.8093406719431021,237,31,4,8,0.12228135741491096,0.34775936481892544,0,0,2,0
2.8474367003721666,1539,19,3,11,0.12080349533490774,1.915540847783599,0,0,0,0
0.7958986178905575,837,31,16,3,0.0505340253268043,1.518998993755151,0,0,2,0
0.5385569647955132,1218,4,25,1,0.2697640531456452,1.7510470464409364,0,0,1,0
0.12340692840005446,1042,18,2,1,0.08563489866681646,1.7975581105004672,1,0,2,0
0.5649598190940284,253,6,15,14,0.15247817444136813,0.5785505263407416,0,0,1,0
0.6370784946546824,1482,1,19,14,0.8897649537231008,0.8227068345097142,0,0,1,0
0.2200070646615562,355,45,27,5,0.73568369165382,0.3314209741432528,1,0,1,0
0.5035785938485179,137,29,17,3,0.15962987661449002,0.31810185720588224,0,0,1,0
0.05344356102718182,687,26,9,10,0.6012163443834188,1.5334627812346673,0,0,0,0
0.04916897838327784,615,7,24,17,0.38081736464765364,1.2001520373096397,1,0,2,0
0.04137534367389874,630,34,27,16,0.06763645558187194,1.9499609511628686,1,0,1,0
1.3158123693340265,20,121,56,0,6.0625027388105295,4.834011526775189,1,0,7,1
0.4022207082914743,618,17,28,24,0.5981769175950419,0.28655785579376136,0,0,1,0
6.250525103771501,20,177,77,0,11.963833432689475,3.8131651023524746,0,1,6,1
0.5812283324510086,1089,41,23,8,1.1551159408328506,0.3319277838673165,0,0,0,0
0.07473003303375828,1711,38,15,7,0.5819207179055971,1.3675169008639363,0,0,1,0
0.5683164789465158,1333,10,21,6,0.5611374153073417,0.47262033314758356,0,0,2,0
1.6543327222513542,11,132,52,3,2.316289239869846,3.354825107837221,1,1,6,1
0.7397320236732035,1795,29,29,6,0.6767286616005914,0.09271253266529511,0,0,0,0
1.1635056661237526,289,46,14,21,0.23078925750090123,1.5852418764148106,0,0,1,0
5.058064113749973,13,50,79,3,0.13953182673924922,5.007348263778753,0,1,5,1
0.9084540907357626,1215,19,18,14,0.6524135450701412,1.2137721503834307,0,0,0,0
0.39883435869174033,138,30,14,5,0.12667496955648525,1.3082407306760353,1,0,0,0
1.8187050515808998,23,181,53,1,1.0925479428219418,2.6266244489491433,1,0,13,1
0.055735924525655754,1691,39,4,5,0.15644524787767705,0.6526681363642088,0,0,0,0
1.4219999253675377,25,87,10,0,7.596888433409683,6.540237354279534,0,0,11,1
2.8204971733302213,2,155,24,4,1.1564588018289954,4.703158728878527,1,1,14,1
0.044301967334239266,434,42,29,8,0.4483424559254175,1.313254488336526,0,0,0,0
0.03724099362783249,1242,25,18,9,0.21227409380676893,1.6670856683019215,1,1,1,0
0.19081707950429525,560,36,21,7,1.2668202497829573,0.5164292209085852,0,0,0,0
0.16060669152345083,375,15,29,8,0.07882304921742332,1.3611896892411999,1,0,2,0
0.5003748524175631,253,23,14,19,0.08525607658583452,0.6957051118844388,0,0,0,0
0.5,0,198,79,4,0.5746816206311305,4.930395898338798,0,1,15,1
0.48798377782835345,500,49,20,20,0.22112513446763413,1.9429141357525306,1,0,0,0
0.351232516592031,770,12,28,23,0.15653421362824796,0.39004342932139346,0,1,1,0
2.9875808265307198,7,28,52,0,4.858045257091133,5.500532517118405,1,1,9,1
2.113881537327755,5,141,49,3,0.549035533735635,5.916905635936923,1,0,12,1
0.6127208040387446,927,13,2,22,0.24188286525944364,0.37944516945976825,0,0,0,0
0.538148167829442,0,111,19,3,15.434404595417124,8.243679614292423,1,0,15,1
1.3559774851595836,1164,38,5,12,0.22024413537981025,1.9877685015554463,0,0,2,0
1.7032884094513745,1646,33,9,24,0.38700605701276597,1.7775791766278195,0,0,0,0
2.0514872605278813,10,134,45,3,3.7127364439155515,3.4736754788384356,1,1,14,1
3.605319144967793,25,163,64,1,5.3788235849235635,9.970539042951998,0,1,8,1
1.0223400900512183,1169,40,18,22,0.08742672821280263,0.1755812514376851,0,0,0,0
0.7035212972685244,1730,32,1,17,0.7034408393706697,1.2771444610081248,0,0,2,0
0.6165009603393448,905,49,18,23,0.0043549413556389915,0.5599363820770797,0,0,2,0
0.880855497633712,1282,38,23,9,0.19048381308886855,0.7312756618155134,0,1,2,0
0.16762483819054086,1562,35,28,14,0.09146266005271475,0.695817346974489,0,0,2,0
0.690372311883699,322,5,12,17,0.12013660021479247,0.6328576067122527,0,0,1,0
0.7645978256567997,1599,22,3,19,0.3751502463740346,1.5614669664057084,0,0,0,0
4.7036435226325874,12,121,76,2,1.683209743460253,3.325178436152246,0,1,14,1
0.8787477040994844,660,24,24,24,0.2074106807471856,0.15125022669235033,1,0,0,0
0.5,12,185,66,3,0.37280822829252513,9.952496585622288,1,1,6,1
0.5429050831975156,1498,44,11,5,0.49208749258259443,1.280823928829467,0,0,0,0
0.5,26,137,47,2,0.6770481730837185,7.096805534267533,1,1,8,1
0.8867058905246183,7,22,91,4,0.37104151989609546,5.659639929737722,1,0,7,1
0.25835477712548166,1452,8,18,14,1.004074693176321,1.432176069525091,0,1,0,0
6.472375445915859,27,63,77,1,3.5532509716176177,9.774762002522909,1,1,10,1
1.4124902591279567,1609,28,8,9,0.5417965201437969,0.6200049857598218,0,0,0,0
0.0026638211927366017,1219,5,4,4,0.8518845315642042,1.8632982219562557,0,0,2,0
0.23375903332502093,1426,13,23,13,0.5939933503216595,1.943180382525056,0,0,2,0
0.04829233816040338,1082,9,28,8,0.3989548493653167,1.0653867192374114,0,0,2,0
1.0334531706338834,1131,3,10,13,0.06336339469599957,0.3671821406088842,0,1,0,0
0.3998449535949602,813,22,17,6,0.05759769755125598,0.0591945464242607,1,1,1,0
0.10030199191999581,240,37,21,5,0.4443372770804554,1.8607861393024165,0,0,0,0
0.24392165568190227,215,35,19,7,0.031010366691233866,1.0214857232998167,0,0,0,0
0.3189976861234839,512,42,21,20,0.2037271937933484,1.7268920603447313,1,0,2,0
0.18282441654349263,937,21,4,4,1.4944771577755072,0.026903058609429875,0,0,2,0
0.05811872709759625,618,9,22,24,0.19439140024512233,0.7243982817395287,0,0,2,0
0.04648176449809847,760,27,16,4,0.12415633919786695,1.2033860207654365,0,0,2,0
1.1443258602637754,1692,12,6,10,0.23484051689730065,0.24128843725460625,0,1,2,0
0.5,24,156,85,1,0.29145687988693003,5.826273061155071,0,1,8,1
0.40661716639259393,91,47,4,23,0.36511897305566454,1.5666668669937251,0,0,1,0
0.5,28,70,92,1,4.320395072856703,7.255558306796802,1,1,12,1
0.3324103924119852,732,5,27,17,0.9478487964416559,1.2636233271697654,0,0,2,0
0.23463404498842955,366,29,27,15,0.8633972356052606,0.18096444307586568,0,1,2,0
2.0889632975084726,1547,11,21,21,0.06380982211186777,0.11109221624320598,0,0,2,0
0.5569147695866251,642,11,15,10,0.40660420282639714,1.353621596572246,0,1,0,0
0.49156249739136426,1681,37,25,8,0.7352532812299568,1.6166608237585645,0,0,1,0
0.13131870272678842,756,23,15,10,0.11860852868610344,0.8175893460161621,0,0,1,0
1.5803294434293498,0,108,55,1,2.657543641427094,7.8975038771141595,1,1,12,1
0.22214106120466734,685,11,22,17,0.5352135078418544,0.019105553233938144,1,0,1,0
0.09883294682328686,1686,11,14,1,0.4603678507637435,0.5584554706110558,0,0,1,0
0.3161771847914631,981,48,7,24,0.4181521079298703,0.027767319382641542,1,0,1,0
0.2020751043452489,665,20,24,4,0.0029221130776594176,0.23882448481322927,1,0,1,0
0.10561582528956232,1746,37,23,11,0.40586025146288596,0.9918540455098723,0,0,1,0
1.2132229937348,5,116,17,3,2.648855104544381,4.822652025899498,1,1,13,1
1.4082062314915524,166,30,5,24,0.4964431581341228,0.09441663299176684,0,0,0,0
0.09417677338678562,814,49,6,1,0.12550413188159548,0.3157434281888185,0,1,2,0
0.6694564392173502,1437,17,3,1,0.3568557051063104,1.7750143802362575,0,0,0,0
0.12558366913791225,816,23,28,17,0.19589514734249605,1.4903577984267973,1,0,0,0
1.4702572425907543,299,49,9,24,0.26968483650757585,1.5833679310163287,0,0,1,0
0.963394883878329,1360,39,1,11,0.3295319908686091,1.8947961726940925,0,1,0,0
0.6074832639664823,1616,33,3,8,0.29808932824377593,1.6749624012030657,0,0,1,0
0.07892434912818772,138,10,28,11,0.3968783779222974,0.7869961711644389,1,1,1,0
0.14829226243266203,1625,33,25,12,0.24701211740531975,1.4782265133419994,0,0,1,0
0.4918228864824997,234,42,1,15,0.015872170111332514,0.2574729648239431,0,0,2,0
0.029390553364981354,1263,23,13,7,0.34270967081859305,1.8410567928937347,0,0,2,0
0.04708768043237807,1597,21,14,22,0.7558544800386335,0.11659115011115162,0,0,2,0
0.06824233336465611,1050,31,9,21,0.45465373497471284,1.1203309810905875,0,0,0,0
1.6595920786641,434,11,2,10,0.834262338840444,1.1357382623995946,1,0,2,0
0.1496018232280249,1414,46,12,2,0.15852152500174463,0.482058517512719,0,0,2,0
0.10037317851724081,1501,10,9,6,0.9857811237015183,0.9784521737412704,1,0,1,0
2.8140163830237026,13,81,39,1,1.7913781336633974,7.9669975327770395,1,0,13,1
0.30711302767106774,887,20,22,18,0.5912924798203054,0.5607500132410141,1,0,1,0
0.2127248644659102,276,28,19,22,0.8038559526046554,1.6879993948539926,0,0,1,0
0.5044968972670079,1798,40,28,11,0.1596500589942332,1.885200546717364,1,0,0,0
0.5739083344354255,502,46,11,9,0.09549034502184683,0.33238411090883413,1,0,0,0
0.52944987304611,975,29,26,16,0.15227344407333998,1.9122019252729234,1,0,0,0
0.8619669529794813,241,34,19,12,0.14906319038929736,1.3101488660023775,1,0,2,0
0.010275405317682843,837,4,15,12,0.11343112888456229,0.6922858528685845,0,0,1,0
0.2849370162666727,108,41,13,22,1.2026959271507027,1.8936358364803125,1,0,0,0
1.6306979171037228,0,130,89,4,3.8834427346634612,7.66673514595268,1,1,10,1
4.041703294841827,3,136,33,3,0.818306989585429,7.59869435632072,1,0,19,1
0.5691242631366281,1405,1,29,15,0.30025649772413104,1.6423046735162188,0,0,0,0
0.3215205269135781,1343,8,4,10,0.1879847071839806,0.9321792328584062,0,0,0,0
0.28287616345110406,578,35,20,7,0.014743860332744253,0.5907551903507215,0,0,2,0
0.3743737779397671,1602,13,27,24,0.06266343108316778,0.9512723946185531,0,0,2,0
0.675017124176835,1309,14,11,17,0.3320367587844573,1.2909853847228752,0,0,1,0
0.26078872281344023,287,25,1,11,0.16618975551814785,0.06912243766879334,1,1,0,0
0.22713909845272895,1059,18,15,6,0.0014053265139964992,1.4358151327177682,0,0,0,0
0.0873109979039669,734,40,6,7,0.15138506371859334,1.7579042461642245,1,1,0,0
0.18678127569790023,1105,3,11,3,0.12166981434772367,0.8756974188853932,0,1,1,0
1.4600862742053213,828,4,16,22,0.6426714714552557,1.8721261520048518,0,0,2,0
0.26715465828381085,733,48,16,19,0.3788258983447418,0.4615430889280978,0,0,2,0
0.11549469593972321,99,35,10,21,0.3384567621221677,0.7784442630446871,1,0,1,0
0.24161768470458903,1613,33,17,7,0.5216814761755331,1.180330254902069,0,0,1,0
0.7213101899608106,112,48,27,9,0.31070973899203774,0.7744705127296168,0,0,0,0
0.26292982223257094,460,23,27,21,0.27566225482198187,1.8456961382964145,0,0,0,0
0.42275839918769226,387,29,18,14,0.021088257978349904,1.048526955392336,0,0,1,0
0.8462655938873602,1355,6,26,20,0.3770305389620218,0.5402931937962074,0,0,1,0
0.3105766397295583,1199,34,9,11,2.586827534976706,1.2596028241832504,0,0,2,0
5.963948514947694,1,95,91,4,0.584306592182713,4.230648695164234,1,1,4,1
1.4368905570820396,28,181,29,1,1.447042581012491,4.125430385011239,1,1,6,1
0.12311262797046667,819,46,3,8,0.00828175739729021,0.8202991093451668,0,0,0,0
0.026534635203115317,1149,38,3,17,0.09237347500717975,0.377924923983616,0,0,0,0
0.36541722895348155,1065,16,5,15,0.07653419779572171,1.7464704136342426,1,0,0,0
0.13303058297974837,1249,43,8,21,0.37832381659550957,1.9848243663158596,0,0,1,0
0.35521858856709504,676,27,23,17,0.45389960732138324,0.8957983850461271,1,0,2,0
2.1202890213218057,566,22,15,12,0.05119809855145451,0.44136437632786185,0,0,0,0
0.30092162415096546,1420,24,23,19,0.12922397461182397,1.3045673034043697,0,0,2,0
0.25290371555329955,607,22,13,1,0.5812946205966737,1.4755717787059965,0,0,2,0
0.3084222272317241,1008,7,29,22,1.0267030005169244,1.5318831727674558,1,0,1,0
1.009810319110265,1190,4,23,22,0.7194913886544071,1.0577611755311866,0,0,0,0
0.7347806365936591,955,26,26,12,0.030523667692535686,0.06686594870765683,1,0,1,0
0.4888960345326871,1313,13,21,24,0.9022500678095606,0.04957666407377692,0,0,2,0
0.09138119462839928,367,23,21,14,0.7063289474954972,1.8486899110062025,0,0,1,0
0.3060275389584907,1356,46,1,15,0.09112404920754702,0.5922832942738157,1,0,0,0
3.385970488130055,28,192,24,3,0.10239238868515009,7.17719176138612,0,0,14,1
0.4042667988124749,809,16,12,10,0.2791234552586186,1.867799394747745,1,0,0,0
0.029087772363518068,1009,37,21,19,0.08321420732282597,1.2816924657928832,0,0,1,0
0.1395045915051384,962,10,7,8,0.07745694880566759,0.5222344886432151,0,0,1,0
0.5,1,61,66,3,2.8663130792154456,6.310282263212828,1,1,11,1
10.78263392363027,4,77,47,0,2.1262462578296377,9.868648531607503,1,1,5,1
0.2542999078347839,1235,23,3,19,0.04530055998990658,0.7465432997920154,1,0,2,0
0.2815296984773289,361,1,18,9,0.8232436842695483,0.4272985015332733,0,0,0,0
0.4074734519277519,1689,48,25,16,0.9012739731741052,0.47047505494889075,1,0,2,0
0.33399841354523957,1750,32,24,17,1.4248451521726162,1.9739545433513983,0,0,2,0
0.8643375877049688,322,35,13,24,0.03984340113730173,1.4681178019382721,0,0,1,0
0.45954107681363227,246,36,5,7,0.16519307998346985,1.2320355837627244,0,0,1,0
0.3385660782388388,1598,1,28,7,0.625515663717411,0.04534266376365781,0,0,0,0
0.9332306533752659,83,28,25,10,0.8138824813328743,0.2482230549897133,0,0,0,0
1.152614849452147,606,23,16,17,0.12986595243154278,0.3806940585868901,1,0,1,0
6.504955513102715,16,185,29,2,2.7987388990799005,8.52862360674445,0,1,15,1
0.7112056675187441,1001,23,22,23,2.313000432938089,1.52580166517858,0,0,2,0
0.2876597814142156,104,40,24,6,0.5836639956333364,1.2326753344722536,0,0,0,0
2.4509384422365454,17,24,75,3,3.002063321933941,6.272706317523241,1,0,13,1
0.1758689906150494,1458,23,28,10,0.05884036467869119,0.015382071954623822,0,1,2,0
1.5749390742823002,7,102,99,0,3.453407872028743,9.825959181486535,0,0,17,1
0.0030327002961936713,332,22,13,24,0.88012140267896,0.7691462087536036,0,0,1,0
1.1230592562327946,1751,37,17,10,0.14398960130245683,0.7470152594564048,0,0,2,0
0.7332114145921433,116,32,1,4,0.1990123064971306,0.22136562407097182,0,0,0,0
0.5,7,50,46,1,2.503676529809067,5.7271409907366415,1,1,6,1
0.12556313986525486,649,2,29,5,0.07872881148696377,0.8242874514614433,0,0,0,0
0.9771025143988216,1490,48,8,24,0.1749307736322354,0.37494854742728134,1,0,0,0
0.2896775928236257,100,3,15,5,0.35129638293207055,1.0318900564525715,1,0,0,0
1.1329418709963628,19,106,79,1,0.44277402496342233,6.65047280005125,0,0,9,1
0.6986101958130321,1730,44,6,14,0.10158908784552644,1.5718730148989006,0,0,1,0
0.3493648085488875,1700,4,15,5,0.7265307883425098,1.8979776285993928,1,1,0,0
7.259656470268672,17,56,37,1,0.7012255168037916,7.311964669957793,1,1,9,1
0.9867608311476017,138,44,1,9,0.5994418721944713,0.2532341930615387,0,0,0,0
0.4807677386100961,200,18,17,20,0.3194223160656361,1.7246974988983141,1,1,0,0
0.09426809002664525,562,34,28,8,0.15484105751827795,0.0044436866592934,0,0,0,0
0.5,7,77,36,1,1.0106707978529323,6.186140035316315,1,1,4,1
0.48719222979999216,1620,39,4,9,0.11241194621003806,1.7561184486004633,1,0,1,0
0.5070925892504657,1357,26,17,4,1.2355698416141827,0.836799119272656,0,0,0,0
0.03486296369738066,799,14,6,23,0.22529840521619837,1.2346004048277175,0,1,2,0
0.20750068236564306,1676,25,18,23,0.6666306993211474,1.3192147927947906,1,0,2,0
0.5,28,89,64,1,0.7651471108195589,7.558193387729623,1,1,6,1
0.0432141378359218,658,23,2,6,0.6527581857801306,0.7535251624927042,1,0,2,0
1.0252661055974095,303,45,2,11,1.0608037664726664,0.8548868530146849,1,0,2,0
0.18164392998437914,238,36,27,14,0.15412214839141297,1.6013158174502307,0,0,2,0
0.16790726609283696,1659,48,7,24,0.3608745777947875,1.9100186498567295,0,1,0,0
0.08999279181827366,1199,15,11,23,0.006885083571762946,0.21079281158480367,1,0,2,0
2.4474017579172465,199,43,10,15,0.1424002127119454,1.6106871950974238,0,1,0,0
0.17917788286239883,1776,7,10,11,0.9432277643115619,1.4781905808202669,0,1,1,0
0.3112427926346777,1488,14,24,23,0.028904151650147633,0.29687480724928106,0,0,1,0
1.4211653689404442,4,106,87,4,2.785791489470106,5.70672499561296,1,1,19,1
0.3773346094893144,783,12,10,11,0.7278338952043021,0.9398722676885443,0,0,0,0
0.22485084001704272,849,4,2,10,1.3282815420175296,1.8589883348401615,0,1,2,0
0.04881601169356458,1224,40,1,19,0.3567746711838475,1.9256657192387454,0,0,2,0
1.3058313815210394,86,40,10,4,1.7045051467676782,1.897600501592602,0,0,1,0
2.772094977033328,3,69,67,2,7.323771618352949,6.785657718751705,1,0,3,1
0.39719719786681285,1364,15,17,24,0.1769414329778572,1.001217367440198,1,0,2,0
0.3613612412246386,1285,11,14,12,1.0284407092849488,0.5279342735681714,0,0,1,0
0.001,425,33,8,20,0.10556696938902987,0.39466502708280804,1,0,0,0
0.8176094997440988,679,5,15,14,1.0880861880321622,0.08295457389992023,0,0,1,0
0.18997274431331454,1737,17,5,24,0.48561978514926385,1.069986134573673,0,0,0,0
4.9753729173723755,5,167,97,0,16.237794004991148,7.603811994233746,1,0,7,1
0.019559567061267456,293,9,25,9,0.42854507992075563,0.1238404864328182,0,1,2,0
0.6893083141025073,720,46,22,4,0.312818539720368,1.1384870075975146,0,1,2,0
4.830601896722927,25,107,85,4,3.5459129524008013,2.396723051197891,0,1,19,1
0.028677315502696185,105,34,8,21,0.29472742474539076,1.3063077903677722,0,0,2,0
0.201245024322056,1255,38,20,2,0.07518635154791209,1.7516536949144588,0,0,1,0
0.40524914955781033,1403,30,18,10,1.5982214526771568,0.5868202147773125,1,0,2,0
0.16058758829254643,1324,41,12,11,0.4495763103251553,1.0431903550904562,1,0,0,0
1.3235578763142397,1429,37,29,8,0.31852358586891594,1.758564634859029,0,0,0,0
0.19977486950220763,765,49,29,24,0.32769021601227544,0.5262981671085374,1,1,2,0
0.47660634293175047,66,1,14,8,0.2219784878386466,1.9066386208950228,1,0,0,0
0.13884640163032666,1111,17,15,3,1.0327787795991676,0.041442434137916484,0,0,1,0
0.3670554479546143,1028,30,10,13,0.26545143529312837,0.8172580274385663,0,0,2,0
0.6904449639590402,989,30,22,23,0.010364434446637968,0.2754985532405958,0,0,2,0
0.4430861412658695,1509,2,20,23,0.29829537905709186,0.9740855887260136,0,0,2,0
0.5637799722553777,1008,47,12,21,0.18736223006989594,0.32828278722278514,0,1,0,0
0.3662691544645326,1042,48,29,14,0.777538373294517,0.6792937203912592,0,0,2,0
1.1055023720907293,1577,16,24,16,0.05751536772344249,1.5196956658745926,1,1,1,0
0.7656828242916668,164,25,1,19,0.1559956492769372,1.6235610465316515,0,0,1,0
1.7816759407593752,1,174,59,3,4.304533549843933,2.67800721224651,1,1,4,1
0.5,6,105,50,1,0.8160307387307977,3.363153404465069,1,1,8,1
1.2172779697617995,1545,48,14,5,0.5165041030570358,0.8139220766380262,0,1,2,0
1.6670484262668803,1145,20,13,20,0.42936049780369717,0.10958226871267374,0,0,1,0
4.749084970114692,24,85,71,3,3.219843201546455,8.627240251010663,0,1,9,1
0.06130682839680343,410,41,21,1,0.092142427173403,1.0800774345663942,0,0,0,0
0.7637529896761742,1013,40,9,4,0.5022793789975566,1.6094571866430665,0,0,2,0
1.2019038653921694,1074,26,4,9,0.19514995996657505,1.9813519556516166,1,0,1,0
0.06900073287920482,1001,26,8,4,0.12835572178757654,1.3870003055516344,0,0,1,0
0.38824850338883565,725,48,6,13,0.04984274343114048,0.9597421202205534,1,0,1,0
1.8785213365717133,15,147,39,4,0.17362625836726558,8.844656784803366,0,1,14,1
0.7840477129159646,1442,37,20,16,0.1891646525697343,0.41276492924328423,0,0,0,0
0.6629646409861012,677,36,26,21,0.40546931672375064,0.5054720138652322,0,0,0,0
0.8726736769711309,1357,8,5,23,1.1491421064243506,1.5831969309490297,0,0,2,0
0.18555649638479457,750,20,23,19,0.2697767874260869,0.9815420314949985,1,0,1,0
0.21977423886142675,763,25,26,4,0.04539782365371467,0.8748978388496698,1,0,1,0
1.9051427576397946,10,107,77,1,1.167542369525369,3.0861084974326536,1,1,16,1
0.6883886564684697,1309,8,29,11,0.5934376091879792,0.7665088672651279,0,0,2,0
0.4701223804557453,148,48,27,12,0.8555304804515592,1.8224520680072682,1,0,0,0
0.12273765431517149,1345,18,9,20,0.4257765064601873,1.1538548699449966,0,0,1,0
0.04702321464483385,1789,8,14,11,0.3722351305096529,1.5551744034353576,1,0,0,0
4.836793977809866,21,119,44,4,2.3417166464160784,7.7936751776914175,1,1,6,1
0.6461681843451471,1046,32,6,5,0.22512508587782523,1.95441159405619,0,0,1,0
4.7382936996913525,11,65,88,0,5.672746771962761,3.2964329316251915,0,1,11,1
0.5704979103686202,1662,14,24,3,0.11314952846598883,0.9699215713067917,0,1,2,0
0.040164619899309466,82,30,14,6,0.09180764516665699,0.6659237506721181,0,0,0,0
0.29647245352131807,1123,19,24,3,0.15387154304522715,0.7771105932734368,0,0,1,0
0.19009619755987486,453,4,7,12,0.10764713139563478,1.19162346883795,0,0,0,0
0.7777885788656753,387,13,23,22,0.9107539641670077,1.899413892414648,1,0,2,0
2.4235839809153394,16,95,86,4,4.161388304538084,3.7435865026135575,1,1,18,1
0.07570165104476356,834,13,8,8,0.9188050505249281,1.992655016038052,1,0,2,0
0.6002375118285905,820,48,7,10,0.1713375337391767,1.7411979854700703,0,0,2,0
0.28133710460778255,182,12,8,4,0.1085677631833711,0.016150657544975022,0,0,0,0
1.4269124523234293,11,90,71,3,2.591165410406785,7.8367392644073774,1,0,14,1
0.45525664613706,886,45,6,7,0.5983524293086001,0.7631373865800699,0,0,1,0
6.7984965716613335,22,151,26,1,7.409060747829796,9.393646586148392,0,0,17,1
0.1571020179665576,785,48,20,3,0.4293292740783546,1.3022357562055957,0,0,2,0
0.5,15,26,80,3,3.280335869894519,5.753999110089829,0,0,9,1
0.1285820059351419,144,26,19,14,0.10140612795735178,0.42832068786634236,0,0,1,0
0.5213164632038758,1126,40,16,7,0.06579487459660438,1.1432077011553599,0,0,1,0
0.2738421661806102,1221,48,12,12,0.06311031160167029,1.5766142060529071,1,0,1,0
0.1977241514263001,1343,11,10,19,0.23547579208796612,0.5488394374903742,1,0,1,0
1.4961670417289261,23,169,24,0,2.6009776047892257,8.833808545543004,1,1,9,1
0.26424436887307057,846,2,13,2,0.42877978194788113,0.5877714651070984,1,0,0,0
0.2815240067989305,1144,2,5,21,0.4343083359227466,0.1348900963545212,0,0,2,0
0.03944765248811752,432,42,23,14,0.15870156648741715,0.6508007654472514,1,0,0,0
0.11836338190250636,923,16,10,7,0.11216419330679138,1.7681530620090808,0,0,2,0
0.8365013411483332,1556,7,18,9,0.7897577244808458,0.1031199658374169,0,0,1,0
3.427066624618142,2,107,84,2,2.3313998469607653,8.518667228091068,1,1,9,1
0.034716025414127084,378,33,14,20,2.6956593543020118,1.7657266611888907,0,0,1,0
0.020790725958646214,1239,18,24,6,0.5609425228858166,0.5226071698116301,0,0,0,0
0.5099580443161509,1422,44,5,7,0.7801062161899294,0.8690067640572481,0,0,2,0
7.034138398890983,27,117,18,0,0.40113317708371565,3.4803461142132504,0,1,17,1
0.4213835228496669,678,47,20,17,0.5561638366121953,0.03737928243647137,1,0,1,0
0.16598842419936322,1544,1,18,2,0.3893961087202309,0.12579709820152174,0,0,1,0
0.10950617157946793,1694,34,3,19,0.18604197440092266,1.5844351841879531,0,0,2,0
0.8143228290865643,1319,27,5,19,0.4137968503994711,0.4691720488371349,0,0,2,0
0.3227466325735994,857,30,7,24,0.16250376627951477,0.23897158620245684,0,0,1,0
0.5542608488310096,767,29,8,20,0.17273584537090125,0.5333469049601598,0,0,0,0
0.09555828342106923,1258,17,23,1,0.34994215620416214,1.9144917366831018,0,0,1,0
0.22813860911042352,1122,26,16,5,0.11323131333586174,0.8123229864084833,0,0,0,0
0.4226945460345029,1153,6,7,15,0.06460720920694993,0.04532894904384821,0,0,2,0
0.07108410438327972,1646,33,6,19,0.3995220225583794,0.05407766671336822,0,0,0,0
0.35404101485987305,1781,5,7,21,0.010675116570510757,1.6908958766663913,0,0,0,0
0.5,8,120,83,1,0.1,3.0976123269445734,1,0,15,1
8.34927109987947,4,79,55,2,1.2857451744696424,5.538040948153509,1,0,6,1
0.5965777042199567,1375,44,19,20,0.7987353785589631,0.48149358483130644,0,0,0,0
0.03632228096498012,1108,31,4,17,0.11905386903044568,0.3965137134618153,0,0,2,0
0.1505850070756569,817,40,10,15,1.1425916295492293,0.3852091386149299,0,0,1,0
1.6769745055141647,8,106,90,0,4.653243510391871,6.49367204364322,1,1,18,1
0.4079777554839906,171,6,23,19,0.08397040985005388,0.6291433213941913,1,0,1,0
1.4714118684986055,704,47,23,24,0.9009237938622715,1.0617832490361543,1,0,0,0
0.022806357491442282,1530,42,21,1,0.7483404921684382,0.8685166884471465,0,0,0,0
0.9048081953393974,14,192,59,1,1.4377964708783693,2.2907178771353536,1,1,9,1
0.3306329560065953,250,33,5,13,1.6962571594450129,0.5328622755004366,0,0,1,0
1.018942106622196,1278,27,9,18,0.27012445327643747,1.973466369468175,0,0,2,0
3.244308998965292,14,20,89,1,1.2557485055534379,9.344707292212833,1,1,11,1
0.4912819288731211,1631,20,25,4,0.2598002799966381,1.7815976703209562,0,0,2,0
0.08327108381471462,962,40,15,23,0.5478279909323693,0.03659078643849911,0,0,2,0
1.7794994496157954,1525,27,2,20,1.0399597098085527,1.7932395754253103,0,0,1,0
0.5,21,38,14,4,1.6081773346511352,4.042874208829503,1,0,19,1
1.2423119610431188,914,49,11,3,0.45084677331050865,0.26144470827127786,0,0,2,0
1.3443304877842757,584,26,1,2,1.7253841946595299,1.0958730323234656,1,0,0,0
0.09460442719912357,685,19,14,22,0.1650032534633669,1.8529270729411271,0,0,1,0
0.01857118363487568,1589,16,20,13,0.538475203246389,1.8981436532885214,0,0,1,0
0.009650584682792921,1505,7,8,22,0.3178655456127598,0.2935958718833336,0,1,0,0
0.5983873622284978,429,47,18,6,0.2891241372035134,0.0590097183983187,0,0,0,0
0.4306094565032964,1340,45,29,6,0.18062830601096236,0.7769146535896043,0,0,2,0
0.20957550967752123,431,35,19,24,0.05310150435283029,0.6647320822072027,0,0,0,0
0.8375032643041393,118,32,13,8,0.005671657118928575,0.3970696267008216,0,0,2,0
0.4944716610333097,1329,16,29,21,0.624641804304598,0.3950941065539626,0,0,1,0
0.5,6,26,37,2,2.465017026956171,2.6063498988080376,1,0,6,1
0.27632111121942654,1009,42,3,18,0.10991054471256818,1.4605771555207885,1,0,0,0
1.3783051799304848,1489,22,1,23,0.47357341728983793,1.1328179659358406,0,0,2,0
1.648310638883833,1401,13,1,19,0.06545713606265167,0.447816882377557,0,0,1,0
1.0245009333170667,21,92,92,3,4.916491242206098,3.353915094606279,0,1,14,1
0.39706033026118964,523,48,11,14,0.40314187620094,1.4753782330412784,1,0,0,0
0.0045397819254521425,1792,17,18,7,0.02356828698927106,1.7433037624776435,1,0,0,0
2.3359099340127534,29,126,48,4,3.909208618111575,6.934368741114887,1,1,7,1
2.9665421055491006,29,158,23,1,1.1177385779088789,4.551975551451983,1,0,17,1
1.37891089065929,71,40,25,7,1.281907679839223,0.8912996026487849,0,0,2,0
1.3031580885262009,968,23,25,4,0.31855258847019996,1.600250975022743,1,1,1,0
0.6041466321906896,980,24,11,22,0.8467949038281072,1.8942603204233965,0,0,1,0
0.743343962333363,1225,22,15,9,0.14538301700851788,0.5377161668377104,0,0,1,0
0.13689627001715945,1759,43,14,1,0.16285949898255792,0.2905344958542557,0,0,1,0
0.9596309883097615,1627,34,10,15,0.42875187154943833,1.0345554059186506,1,0,2,0
0.14504184962970496,1249,45,26,9,0.027498801759909288,1.009079784101511,1,0,0,0
2.080312081593617,849,10,13,16,1.03128342503627,0.7726184682308068,0,0,0,0
1.2631147132512623,170,5,14,15,0.14870264476538714,0.6330735706634099,0,0,1,0
0.3323670411344603,1390,4,14,22,0.6484386062964824,0.0070170093428867375,0,0,0,0
1.2128109436059853,1233,5,15,11,0.5430514731525695,1.2007172550072138,0,0,2,0
0.6486880626130767,16,74,88,2,0.4628348200932786,6.2405902193573395,1,0,15,1
0.0863470877306395,1107,35,8,24,0.6770770848299816,0.18138684838666963,0,0,0,0
0.3414286087648706,1542,42,29,8,0.8123686438501315,0.40884758132880816,0,0,2,0
0.0462753273299877,1131,30,23,24,0.3522042458395478,0.47438618068943206,0,0,0,0
0.8686289712209756,1109,43,23,23,0.07463200711505164,1.0288067299045782,0,0,0,0
0.31203310823324065,1784,1,18,2,1.5496947103467509,0.10488774962788905,0,0,2,0
8.584573868583403,5,184,70,3,1.3869047057725623,7.3715632553082235,0,1,8,1
0.18684961416535203,1583,12,18,24,0.3284767003621196,0.16085824013268502,0,0,1,0
0.7173185146084777,445,21,14,20,0.3271926365305128,0.8654836513247459,0,0,2,0
0.6717457586923357,86,18,17,22,0.6094285005586024,0.7587412316789972,1,0,0,0
0.3564051290008453,333,22,14,14,0.2525974492019142,1.1438279202635178,0,1,0,0
0.3133034740910548,1170,24,5,17,0.3829641039180288,0.36829412956943375,0,0,2,0
0.133098653842103,756,1,20,11,1.8125560475883706,1.791104572028209,0,0,1,0
0.07448067567136397,640,17,10,9,0.1779435433420222,0.6907313403816202,1,0,2,0
0.2538213292529121,1347,26,6,11,0.9915520160997042,1.6379278956347545,0,0,2,0
2.271074879006119,1278,38,10,1,0.18984102980923837,1.6184284137714404,1,0,1,0
0.5531210553440256,706,13,16,3,0.16596771186080744,0.830358271796539,0,0,0,0
0.39198018093617754,1383,32,8,21,0.11488676086825621,1.6589424256165066,1,0,2,0
0.7211371622209645,1736,43,4,21,0.2959209194399252,0.3349399917370104,0,0,2,0
0.25665962836070966,1449,46,28,5,0.13165726061971483,1.3641863414470992,1,0,1,0
0.3489510536359083,375,1,25,6,0.009827562362592072,0.022149564437454528,1,0,0,0
0.026712917544506568,503,38,5,14,0.13968530497833895,0.6585341409429477,1,0,0,0
0.007325738132834391,389,5,3,1,1.2095392865072006,1.7142303000502124,1,0,0,0
0.01903174964139469,1623,26,5,11,0.6811927499852535,1.768475892668064,0,0,0,0
0.45323222881446645,181,41,15,6,0.55635773262068,1.3502361512429029,1,0,2,0
0.38542377314394327,451,45,7,8,0.26416502340876025,1.391729958212455,0,0,0,0
0.6184840812922564,543,46,24,4,0.044821471385233916,1.423856874230136,0,0,0,0
0.44688920229729173,1148,28,18,3,0.21859555575548179,0.29165436839161596,0,0,1,0
0.606143778112245,312,44,28,3,0.8277499221408242,1.6446762690141425,1,0,2,0
0.6968108623132625,856,24,8,23,0.0869229512525666,1.3289609877289137,1,0,0,0
0.5072338503562277,1630,18,24,24,0.28220634523097865,0.3304931339967505,1,0,1,0
0.0400476754442232,923,16,21,2,0.3779284400392764,0.7540363794328271,0,0,0,0
0.01340145643556021,1269,15,1,18,0.03432841681377857,0.8312688539047375,0,0,2,0
0.5953213663996708,970,6,28,2,0.18739614641693106,0.12447265558760545,0,0,0,0
1.6291166711438039,782,40,28,23,0.43087895709319596,0.9172531212131663,1,0,1,0
4.36979087331512,10,127,27,1,3.2334857350801682,9.616056330181959,1,1,11,1
1.9352379593401783,217,21,8,17,0.34168698157071314,1.3827933690059535,1,0,2,0
1.3177617286659449,1184,7,4,23,0.20557211241832835,1.0865217386517603,0,0,0,0
0.9523633262390399,352,10,1,20,0.06358227463251774,0.720105111611431,0,0,2,0
0.12708533362029314,666,17,5,10,0.3581266613933737,0.5150063494087296,0,0,0,0
0.036573406580656706,90,36,29,9,0.21182975057161238,0.4861157836146288,1,0,0,0
0.30790831104569316,1078,31,26,3,0.13538279459583918,1.6621746738621088,0,0,0,0
1.7464035663681132,208,18,28,6,0.7553188058026598,0.5997285268668442,1,0,1,0
0.5342529453740248,807,8,1,9,1.3655660819074358,0.022314156778042715,0,0,0,0
0.6121866000096772,928,31,27,2,0.7678951681881626,1.2640847241085316,0,0,2,0
0.15026644533912373,1602,41,23,15,0.04343416580851611,1.919250532098285,0,0,0,0
0.0244803058051237,1756,21,11,15,0.060944624240215496,1.5066425751375545,0,0,1,0
1.0402555311912374,1303,30,23,16,0.37330513773205687,1.7585596661039342,1,0,0,0
0.5164116325472285,1028,15,2,1,0.1408159001442542,1.3695629636047515,0,0,1,0
0.5784894074723557,998,26,18,20,0.024589443643265402,0.7054740132870694,0,0,1,0
0.5847761074570952,26,179,19,3,1.5934176649877085,7.128885050976246,1,1,14,1
1.606269490842701,1721,7,29,13,0.028501283721038825,0.5127144983678256,0,0,1,0
0.4157382682724594,522,38,13,12,0.3368194904452999,0.6706796386253544,1,0,2,0
0.02428830246096034,147,41,17,7,0.07864820695016422,1.1902256179453328,1,0,2,0
0.7995313597255331,386,19,10,5,0.30263982312695403,1.0736384841200466,0,0,2,0
0.21024533103929677,1778,46,11,12,0.04966771458665353,1.5125976353256219,0,0,0,0
1.6568677380651027,516,4,24,23,0.9259171614227931,0.0212384649539199,1,0,1,0
0.19542960798780618,1043,17,20,12,0.8420474250572214,1.3433925695445996,0,0,0,0
0.01556605826180974,1522,49,7,3,0.07118060311413424,0.9773690895773819,0,0,2,0
0.04089591643018043,1314,14,13,9,0.13893791353477064,0.4791564947356788,0,0,1,0
0.07582529519025276,437,15,5,23,0.4225078945629699,0.6669106565444824,0,0,2,0
0.3005280689813925,1543,3,21,20,0.02596617550290974,1.8432841717891542,1,0,0,0
0.35608562621731843,811,15,2,11,0.20336301945656332,1.7750777699457194,0,0,1,0
0.14916225594827381,761,15,25,11,1.6772887537089742,1.0517143584639073,0,0,2,0
0.8355708739216108,229,11,27,9,0.10917627129586405,1.8003978038225943,0,0,2,0
0.9231037408879371,590,7,20,7,0.22794392494662713,0.4750566098181048,0,0,1,0
0.08719153692556543,628,14,3,24,0.0453803537661191,1.4406566026589989,0,0,2,0
0.609635324351578,1492,34,22,7,0.480526440257436,0.2053296030765126,0,1,0,0
0.3386386179016569,221,13,18,10,0.07937369945044435,0.2907673099017194,0,0,0,0
0.9422968339540976,82,29,8,18,0.1898283646587055,1.4762044283393434,0,0,2,0
0.25125536967173445,789,48,22,18,0.29520398773420453,1.2563932207585622,0,0,0,0
0.19023295238839041,709,19,18,14,0.6120577467058944,1.4756941158179606,0,0,2,0
0.5,24,91,83,2,0.78993793959944,8.867681110574033,0,0,8,1
0.6999496150581709,468,27,5,12,0.7023261229462783,1.764732689744128,0,0,2,0
0.33727418377699475,895,26,17,15,0.2634708235737805,1.337301354870312,0,0,1,0
1.880006444951806,6,134,44,3,2.0803479147803734,2.7578005576808415,1,1,10,1
0.41128008288290496,565,16,15,24,1.3678051036778207,1.2447967845866947,0,0,1,0
0.2357129482107963,61,44,23,23,0.06116002305817367,1.9336328516795682,0,0,1,0
0.20301078713509463,308,48,3,4,0.09497692263407728,0.37981501353501246,0,0,0,0
0.2681962219677111,1394,40,26,16,0.8234433163084929,1.7642113811180877,0,0,0,0
0.036343489389965566,1287,33,21,8,0.8369547422209425,0.8796794618627777,0,0,0,0
1.381975650446037,557,14,4,8,0.35851695574480424,0.914529850468347,1,0,0,0
0.21831472439241606,521,37,27,9,0.2948354386648707,0.6136812059565311,1,0,0,0
0.5522797993408918,580,14,3,24,0.8038058858254582,0.47413894022071523,0,0,2,0
0.09733693725394515,1017,41,9,11,0.01766448409014294,1.4087973266561082,0,0,1,0
0.2214365071763801,464,38,25,8,0.17765353004863002,0.3685807133400212,0,1,1,0
0.5237841932034858,1340,14,1,6,0.3386468323653273,0.862148370313019,0,0,0,0
1.0386964194788253,844,4,22,16,0.2665502695816312,0.14921815559922624,0,0,0,0
0.4108866539615062,1425,31,4,24,1.107714664345744,1.75842254152346,0,0,2,0
0.16996828341644224,450,5,10,11,0.09805588091881427,1.4543251088904774,0,0,2,0
2.115978750365167,20,135,17,0,1.1162376811995474,9.831998776460868,1,1,11,1
0.08506037078642707,1389,2,12,11,1.2683631584053057,0.6745724267671793,0,0,0,0
1.0544557177201792,152,9,16,6,0.6251520208389976,1.0915983680246788,0,0,1,0
0.023101223915072286,1261,34,16,15,1.9177534795974975,1.1301256414941907,1,0,2,0
0.36674917271479074,1184,23,25,5,0.26702988581425785,1.7247638369770317,0,0,2,0
0.3891641864669493,1546,32,18,6,0.6108381498612504,1.721892686205507,0,0,0,0
0.3261771957576247,493,23,28,6,0.4476516117880648,0.9847935305835975,0,0,2,0
0.3588106996161329,1473,48,13,22,0.10162478349359856,1.687549695438396,0,1,1,0
0.9317630200486385,1628,7,5,22,0.20317034625032712,1.7378176878029548,0,0,0,0
0.19232681669251944,102,40,9,20,0.3837174899345166,0.5916434786519509,1,0,1,0
0.458888835110396,191,17,4,17,0.6543790374999313,1.6658330395620151,0,0,2,0
0.1427646015981691,1161,6,8,19,0.3041300368210491,0.3624133634538711,1,0,2,0
1.5806017136476675,905,31,15,17,0.9911755234601222,0.5036207009077587,1,0,1,0
0.30744875189969,1606,47,7,4,0.4418447282178948,1.303760143346144,0,0,2,0
3.671352545165476,15,129,20,4,4.0250451458285355,7.012689626772008,1,1,6,1
0.15853319620153947,1270,7,15,2,0.06298198048339565,1.5462419838018313,0,0,0,0
0.3240710306721102,485,15,18,13,0.008093518803615567,0.2171477847769796,1,0,2,0
0.5306499014831632,458,40,11,24,0.06096585049458552,1.2414109936001763,1,0,2,0
0.5,15,126,91,0,0.1,8.686704553333653,0,1,12,1
0.4572430778303321,542,41,21,17,0.1542911812763767,1.9690201597295405,0,0,2,0
1.7732923891417718,13,34,38,3,1.3505236599366879,5.462477557297323,1,0,16,1
0.5,10,115,72,0,0.3007794252230064,9.498107520932447,0,1,16,1
1.0126914595778134,1618,11,26,10,0.9602449088798157,0.11644775614252234,0,1,0,0
0.38174992294642346,456,24,3,12,0.08094322719502252,1.117881179764691,1,0,2,0
0.3671728902506015,1561,37,4,7,1.098365310845108,0.7613945587095519,1,0,0,0
0.35804661846645186,1118,9,17,15,0.1676124046983909,1.1466880872457015,0,0,1,0
0.6403247667618975,522,23,10,16,0.03707449202360824,0.2534568036513791,0,0,0,0
1.2331314909719753,1559,16,14,3,0.20959292544148128,0.11014171658594818,0,0,1,0
0.25832206677789116,1326,10,23,1,0.09785741563803313,1.8257636535552024,0,0,2,0
1.1829928230155833,832,4,17,9,0.9693895951949832,1.6207968602462124,1,0,1,0
0.3914026274214992,112,12,8,13,0.07065401177173422,1.06046000994428,0,0,0,0
0.2644853013599927,1785,26,10,3,0.12179183551476057,0.8305648055588604,1,0,2,0
0.3871578748765201,265,14,17,4,0.14061971467506804,0.9678999270517057,0,0,1,0
0.5,2,163,64,3,0.29657191756618295,3.034541053679411,1,1,13,1
0.08282554098549758,1241,4,2,18,0.6411376125922562,1.861365606250332,0,0,0,0
0.019888360387391568,91,16,3,5,0.0017423105773089283,0.5476181896113026,1,1,2,0
0.5,8,192,86,1,0.5797995980309899,7.58233201773329,0,1,19,1
1.114214445221528,1344,3,2,22,0.4130437024659417,1.524022195230562,0,0,2,0
0.2844427420597862,1571,6,26,10,0.2837763004876953,0.13417491433632867,1,1,2,0
0.5,18,149,31,1,1.9566567601311093,8.116240150259218,1,1,4,1
1.051134522739261,13,37,66,4,1.950599194645683,7.004005734749847,1,1,10,1
1.2352695474847766,10,43,82,2,3.4420273675008444,7.175162727075804,1,1,12,1
0.6067867789618473,1477,42,7,4,0.05796671548915409,1.5395769981947958,1,0,0,0
0.1492929402120031,543,18,3,7,0.5178718247907861,0.03379747770244679,1,0,2,0
0.6899262764478805,92,47,23,11,0.04064541970775866,1.8328762865788493,0,0,1,0
0.25558973972415766,1221,5,28,1,0.6950323729088698,0.14456193753261815,0,1,1,0
0.008128031548049275,75,10,10,2,0.36330218435845973,1.0342262141026275,0,0,2,0
0.21880690356209323,668,12,25,1,0.27061258030403473,1.3954315597454814,0,0,2,0
0.20341175418012744,584,46,22,23,0.073993440301224,0.7654208557525342,0,0,1,0
0.2964455063154863,1212,30,15,17,0.07602843861865832,0.9795425147058581,0,0,2,0
0.0795935672216736,141,48,22,23,0.0010658602598359649,1.4794769012774216,0,0,1,0
0.40545837427483145,1499,16,1,7,0.2777088960952476,0.8659933751030351,0,0,2,0
0.4831218650742091,1747,21,10,23,0.14197831230406238,1.2909148346335044,0,0,0,0
0.27344065497429887,1034,18,27,7,0.9162515191598598,0.22892167184940293,0,0,0,0
3.6082242908632,4,56,74,3,0.2713223457355143,2.4646616481074384,0,1,10,1
2.158131441859873,16,90,45,2,1.156320931188407,4.901202708322149,1,1,5,1
1.4252574412672836,1255,43,17,19,0.5521136105434437,1.7261532546942884,0,0,1,0
0.1634692619961044,576,32,28,20,1.2572330492796688,1.38500860555574,0,0,1,0
0.2591999393869146,762,9,23,7,0.7215967452774239,1.822633055572117,0,0,2,0
0.5684245942415068,1738,28,11,23,1.2369387059080108,1.5224103418953476,0,0,2,0
1.00519619002346,239,17,27,21,0.22093081216405747,1.661035655497036,1,0,2,0
0.1835188093194587,1728,16,13,19,0.5032693028798157,1.3129805448860046,0,0,1,0
0.23413939642607368,910,40,14,7,0.027309824528471582,0.7075953267358972,1,1,0,0
0.06968059941690288,1735,45,4,24,0.21207496731620226,0.04066288594686163,1,1,0,0
0.6474684487511171,1315,42,28,23,0.09474153982186094,0.04713372216132017,1,0,1,0
5.1522935904067975,1,74,43,2,1.6901336966809113,9.51717354536524,1,1,15,1
0.33416016483095823,808,2,19,5,0.22447288425038742,0.20029905339822185,0,0,0,0
0.0924775888878609,810,14,18,15,1.1090140654968954,0.8524426837284362,0,0,0,0
0.045491638323689625,1549,21,25,2,0.014979336937825688,0.07091903135537181,0,0,1,0
0.24251936372765892,1526,14,22,6,0.2781823075692707,1.8480589197398885,0,0,0,0
1.065567650180588,1280,5,24,15,0.8644464909013572,0.1523555371130867,1,0,0,0
2.1020773435949383,3,148,70,4,0.551157945241101,2.7684568121421806,1,1,14,1
1.051761884121618,1320,28,5,16,0.13796593145865635,0.2345347310851713,1,0,2,0
0.37507162517469517,583,48,2,8,1.2127482728712284,1.1910669512113585,0,0,1,0
2.6030332146677586,1,198,21,0,1.4036906767419848,2.5877529932710592,0,1,8,1
3.95549171087589,18,138,81,1,8.323460010834237,3.1456660484666283,1,0,12,1
0.287917732412566,1546,26,9,14,2.142430041285152,0.9945516519335582,1,1,2,0
0.04346441277161916,684,35,9,4,0.16670468335511768,1.840196654628484,0,0,1,0
0.06666331477601192,1122,38,8,18,0.6857123101808162,1.510271419541968,1,0,1,0
0.16056143051850946,1264,10,6,22,0.03590887699675703,0.8344703508386986,0,0,2,0
1.6869936262375718,465,28,15,6,0.664897910293011,1.1269917152922353,1,0,0,0
0.10376549707763458,1255,29,23,18,0.6757776324060889,1.4107661100009965,1,0,0,0
0.6087510445297679,172,41,1,20,0.25283450225648946,1.9308438436177258,0,0,1,0
0.1360944703258735,621,39,26,24,0.23617916640614112,1.1441786788247847,0,0,2,0
7.297011085732694,13,100,56,1,0.6770923552184899,3.709350855295132,0,1,14,1
0.8745358995806877,535,35,16,4,0.4301593894566087,0.8090231575643076,0,0,2,0
0.4492747468663413,1249,14,12,2,0.6082684807079763,0.551207196440598,0,0,1,0
0.07494462875107238,286,32,22,5,0.20632883374934716,1.9401308865133415,0,0,0,0
0.4846618216599771,1503,35,15,10,0.2052443781826789,0.7581650426676574,0,0,1,0
0.5,16,75,45,1,6.178736450158024,8.89201603696175,1,1,11,1
0.13560479584358098,1257,40,27,6,0.1428027706886794,1.474500601121595,0,0,0,0
0.39206623454319817,1303,24,6,18,0.709694635771635,1.235198647465602,1,0,1,0
0.46794422023166987,636,45,13,7,0.09631007347133971,1.6349589455242488,1,0,0,0
0.5,27,38,80,0,0.3213106593402295,6.062607337798741,0,1,5,1
0.002621667917122488,1092,45,14,1,0.540701231323295,1.587415665375986,0,0,0,0
0.07093659592899565,906,34,23,5,1.6363663033431355,1.1756698052784749,1,0,1,0
0.2714762495037951,1521,48,14,2,0.26792520372167317,1.9919306076417735,0,1,1,0
0.1178911279696275,309,15,7,21,0.4261288222134719,0.5579856950005408,0,1,1,0
0.5700731733357541,1563,1,3,14,0.11337948808209247,1.1902885060777288,0,0,2,0
0.7578952457757636,1461,47,4,3,0.8088785557293818,0.600401115295266,1,0,2,0
0.22828804169992006,190,20,19,18,0.08198479221719741,1.0935035211472421,1,0,0,0
0.705687604450796,1232,47,11,23,0.0628522516135806,1.742795042062202,0,0,1,0
0.3684927860044089,685,17,4,18,0.0904205390050432,1.888899138191507,0,0,0,0
0.6614051614296391,1131,34,17,8,0.12406039841420341,1.5717116725182358,1,0,1,0
0.5977052284464427,419,49,8,7,0.2785369117488672,1.5187971048694813,0,0,0,0
2.300600655697662,1057,23,21,8,1.2211710817290333,1.6027917086500878,0,0,1,0
0.2523494034643559,1424,9,13,1,0.11903212679538022,1.1345459288563902,1,0,2,0
0.5251785144038891,1259,37,25,22,0.204412253025188,0.2646075653037898,0,0,0,0
0.9821565444812257,749,20,13,5,0.6228933991960011,1.6808281028099252,1,0,0,0
0.6556206324886139,1326,42,20,14,0.07006416045900803,0.16742881713961055,1,0,0,0
0.15016312607363927,1346,44,24,15,0.04509651785602309,1.7085136053088308,0,0,1,0
1.3253872410029024,1186,48,20,12,0.07851225424859183,1.8368173538494197,0,0,2,0
0.05597207257871357,1369,30,20,13,0.504271780621564,1.1797166382861306,0,1,1,0
2.1059645975172536,9,148,59,4,1.0755268608375859,8.824447610770601,1,0,11,1
1.1354870625641789,537,14,5,10,1.623166298665227,0.12269281979023905,1,1,0,0
0.283556844461547,449,40,1,2,0.43191894307260625,0.4283686648573397,0,0,0,0
0.044326933888903346,1137,48,19,3,0.13185329680190847,1.8136825788857693,0,1,1,0
0.10406810643089422,782,4,16,12,0.5175743673431001,0.21801597240141968,0,0,1,0
0.32555020331688794,914,5,5,17,0.5785022323617519,1.9866969212708019,1,0,2,0
0.00909675587768132,322,15,18,7,0.1999375522110881,0.9715748163565219,0,1,1,0
0.010399653999569311,844,27,5,23,0.40152230185480164,1.8840475372596444,1,1,2,0
0.8601317150779932,1673,33,15,8,0.9757000666976694,0.622633308551704,1,0,1,0
1.720410334388468,21,144,76,2,2.9091386684014546,4.263213441721789,1,0,6,1
0.16537554628434192,1164,1,13,8,0.10933030114464706,1.3083027215185288,1,0,2,0
0.25501195976414404,959,26,21,16,0.05636646093593089,0.7150838068519796,0,0,0,0
0.4119437474429144,357,11,26,8,0.10225649446903409,0.8211338905878403,0,1,2,0
2.1785454738716115,15,79,32,3,0.1,2.0855818755880637,1,1,9,1
0.13316439793397283,575,8,28,15,0.03289216025442493,0.3470783975703129,0,0,1,0
1.2015587932777432,1391,46,13,1,0.6565881687084744,0.2206825353748363,0,1,2,0
0.24073333535811167,446,38,8,16,0.6140801603835212,0.47681591702387727,0,0,2,0
1.200813383357463,763,36,13,18,0.49519576684853694,0.44533923252970187,0,0,1,0
0.08038187163035274,703,16,5,15,0.23518189228435427,0.1232275452197733,0,0,2,0
0.864675684769068,85,15,23,15,0.09619376921020528,0.9956094943570097,1,0,1,0
0.19033925106088423,1083,46,24,2,0.3662291304859773,0.6770538093053518,0,0,1,0
0.12219270781244994,1616,37,5,20,0.8011337330690522,1.221065481428259,1,1,0,0
0.32491680700900255,379,19,2,10,0.25092494370184976,0.1544404805829418,0,0,2,0
0.3535423672578998,878,15,9,7,0.16681010159732884,0.38970563814967596,0,0,2,0
1.1857173638984961,1610,27,24,21,0.08759428840698126,0.2431239373834868,0,0,1,0
0.9351463373394024,851,6,2,16,0.11270876212272259,0.8747395481691431,0,0,1,0
0.19628129750685222,1287,16,22,21,0.9398848251884833,0.5329977934118773,0,0,2,0
0.029397034574388747,1761,8,17,16,0.5056349926399947,1.6147763468946283,1,0,1,0
0.355004825034203,849,46,8,12,0.618327532554194,1.005750653954044,1,0,0,0
0.8113712886243969,834,43,5,8,0.25955058365042843,0.2645482755550874,1,0,0,0
8.0886117675153,25,181,64,3,0.9827460791758613,4.483430460240755,1,1,18,1
7.912409470863297,8,32,71,0,0.5493494784781555,6.7318619598443545,1,1,12,1
0.009758425834938557,328,47,28,17,0.13090459990005548,0.590852613688442,0,0,2,0
4.997812807825655,1,175,85,4,4.243276028203369,2.0217138601540574,1,1,8,1
0.5972353891048593,144,35,24,4,0.11294152205379569,1.1935966362669088,0,0,2,0
0.3649859810873943,1093,24,5,8,0.5657630373648714,0.8290065337216626,0,0,2,0
0.5923311842148193,1350,22,21,19,1.8462011180903453,1.7862967260311087,0,0,2,0
0.27237307427260843,1799,21,11,17,0.452954790515441,1.9939236924224792,0,0,1,0
0.8968126358031534,764,14,22,20,0.1500689117496708,1.9161381106762096,0,0,2,0
0.5865969236814392,734,8,18,20,0.15934301739812726,0.8716542266941867,0,0,2,0
0.6979890148535594,805,43,6,21,0.028445591946937583,1.3204021371119832,0,0,1,0
0.011411492965000413,1259,10,18,3,0.04917678713516346,0.07958724569083464,0,0,0,0
0.32393728196891164,1623,13,27,24,0.4220425600678634,1.4952790667724862,0,0,2,0
0.2368959392421717,271,2,29,9,0.45297410874588,0.1663779157712182,0,0,0,0
1.413286146641773,98,30,12,18,0.13237384300346813,1.6376848657959056,0,0,1,0
0.02753259933485091,1536,7,18,1,1.6522664063610695,0.473036909579607,0,0,2,0
0.39911711253632975,188,16,24,13,0.6566275994516455,0.20470206065142116,0,0,2,0
0.04594155982650752,1266,17,24,12,0.5557664790479102,0.8792908036029923,1,1,1,0
0.02512305037537511,776,48,15,18,0.2967638916769899,0.45489146307251205,0,0,2,0
0.6344235278367308,18,182,40,0,0.1441456727760711,5.5934911349088665,1,1,15,1
0.4250259296105759,500,20,25,8,1.2147820760872423,0.17858224593012806,0,0,2,0
2.1585913276147166,1463,38,13,23,0.6363976419081828,1.1957756212394834,1,0,2,0
1.1285482300295029,891,9,12,1,0.07544262622104127,0.3256993788440705,0,0,1,0
0.7102435079965912,392,32,8,1,0.2640556378088024,1.0005489467852096,1,0,1,0
0.9097967581497204,1240,33,18,14,0.10427506658742186,0.7783959263912144,1,0,1,0
0.8055388616607406,6,34,83,4,1.5681580210937096,6.8448799162568825,1,1,11,1
0.1089742122761541,781,33,10,12,0.6680092029392681,0.889425782812205,0,0,2,0
0.19514926511490266,1683,11,11,5,0.012871124080926923,0.7287582199995879,1,0,2,0
0.41532243333679714,1025,23,29,12,0.952794330788478,1.9628761442648648,1,0,1,0
0.21852786096009708,126,17,12,6,0.14700338235162555,0.3498764893566928,0,0,1,0
0.05407997301929704,1214,1,28,5,0.09868386588408572,0.034513011093536106,1,0,0,0
0.1540585538425381,1241,45,25,4,0.7213440247678087,1.539963265943094,1,0,0,0
0.31498041357705997,1009,31,6,11,0.7009047574013852,0.8105380160403146,0,1,0,0
0.156396657152553,751,28,5,21,0.9936061725655382,1.9968225224715623,1,0,0,0
0.3802736240645389,1625,21,11,16,0.10654740120629101,0.8867562685112043,0,0,2,0
1.1014572669368903,1262,23,8,7,0.5102079134073898,1.3364237191149109,0,0,1,0
0.16235177152515853,1707,45,17,10,0.5285524609260212,1.4987613200527021,0,0,1,0
1.3044369797823878,851,42,12,3,0.04295365471357291,1.6214221978147645,1,0,2,0
0.5584436228630647,1361,41,25,8,0.7512439998085223,1.1213650528481685,0,0,0,0
0.9255811442038331,570,17,16,19,1.0093528009820891,0.6695263469691641,1,0,2,0
2.710109454122224,16,51,23,4,1.1986745568287156,8.797774976094312,1,0,18,1
0.5656604087255281,1464,14,20,17,0.13652601176743814,0.9210440735941521,0,1,2,0
1.0023368553021275,1604,44,1,15,0.3498974621976131,1.3653839206334415,1,0,2,0
0.20723168614733037,1396,31,19,20,1.086738973170404,0.6281131220325364,0,0,2,0
0.06967739778697819,1768,34,6,13,0.024453009425919048,0.5460398428724405,1,0,2,0
0.06904454324767774,1578,1,24,23,0.1818755716167792,0.09764233270836664,1,0,2,0
0.8272161865201735,746,22,29,10,0.603810791070946,1.35352618383593,0,1,1,0
0.5965682722906174,6,185,31,4,0.5380862282822271,3.6722067791237567,1,0,14,1
0.38323302075369786,1235,28,19,10,0.13630677955380235,1.3087307311531766,1,0,0,0
0.0861557429909675,87,49,2,13,0.5646657272421619,0.567873807065501,0,0,2,0
0.42876624429697235,1213,23,6,23,0.038222274599942985,0.45374733790730803,0,0,0,0
0.9504787628013318,969,49,11,18,0.21075317599498766,0.4731214039057374,1,0,0,0
1.2085843649551244,1014,27,19,21,0.5473977102258046,1.0467906267224247,0,0,2,0
0.04257744994447808,318,42,12,2,0.31286786988915727,0.9418771570204565,1,0,1,0
1.8912603096285034,0,146,58,1,0.1283218873751107,3.935113193946213,1,1,14,1
6.667067397228019,22,178,74,4,3.7260257344753054,8.668277347920224,1,1,4,1
0.7451011598621776,1445,5,21,4,0.3127983029118486,1.6218269129928486,0,0,0,0
0.10414270031672503,435,46,13,2,0.47393468129412697,0.4076449609265971,0,0,1,0
0.2418764695919813,777,13,28,19,0.11928275777156849,0.11633761568024625,1,0,1,0
0.046442953930183786,845,34,18,23,0.32933763286045803,0.7019275421014031,0,0,2,0
0.7745221547885494,1484,19,21,6,0.4634672181965039,0.058688281956670085,1,0,0,0
0.03015990293129577,1742,21,2,19,1.9015365221205252,1.1551778001461948,1,0,1,0
0.7489772516717935,1004,43,12,6,0.1829647349600258,0.150045520145752,1,0,2,0
0.21534365538578973,1022,11,28,24,0.7077914787275414,1.119985818562818,0,0,2,0
0.5,29,94,39,2,8.110831678694785,9.032547359334833,1,1,12,1
0.2066634864463626,716,17,9,21,0.1652471409779765,1.078167532806542,1,0,1,0
0.25083333998424107,479,38,4,23,0.17928300036098,1.5637271571709104,0,0,0,0
0.34040736575513897,1547,17,5,13,0.053424213868753394,0.8335211552020683,0,0,0,0
1.2590785232588233,917,14,21,1,0.12842072543412916,0.4726032206307309,0,0,0,0
2.006140901405076,2,128,40,3,2.5646251112376657,5.166838439301805,1,1,9,1
0.40960257788272164,1277,13,12,9,0.12801664190149542,1.6593259763253967,0,0,2,0
0.24596767135570324,1745,3,17,18,0.6092137066444638,1.6462678149643701,0,1,1,0
1.0084814809972025,109,27,29,15,0.15086463548741827,1.2890074068175086,0,0,1,0
0.15433903217401743,1308,10,21,7,1.2196166981221048,0.769692236348829,0,1,2,0
0.4318336252339902,84,48,19,19,1.1658032122177056,0.5222469369350464,0,0,2,0
11.13252477886058,27,170,94,2,1.693196530511977,2.0075371830649402,1,1,10,1
0.7779134079251586,163,7,14,17,0.27193655577310316,0.9082419662966736,0,0,0,0
0.428616318795958,344,49,5,11,1.264536673386167,1.2158857420298843,0,0,1,0
0.3341051602867792,646,30,9,6,0.1858007117945367,0.8667777116498949,0,0,1,0
0.5655809316028659,918,43,23,22,0.05921742181042786,1.4530565980073937,0,0,2,0
0.08897702242621856,677,33,25,9,0.3342816372941353,1.7680357195803666,1,0,2,0
0.12594906445104131,367,25,18,15,0.5118143154767183,0.5693465830092819,1,0,1,0
0.7643010617979017,1699,41,20,23,0.15184776163972846,0.3798317059433223,1,0,0,0
0.02625238534351172,142,18,25,20,0.05337108823389926,1.6399336888247618,0,0,0,0
1.3107331244868254,14,27,38,3,4.188865333229492,9.665509630749476,0,0,11,1
0.012365084154863877,630,17,22,9,1.539579562244696,1.6478685824363353,1,0,2,0
0.4496654568445091,983,47,3,15,0.1626635144284697,1.9954501962119209,1,0,0,0
0.6266238300943795,1618,39,25,19,0.2610210451691609,0.3333393195128962,0,0,1,0
0.11239251629289253,1703,26,12,24,0.07103043074164182,1.4179592794163833,1,0,2,0
1.1902764969148174,1,88,19,0,10.545301589420529,6.612532946878003,1,1,12,1
0.35072360728879115,784,48,23,18,1.338526356652527,0.9735812488612545,0,0,1,0
0.7435910653354988,191,9,24,22,1.4176917631284092,1.704929877763071,1,0,2,0
0.10822291355506095,264,23,7,14,0.16935252330204856,1.5233242325873968,0,0,0,0
0.17211149627697075,1261,34,19,12,0.7294453260960425,1.4050923458876243,0,1,1,0
0.8333316729073271,1396,1,29,15,0.7488184617851676,1.164765225466741,0,0,1,0
1.0089293761294102,111,4,28,19,0.43972961379904457,0.3208683952308431,0,0,2,0
0.2308096864773292,1586,35,14,19,0.036139171246770435,0.881617071959244,0,0,0,0
0.043277330501662846,1043,35,9,4,0.4263725080294231,1.817857709496275,0,0,1,0
0.8581033733894641,1673,2,5,11,0.08938716772147909,1.7786324864981076,1,0,1,0
9.042963318163993,18,109,60,2,0.9280776402686215,7.3931270440301855,1,1,8,1
0.06008935227589209,1761,23,5,12,0.10644967370009328,0.9015570791503531,0,0,0,0
0.0064238023418112045,1263,25,12,11,0.9216733763217917,1.2320790084178053,0,1,1,0
0.5280987154596442,933,7,27,15,0.33538001372215853,0.7479928124553903,0,0,0,0
0.21963480586487477,1702,26,2,4,0.699166172843893,0.2879711869135091,0,0,1,0
0.4185275529632762,116,7,27,1,0.24632154728331346,1.4897325989771628,0,0,2,0
0.15225042881915676,1011,20,5,23,0.5528072785926095,0.7894582765431764,0,0,1,0
1.7645385781562084,306,44,28,21,0.1916313517159493,1.8066558432379072,0,0,1,0
0.22674534327944587,136,10,11,23,0.15796510941827802,1.9435566584127608,0,0,1,0
0.5666269489614255,1356,12,29,17,0.02059259932982053,0.40701606151591085,0,1,2,0
0.15042635201091314,581,37,17,18,0.3417406562876776,1.7400739363954576,1,0,1,0
1.1875000411167527,1401,35,23,21,0.10575295108742802,0.24278465097174284,0,0,2,0
0.2959513840544568,856,4,3,20,0.8786665433240448,0.18256550507356484,1,0,0,0
0.06907755212705288,161,26,9,17,0.5973754447180218,1.1455282369441613,1,0,2,0
0.1935195362335322,581,3,4,9,0.712323897388173,0.8224240029256087,1,0,1,0
0.17046051616351723,354,40,24,6,0.5290774033163381,1.1471719958776205,0,0,1,0
0.8657570268273654,852,7,3,1,0.9858594481789092,0.9209556688738976,0,0,1,0
0.04175322487908133,1678,12,16,5,0.1102828773321263,0.78583612263882,0,0,0,0
0.5,23,113,12,4,3.851273298286051,4.060329509947502,1,0,9,1
0.28091146125685024,797,21,29,8,1.0005048647166557,0.5000752765658709,0,0,0,0
0.9065837642838179,189,42,22,13,0.7887226002785626,0.18124596578677,0,1,0,0
0.10198981603090024,992,40,4,11,0.12072494656731983,1.2523376341772332,1,0,0,0
1.8651387922679223,802,36,8,23,0.28855434875439584,1.3346188287733134,1,0,2,0
0.23934102822378925,269,15,24,9,0.006905093259798366,1.7514086605785908,0,0,2,0
0.13948844752435996,1612,26,23,3,0.5065263881824604,1.2360495564723062,0,0,2,0
3.417421109250503,8,130,66,4,1.1805150673532228,7.11963101958667,1,1,18,1
0.13260782148292474,887,4,29,10,1.2625058500368715,0.1895610156908234,0,0,0,0
0.1559855156316425,190,23,5,13,0.1920356940510714,1.929068843615187,0,0,2,0
1.2684314978606397,10,51,25,1,0.8115778894837773,2.6175452787581177,1,1,10,1
0.5,20,111,51,1,1.0140438730733412,2.0805456913553115,1,0,6,1
0.349301407847798,634,32,29,24,0.9625296735404831,0.9363293580142362,0,0,0,0
0.04917853072420524,170,19,17,23,0.30035470406650755,0.06198515988166964,0,0,1,0
0.30288457321064927,75,16,16,14,0.48944818977416915,1.901561449629819,0,0,2,0
0.23015628150017559,1026,40,12,11,0.5701341639146223,1.557595111694259,0,0,1,0
2.778657209325983,9,41,44,1,0.4008050679978787,5.503177756232192,1,1,13,1
1.2620583104740755,1444,31,19,7,0.3706914780122682,1.0359039562150965,0,0,1,0
0.7613799711270446,106,26,4,2,0.019030258954013696,0.1849030750008538,0,1,2,0
1.7261447181381306,1172,39,1,13,0.3877207656360238,1.4636046659965736,0,0,0,0
0.31396983800225375,1433,28,12,16,0.08643026115464263,1.53088649689797,0,0,2,0
0.5621649126426531,1706,22,8,2,0.6311522179411623,1.239305043809412,1,0,0,0
2.811200123105717,9,59,71,0,3.916834203385604,3.782424551888197,1,1,4,1
0.18648034787672627,130,16,2,10,0.16265502517950484,1.6868145837452901,1,0,2,0
6.419823975039591,5,26,78,2,0.13893626996677286,8.580036682430684,1,0,10,1
0.08892643438365366,540,14,2,5,0.21401963029406398,0.4494301657640085,0,0,2,0
0.38112713153296623,1113,36,26,6,0.5261078412753942,1.223716000443224,0,0,2,0
0.12502478415255555,1239,10,20,24,1.0712925676664327,1.849742683307738,0,0,1,0
1.2928628108244573,1662,11,13,24,0.4130209120971044,0.3036279771343322,0,0,0,0
0.40113289428950216,512,36,18,23,0.0028138308857459018,1.0842540967266907,0,0,2,0
0.09746678511241134,170,29,1,12,0.7385076721989928,0.6749149647167989,1,0,1,0
1.663208476084358,1682,25,16,17,0.47989338458306885,1.2407553723635345,0,0,2,0
8.88853668483383,27,184,95,0,1.9623961370448866,2.919669687065989,1,0,18,1
1.3473990376782548,1026,1,13,17,0.3029342018753097,1.437875971667718,0,0,2,0
0.14830200400560253,993,49,20,17,0.3510812508437526,1.5656042507772823,1,0,2,0
0.18537813911121623,818,20,4,21,0.1035052761603954,1.9794683046180037,0,0,0,0
0.1565762161068664,549,26,3,18,0.3771189179139218,0.29778440267478845,0,0,1,0
1.0591011738477791,211,28,3,13,0.5859168268342859,0.5458976203530725,0,0,0,0
8.724555305923559,25,127,28,3,1.5595161884310715,4.9701517036429435,1,1,7,1
0.28598124837094324,1650,37,18,20,0.001,1.9286921607655907,0,0,2,0
1.235432632062765,1477,42,12,11,0.6268631353199935,0.3476946258228646,0,0,0,0
0.10446046558564827,620,11,19,10,0.6969252245863997,0.2124281862613706,0,0,2,0
0.06183677185453798,453,33,20,10,0.2701024379088777,0.5902006497584991,0,0,1,0
0.39449431642658356,460,45,5,10,0.1558574939274966,0.1677831569403172,1,0,0,0
0.31616871099660954,1278,20,29,1,0.34854006317023256,1.6890919026845872,0,0,0,0
1.3138272769033772,821,43,1,16,0.2172513527941157,0.2756913259266267,0,0,2,0
1.6836577294936736,241,46,22,19,0.016897452167727627,1.6745531799798379,1,0,0,0
3.998450697922176,1,154,88,2,3.9343550362897406,5.522336403770133,1,1,17,1
0.2018627026807612,1345,43,7,14,0.12580044807778898,0.9005190014861642,0,1,2,0
0.5581447001277346,1029,48,29,9,0.023231124130716253,1.9859678978162099,1,0,1,0
0.08642533183682656,1373,38,13,12,0.270457685566259,1.2545303302347521,1,0,1,0
0.11215567187112897,441,30,27,6,0.31719553488078206,0.1195019829936943,1,0,2,0
0.2879323371178421,1206,38,2,8,0.1424055392985133,1.3648838492532904,1,0,0,0
0.09468751323152913,1722,23,2,2,0.7790815228125607,0.23267144481755886,0,0,2,0
0.1694607823168569,777,2,13,5,0.20841661267662484,1.2936672406111873,0,0,1,0
0.7110151842746741,1540,36,23,20,0.18306265585194026,1.522769770568781,1,1,1,0
0.33554274975443,1665,31,28,13,0.19997957151108753,0.928351959583918,1,0,2,0
0.12405298693948252,1066,36,10,12,0.05688704991546933,0.2317010449565411,0,0,2,0
1.0607247747546538,27,29,76,0,0.8427139998626281,5.192400709905873,1,0,5,1
3.521587907859413,24,158,32,2,2.9949968640018816,3.6156503717722233,0,1,6,1
0.2802376517463886,389,9,5,6,0.11300311932330681,1.4646177147481083,0,0,0,0
0.6861787758328953,887,20,15,23,0.12473287559824822,1.140207685180347,0,0,0,0
0.48908105387595163,1244,47,11,9,0.24100437517480963,1.3406555905708823,0,0,0,0
0.35642711445085823,1246,25,8,3,0.12937565914062127,0.3118702298918863,0,0,1,0
0.14627526833512272,1743,37,6,16,0.2624959448223749,1.9375896933158454,1,0,2,0
0.040037671652191374,158,36,11,6,0.5637038446620338,1.460177022871967,0,0,1,0
0.6602535110824133,237,13,20,20,0.03796979494882594,1.9481138257403037,0,0,0,0
0.5421100550295199,1551,44,28,8,0.08061011257582266,1.9889236954885054,0,1,0,0
0.24212339807468022,969,6,26,21,0.13946042451139704,0.9537592299120388,1,0,0,0
0.26450871080473176,1403,1,28,17,0.08140327710013466,0.696298695293927,0,0,2,0
0.39316781417214147,1648,14,29,10,0.11920332580990832,1.332244969824056,0,0,1,0
0.8503479515097392,1761,48,17,5,0.0696454633951886,0.22936315731349421,0,0,0,0
0.6177250744884366,1005,11,1,22,0.20779806814583998,1.8851625444462463,0,0,0,0
0.3862261743511176,165,3,26,12,0.01867397761240937,0.8673127015433966,1,0,2,0
0.43350373016649724,1748,35,23,6,1.0033280773109152,1.1824623246116985,0,0,1,0
0.039651067385025406,866,5,27,18,0.10554998279115718,1.0113853397946662,0,0,2,0
0.7450580998658252,533,11,8,15,0.47182526637353156,0.10969391385333749,1,0,2,0
0.06446281472055322,1113,41,15,9,0.1027372954512619,1.424023497013525,0,0,2,0
0.5310811942673517,833,28,2,21,0.28210786023600365,0.927051818198884,0,0,1,0
0.4049908432038345,1546,36,16,20,0.18963530437828666,0.6909543894240526,0,0,0,0
0.881496508219185,1700,48,26,10,0.29310730682978464,1.3920844443891203,1,0,1,0
0.5,0,72,13,4,0.3876011543532224,4.357891209679119,1,0,11,1
0.009665252060320517,1443,3,20,16,0.08349676347648094,0.32765933447689943,0,0,1,0
0.01868036400474137,322,10,9,7,0.30821169364615314,0.7296949873922545,0,0,1,0
0.1178014191251316,680,22,29,15,0.11388554547967306,0.9470054284349128,0,0,0,0
0.11321988527499603,1380,18,28,3,1.0534238852920215,0.8616587944289527,1,0,2,0
0.13073724992009117,1308,49,23,23,0.5559536333017527,0.32977684472502555,1,1,0,0
1.1226278229474225,161,47,19,24,0.18295067208696614,0.10839645776453488,0,0,2,0
0.1731184464073511,1570,48,9,24,0.0739108469299281,0.3140081228674769,1,0,2,0
0.3422462908215306,1235,47,6,19,0.3999293672847086,0.27564819354453607,0,0,2,0
1.6292078122504405,440,35,3,15,0.7853536605012337,0.6513656630820353,1,0,0,0
0.1279557729516671,780,34,4,12,0.2526492957247534,1.9032886963889288,0,0,0,0
1.745366063866133,17,143,25,1,0.8484707876932779,3.4468167537595438,1,1,11,1
1.772838368881519,624,23,20,20,0.8797087856903879,1.0071495268752366,0,0,0,0
0.005048896295247788,835,37,25,10,0.4499013580233384,0.9501511375878864,0,0,0,0
0.39214119108888174,1337,25,25,10,0.8162384090433554,1.024700822879781,0,0,0,0
0.1627631248216475,1388,31,3,7,0.8875176012762696,1.8123654310010338,1,0,1,0
0.023181162010267365,1431,32,6,22,0.15621141151640766,0.9967115627540444,0,0,1,0
0.2765629340582181,1522,2,1,3,0.08060045621989673,1.3069389948176975,0,0,2,0
0.28689530490754384,509,46,4,1,0.12575813547197262,1.6357277206171226,1,0,1,0
0.06748892859051263,820,24,4,5,1.006686539681519,1.9133709853220986,0,0,1,0
0.8557304213671698,92,26,2,24,0.07993442224580176,0.5890993996227822,0,0,1,0
0.026291429287657878,1130,2,23,9,0.14477022358217118,0.620561658908179,1,0,0,0
0.09061094871259683,336,34,1,2,0.0920380133104567,1.177572090603607,0,0,1,0
0.04930319686089348,171,3,7,2,0.05312573135500053,1.4155865604835058,0,0,1,0
0.9780816410573525,297,24,4,5,0.0740807932340603,0.8779683277936903,0,0,0,0
0.5873848232188463,28,64,56,0,0.39838690224869955,3.655288726337334,0,0,9,1
0.513240330335556,1728,40,13,16,0.011422685131820444,0.154440341544545,1,0,1,0
2.260659022884858,713,36,14,6,0.05552970198523732,1.6855061039363275,0,0,1,0
0.08055171260730479,1363,46,16,15,0.17786593932434708,0.9282605584385115,1,1,1,0
0.11601382995655153,194,18,23,9,0.09531864264975037,1.1913783945250231,1,0,1,0
3.03142942085074,567,20,16,18,0.33101175732051635,0.8736285171533698,0,1,2,0
0.6811840309342058,1123,5,27,23,0.5422632073669335,1.4384181755140728,0,0,0,0
0.32936617216207004,141,10,24,2,0.5599351006643865,0.4168955314167413,0,0,2,0
2.5697483373536523,1457,48,29,9,0.340169791800897,1.6640942751345564,0,0,0,0
0.2831117362517058,1543,5,28,21,0.18370052613853974,1.9293703448860104,1,0,2,0
6.370623888738449,29,143,66,4,1.121345313691655,4.004473720635884,1,0,4,1
0.6141811256774967,223,5,5,10,0.004894403829636299,0.2746456850781347,1,0,1,0
0.011961229965786996,1624,7,18,14,0.4021577390013584,0.23506221900994206,1,0,1,0
4.166723286909228,6,114,29,3,3.368164723558883,5.801908953630541,1,1,19,1
0.003692515984712801,75,18,4,23,0.3335225329578744,0.08001362714760596,1,0,2,0
0.005434974021507358,141,2,20,9,0.34906950875845566,1.7554439348812885,0,0,2,0
0.35842027956804334,797,7,5,8,0.326998870825264,1.2874682939903166,0,0,0,0
0.1469444171467007,1341,20,28,11,1.3057448120172774,1.3661546358525571,1,0,0,0
0.6468020020980672,929,31,21,22,0.13726939141654787,1.0859835456161813,0,0,1,0
1.2691190378560189,1191,3,7,3,0.3142183629794782,1.872863525742212,0,0,0,0
0.21614250177373517,1639,32,10,3,0.12288466369724252,1.6272610289593603,0,0,0,0
0.3087529228416583,408,32,20,8,0.41615893094558376,0.2602826610153661,1,0,0,0
0.8891417891182414,18,151,34,2,0.7182676397706323,3.4261415372384914,1,0,18,1
0.7537021926738403,1004,18,18,1,0.7739652760388498,1.8161380887690848,0,0,2,0
0.49607210385481215,1114,18,11,24,0.1213482662017063,1.317844118241329,0,0,0,0
0.5015632221525201,880,27,24,10,0.214928232754649,0.9309244681610089,0,0,0,0
0.5636494734531828,1216,23,29,7,0.3564705698447646,1.607857806860197,0,0,0,0
0.04551912880210078,404,33,15,22,0.2594953737533376,0.2945368483304238,1,0,0,0
0.9052943941290196,1345,10,24,18,0.03628918577494213,1.4524557763644614,0,0,2,0
0.28639215919847955,657,19,22,4,0.21423791007380927,1.145176101038311,1,0,1,0
0.7671779131143475,93,21,9,9,0.2202693980292887,0.8622252436060704,1,0,0,0
0.4527232970845699,329,40,5,5,0.6900515984907868,1.560676876899727,0,0,0,0
0.3755764463699044,133,2,25,6,0.7126063837465748,1.5477006071881914,0,1,1,0
4.205527528949268,13,144,86,4,11.030666272272175,2.838015163720935,1,1,18,1
0.5454323710817296,1674,13,3,19,0.6489618446486949,0.7002795079571817,0,0,2,0
1.0688300889735398,3,40,89,0,0.5898453969132105,9.505296332902752,1,1,15,1
0.3189283220226359,1217,12,28,8,0.14785984718530165,0.29065628397951215,0,0,0,0
0.5,2,90,93,1,1.9770449875926923,6.582089088106855,0,0,11,1
0.4920443752117819,414,18,4,11,0.5829804182419188,0.4650121021921738,0,0,1,0
2.754049322736135,2,116,78,4,7.924122749704696,4.764916872280867,0,1,10,1
0.45691069686728325,1753,3,17,13,0.050908862609227494,1.8907642744049122,0,0,0,0
0.00807899831147088,984,40,29,7,0.05601254638199732,1.2591007325134755,0,0,2,0
1.3262780241103904,163,10,14,6,0.2739068948670248,1.1362751596487228,0,1,0,0
0.4572737712303205,71,36,5,14,0.6858263170072061,1.1881443086511574,0,1,2,0
1.4591161503671441,1053,38,15,18,1.6749699900432777,0.8590138448709892,0,0,0,0
0.07432268527692112,1653,24,25,5,0.06672566544307405,0.5776080724406039,0,1,0,0
7.155754594648132,2,169,42,0,1.0686807310975373,2.8118352046118185,1,0,3,1
0.09996873104671394,1616,42,18,12,0.1134071002652555,0.49293563423705034,1,0,1,0
0.694730146057002,205,47,8,11,0.03766396913314331,1.1009274969072465,0,0,0,0
0.5277207410676243,1655,15,10,10,0.17828895594096783,0.18902468995302968,1,0,2,0
0.5,7,192,89,3,3.169482782861486,2.064654134579591,0,1,6,1
0.08681663560918025,601,36,11,2,1.162355929091303,0.9551002299560933,0,0,2,0
0.12500656455306117,814,9,24,12,0.042188436640560815,0.29475638356078715,1,0,2,0
0.16420613069449796,1041,47,15,21,0.3821222327813867,0.2659320960481866,0,0,1,0
0.04850304289052596,673,15,28,20,0.32520121720901707,1.783701758837734,0,0,1,0
0.0066850936976523435,1286,48,26,13,0.1208191656925448,0.8925087578663937,0,0,2,0
0.08687456019759164,853,46,19,15,0.2463598146670842,1.6436933206360262,0,0,0,0
0.023547188476260264,1078,8,9,7,0.14422423045218152,1.1082267641804036,1,1,0,0
0.11228261983616321,658,42,8,19,0.7539853862237792,1.4937983257591847,0,0,2,0
0.7011344458060847,975,13,25,9,1.2272888572034828,0.5009227378727172,0,0,2,0
1.5457464948642112,1743,2,21,10,0.4553174652848907,1.9922579625072985,0,1,2,0
0.09381941434491006,1230,42,17,23,0.8538347204694241,1.960708579633416,1,0,1,0
0.3391467166708467,766,45,18,12,0.9814352555662714,1.8414060024072012,0,1,1,0
0.07926831725002745,994,17,21,9,1.1255411393346875,0.9360338000115187,1,0,2,0
0.15469218208957863,458,7,10,23,0.1108003871484079,1.1776226311119504,1,0,0,0
0.622522401588881,1189,15,28,1,0.13238386985810713,0.4408798946819483,0,0,0,0
0.45028348928672307,303,11,27,15,0.37108349457128187,1.8017122538665433,0,0,2,0
0.060573221787810085,969,13,21,17,0.008633673938971865,0.9047613810652266,1,0,2,0
0.25846099653799737,1605,42,21,19,1.3564148276448769,1.3861370045368178,0,0,2,0
0.3652848376075648,1610,36,28,21,0.5768321406510633,0.9219943771805592,0,0,0,0
1.0865302700153756,298,11,18,24,0.039066791664940266,0.6308406219815661,1,0,0,0
0.6597356297124191,426,24,14,12,0.07737399673026452,1.3303130478112264,1,0,1,0
0.12146599900901198,502,12,23,3,0.024565767984644545,0.9313363530323016,0,1,1,0
1.1602423117498835,1782,19,1,10,0.4710795891307027,0.5736121707605173,0,0,0,0
0.5227796404115659,1694,44,2,20,0.05094344222111176,1.8880148078064445,0,0,2,0
3.0313941923806773,11,168,72,3,0.5479750883507208,5.9872956681268095,1,1,6,1
0.798002681663245,1052,14,23,18,0.31061877861299286,1.0965831633939207,0,0,2,0
0.35823414886985966,1767,1,15,12,0.669288050290142,0.18516941121742603,0,0,0,0
0.157865682846333,1615,2,9,17,0.06782406161476905,0.33445371404654045,0,0,1,0
0.5,29,115,17,3,7.231393777370004,4.212465409469132,1,1,5,1
0.30368675459765626,1342,30,20,24,0.34012927838573725,0.5700748501248298,1,1,1,0
0.08466708593202987,587,40,15,21,0.6985186311926315,0.689446845438,0,0,1,0
0.6574455979103181,143,3,29,12,0.37633961827387075,0.10538165110709308,0,0,2,0
0.22269361852603592,427,6,2,21,0.47574712210156256,0.7157130879442126,1,0,2,0
4.651270907554337,10,31,36,3,1.515330853586474,3.3672060353076017,1,1,8,1
0.6884727482585706,1252,19,21,10,0.16899942909344035,0.6895278196258134,1,0,2,0
1.5065772031925546,846,10,26,7,0.2916379397252686,0.6373482837440101,0,0,1,0
0.5898449381901769,244,19,20,14,0.9451250927691929,1.8748288200149468,0,0,2,0
0.3618090288086634,1477,23,25,4,0.0033618781612668883,1.6009282424277822,0,0,0,0
1.1789536484812269,1213,31,15,1,0.7215718006473553,0.8718532438832878,0,0,0,0
0.4433665272312192,1579,29,6,11,0.5317994460239424,1.126283657621045,1,0,0,0
0.28349245633047143,455,42,2,10,0.4944561931060534,0.01260989263836132,1,0,1,0
0.1737081285183237,1586,14,12,12,0.997178368021471,1.2296299053112723,0,0,1,0
1.3181384631263247,1799,13,6,6,0.012527241950085966,1.3780702062237578,1,0,2,0
0.20440324342331664,586,38,7,24,0.15077280275685612,1.2591102838800767,0,0,0,0
0.7902662679606205,1165,33,9,16,0.20069589271277147,1.4429941531469475,0,0,1,0
0.22300677364636376,563,22,29,23,0.12637513242708268,1.4130872629254867,1,0,0,0
2.0528485611408693,1792,9,15,15,0.11467939974948863,1.253763606460967,0,0,0,0
2.693193334248525,865,14,3,14,0.9402488825544126,1.0769160931562756,0,0,0,0
2.2869521834702695,29,159,41,1,4.402211394668788,3.248907103686271,1,1,4,1
0.3153287198928827,512,43,1,24,0.056472905630645866,0.2603873646128698,0,0,1,0
0.8013696500504556,1713,28,15,21,0.6732531715548844,0.7584865944346864,1,0,0,0
0.5837968155484062,1192,23,1,5,0.25437163616974184,0.12189082483249258,0,0,2,0
0.2089488267305845,1617,6,9,14,0.05885949224721864,0.5834836052295482,0,0,0,0
0.10822209103070679,928,28,24,24,0.39763613503981066,0.526505683568431,0,0,1,0
0.5281558624441863,1103,43,12,22,0.3109289221988898,0.8421885683028392,1,0,2,0
0.1974261916458344,682,8,10,7,0.9771992153795823,0.8585722460086098,1,1,0,0
0.2892049236190386,455,25,24,11,0.44553733783668115,0.1941561278078765,0,0,0,0
0.2834926344838265,1488,6,16,20,0.02644001193526854,1.1432091885745375,0,0,1,0
0.552852195130109,784,16,15,15,0.2051942142981461,1.5749538560668135,0,0,1,0
0.4660232749124953,1384,31,20,4,0.010291570939435241,1.3597384639522787,0,0,1,0
0.1330042329500564,1274,36,11,14,0.19003257079345182,1.1602861706558212,0,0,1,0
0.34374886511694164,771,14,28,10,0.5691153956120076,0.8774450344095501,0,0,2,0
0.5303374343245907,1224,17,5,12,0.31980733018712043,1.896043675816384,1,1,0,0
0.2620350029836781,1539,39,18,18,0.13302351592082445,0.8944264843584215,0,0,0,0
0.8311605325671305,21,130,57,3,1.081579011870699,8.984816716212144,1,0,15,1
0.06274684788568367,1161,20,25,3,0.22127412963255177,0.007016699106872082,0,0,2,0
1.4678164780006482,324,40,7,18,0.26857098454951306,1.1031507555543334,0,0,2,0
0.5351856807085196,565,46,22,19,1.1765324076388581,0.0987841523617512,1,0,0,0
0.5,11,35,87,3,9.895173634749167,5.978183117842194,1,1,17,1
1.0951561116018707,263,6,27,5,0.01504438525406174,1.5627675352690744,0,0,1,0
0.1074260314606855,1399,11,9,14,1.244799757721421,0.01795676851341388,1,0,2,0
1.7172964055921456,488,29,9,3,0.3740197918303447,1.8026079724902464,0,0,2,0
0.6957115942969321,1432,16,5,6,0.5788335106349731,0.0935294994735354,0,0,1,0
0.7867036332608857,829,33,28,10,1.0667210829278415,1.5345181052853134,0,0,2,0
0.35617404515091,76,37,11,23,0.571822406637993,0.060449024130942774,1,0,2,0
1.1491699247752918,955,34,16,24,0.9382816190995957,0.32996412669355824,0,0,0,0
0.7140331114141043,499,26,3,4,0.7598629241537305,1.7408606249016507,1,1,0,0
0.16554173341981473,1248,42,11,21,0.09809265261109062,1.9059140977997524,0,0,2,0
1.3894566076408905,23,59,72,3,3.408867521085379,3.8446295265522332,1,0,11,1
0.169580835284943,1404,17,4,21,0.10254922631651137,1.8534220120443587,1,0,2,0
2.2935889515729975,5,20,36,4,0.13040949557458079,6.862486430185498,1,1,3,1
1.6399146095238784,263,44,7,20,1.0762924800422478,0.3497070662278585,0,0,2,0
9.328993065103965,20,26,40,2,1.9026685689203495,9.237069912869064,1,0,19,1
1.086188387330262,976,23,14,8,0.3462342375017943,1.9363589939489132,0,1,0,0
0.2580955236241663,529,25,14,6,0.046672829026441855,1.1385519743647943,0,0,0,0
0.11792901497912002,1170,15,2,24,0.771771244681783,0.9629940406032369,0,0,0,0
0.24871665370648693,923,49,9,20,0.21099808018756963,1.1963698294533924,1,0,2,0
0.18796377264691988,1527,36,5,17,0.2042841608713133,1.2933641961102775,0,0,1,0
0.2120389051557105,1231,3,10,19,0.036697553868162085,0.985024931005297,0,1,1,0
0.9338155790853141,1102,9,29,12,0.9768626046337133,0.7406838157842712,0,0,1,0
0.5509497301556076,1121,19,1,6,0.06583001381248789,0.24263733416243172,0,0,2,0
0.8499488048327594,1569,9,25,13,0.07495954698272561,1.1164367659432297,1,0,2,0
5.5822936966954995,22,105,94,3,1.2303152628754037,4.041157128506252,1,1,5,1
0.2003993052358571,687,39,22,20,0.8808931413509664,0.5222174817156178,0,0,2,0
0.6101713820598991,1551,9,2,2,0.10308859111485105,1.4966742984520378,0,0,2,0
0.3641511413053084,1168,30,11,14,0.5370747518493765,0.6206512421441601,1,0,0,0
1.4852047811259548,7,79,11,1,7.844617497445673,8.903880164826369,1,1,15,1
0.36460654678634163,618,20,21,15,0.2960285765824065,0.9770358656705973,0,0,0,0
0.7934039388001802,18,22,57,3,0.9422267621140723,5.212397742759713,1,1,19,1
0.06981724460266821,1417,13,2,6,0.15376792476674192,0.6795468538938305,0,0,0,0
0.020467871021964335,1432,7,2,19,0.39648488962458356,1.3006215437911721,0,1,0,0
0.0019136185981980284,80,36,17,15,0.17192532397669297,1.1898093738003719,1,0,1,0
0.5,10,137,32,0,2.889217609649844,5.649186187422728,0,1,18,1
0.012644371955660195,1250,1,20,7,0.33946791914395186,0.46119148231700535,0,0,1,0
0.38902418548362766,1356,31,5,19,0.060799032807377584,0.502960390027555,0,0,2,0
1.0933093321104006,991,17,22,9,0.06112441546828245,0.5215215595360227,0,0,0,0
0.6841083244042047,362,44,16,11,0.018019171219386124,0.3461896079190159,0,0,2,0
9.469556639803844,29,55,18,4,0.23443065722428572,4.318406281790815,1,1,4,1
0.06944657242346085,776,20,20,7,0.22624577703221155,1.101464291343899,0,0,0,0
1.2303009362869488,351,31,26,22,0.17577422769496248,1.8493889035801494,0,0,2,0
0.09418625811311385,103,31,15,18,0.5578820043069566,1.223559484438768,0,0,1,0
0.6341989784111247,347,6,15,2,0.9634709973882245,0.4728019996509156,0,0,1,0
9.28429828387678,8,20,96,3,0.234489085658677,9.93860501597164,1,1,11,1
0.014123735229361166,1608,4,16,13,0.28288319814130386,0.7946442889236272,1,0,0,0
0.4989881481727823,1737,32,19,4,0.17026047313215253,0.22293245202435075,0,0,2,0
1.5615562696167358,1599,36,1,18,0.056558058939521906,0.31520776073915635,0,0,1,0
0.8032471219130598,1096,47,12,22,0.40135516384778946,0.16052918105049518,0,0,0,0
0.2119272203863632,1298,37,7,15,0.17994820467688988,0.8904471863651002,1,1,2,0
1.708087042308406,27,66,71,1,2.5573510400076227,5.611511588581921,0,1,10,1
3.1044517427123663,17,153,58,1,2.7538785270911292,8.025466263350932,0,1,6,1
0.14823548004624207,756,8,22,4,0.19009068170771007,0.03683597623040602,0,0,1,0
0.5,19,88,73,2,0.5828232289388473,4.7755965141978916,1,1,8,1
1.3942140179522913,1187,36,2,24,1.5106798874035736,1.5854382236686602,0,0,0,0
1.0463793216148858,1243,27,7,12,0.9039142058939138,0.6304725120687493,0,0,0,0
0.4363101623455592,884,30,29,13,0.12058197025044946,1.4407872587914803,1,0,1,0
0.2708512532965567,283,23,21,19,0.042726125711484056,1.9233682951519584,0,0,0,0
0.9786625034027141,1749,37,6,14,0.1911848937901692,1.8398563254524254,0,0,0,0
0.5745365046445831,169,17,12,7,0.17081011030416793,0.049865069330059075,1,0,1,0
0.17628576980277544,651,15,5,5,0.6910091533950783,0.9071420388460099,1,0,0,0
0.08768903543235089,873,12,23,2,0.094743356443213,1.166579260061406,0,0,0,0
0.1543422764910269,85,35,21,7,0.2873600792016671,0.0649320384674048,0,0,1,0
0.16931767364350636,817,6,4,22,0.054135284964927526,0.36499722839522963,0,0,1,0
0.03444182867956367,1768,41,3,15,0.9089105939079047,0.7718359551920455,1,0,1,0
0.5,13,25,25,4,2.551997406150404,7.713015722625889,0,0,16,1
0.44207698034597237,1650,26,29,4,0.42224961657514415,0.02312817738540396,0,0,2,0
3.4391814120462167,20,69,75,1,1.1574302930976754,6.667581039140245,0,1,6,1
1.5363458234562006,1059,2,23,1,0.23192891801531543,0.2859734096657427,0,0,0,0
0.8632757253150998,699,19,28,11,0.32152336208717597,1.8985082596335787,0,0,2,0
0.18997535903047716,681,16,13,14,0.018281559862688337,0.5128414701697774,1,0,1,0
0.1431594337931888,1747,47,9,5,0.001,0.7041402209301173,0,0,2,0
0.0873942445366517,1740,23,1,5,0.7958859200956611,0.5122611982189109,1,0,0,0
0.5,7,166,99,1,0.23631347095528513,8.440407148082507,0,1,12,1
0.062072309148845935,770,2,17,18,0.6141410906459484,1.2879539420604786,0,0,2,0
0.08355644239675343,1185,25,13,7,1.2972539344778378,1.5998922524168295,0,0,2,0
0.09126993723510875,1685,36,10,11,0.3437585123475057,1.63919229353724,0,0,2,0
0.049941404435918865,702,45,28,22,0.8858016789586189,0.40531162401557896,0,1,1,0
0.03379496774473716,723,44,13,18,0.16680193560831277,0.4054141590836837,0,1,2,0
0.023410619638977424,1460,17,28,3,0.34036899512036906,1.114453524595549,1,0,2,0
0.5531494222334932,65,13,21,9,0.1224680769339195,0.1198148121373126,1,0,1,0
4.675509610007057,19,87,33,2,5.610359727583221,6.250736213152541,1,1,17,1
1.707545961525044,1531,13,27,17,0.653441035806288,1.930433953321317,0,0,0,0
0.5442973802898314,383,13,13,21,0.5439872304601717,0.7093013510632034,1,0,0,0
2.677985793016994,5,176,12,4,3.1199697396297066,4.43746928425711,1,1,11,1
0.17464913668912496,437,44,10,2,0.291322669741604,0.03074036541757752,0,0,1,0
0.09417743183003696,1789,19,23,14,0.9097071027480743,1.4683576318100295,0,1,0,0
0.641298047170358,833,22,1,11,0.35794932569675564,0.3281546472727279,0,0,1,0
1.860263881034444,987,9,13,20,1.015108683196936,1.1157455199782733,0,0,1,0
0.20836683546537657,1747,42,21,4,0.19989942141221564,1.1854154866007698,0,0,1,0
0.24971358204079722,217,5,26,17,0.21786343127380176,1.67044685620915,1,0,2,0
1.95355014646045,17,46,90,0,1.526022473731139,3.0212919887543617,1,1,4,1
8.94687103258961,23,66,87,3,1.2098206616807514,2.0684871797615916,0,1,9,1
0.5180301743803973,457,34,19,10,0.3605453641232754,0.4815218410671096,1,0,1,0
0.7558393225063182,29,97,84,2,2.281593099557392,6.492527030595093,1,1,15,1
1.1886275460975453,349,30,15,9,0.41715695177602685,1.9287400527035574,1,1,1,0
0.05522440864253784,1044,15,2,23,0.28314211258092903,0.9230562162005838,0,0,0,0
0.48825870248184605,1239,9,12,6,0.15054785186284603,0.3482124085354772,0,0,0,0
0.2040734912546543,1103,12,19,7,0.08517723427454002,0.32297821057954557,1,0,0,0
0.08832265259667212,1420,31,19,20,0.5335616983803975,0.6825053189077004,0,0,0,0
1.3707235304485774,1307,38,19,20,0.0012049974265757233,1.139483155732331,0,0,2,0
0.1835718935806393,1762,36,15,12,0.12208618030249943,0.3157845222161162,0,0,1,0
0.8587554531024689,1628,8,26,22,0.17930509353300628,0.9569399535241008,1,0,2,0
0.11038420756713982,1645,17,2,23,0.1164973360998256,0.6103633485741284,0,0,2,0
0.17640605735917972,1416,13,22,22,0.6298073262654591,0.4276487557389883,1,0,0,0
0.023140982843415977,1268,2,6,7,0.5606523255374406,1.5645752107544937,1,0,2,0
0.4654221230029178,1444,33,9,12,0.23904558607415374,0.6091599957440708,0,0,2,0
0.7498400233730234,1117,17,3,23,0.1275605773917338,0.16523486160263734,1,0,0,0
0.6424654587500687,889,26,22,1,1.0452528554917846,0.207010462837381,0,1,1,0
0.040983519737289864,1180,34,23,4,0.0712046364201047,1.3632049296136033,0,0,1,0
0.663274216899862,358,28,24,24,0.3909019285897546,0.883154801795027,0,1,1,0
0.2502356588495185,1780,34,24,19,0.024643199331564197,1.7094546121903018,0,0,0,0
0.05332824398536797,543,27,14,9,0.04624523717224347,0.666116913326203,0,0,2,0
0.019592058371878027,134,10,14,8,0.16356866557747693,1.1920537570584022,0,0,2,0
0.48410112044944864,1102,44,29,2,2.1360587722605753,0.7959855750848714,0,0,1,0
0.935804781949586,587,31,13,9,0.04640016539448244,0.5923821277048338,1,0,1,0
0.17256179991386872,728,12,16,2,0.22091663840598408,0.1839912115046054,0,0,2,0
0.05941367284870245,477,34,21,5,0.14727402864699152,1.6611510441266828,0,0,2,0
0.2242414582282474,345,6,2,18,0.012517295932093843,1.7679485974236986,0,0,1,0
0.09359169618058402,877,26,27,10,0.30945815876054406,0.4404320186885009,0,0,1,0
0.5218306260084528,1687,35,19,12,0.22228568359421164,0.6079227434069481,1,0,2,0
0.8390963759621963,4,130,97,3,6.287200868183218,4.104021993620059,0,1,14,1
0.02979244503124204,239,36,26,2,0.3786578573330726,1.556886226586644,0,1,2,0
1.1785153543676272,342,26,16,15,2.59993721434168,0.6582200024372729,1,0,0,0
1.2473927009813524,1007,15,20,19,0.5732689913732232,0.6260845241795701,1,0,1,0
0.23026672405936968,515,1,12,24,0.07826114488364944,0.4003984333010262,1,0,2,0
0.31396014783062026,1332,39,10,4,0.06612193389453233,1.8190730030996618,0,0,2,0
0.11700867439698928,848,47,4,6,0.17057284655335625,0.7992293083409443,0,0,1,0
0.8250188411079545,1011,29,7,8,0.24681865002055647,1.0973825324186706,0,0,0,0
0.799260562348389,111,39,23,3,0.7054071352792883,1.9956788662352813,1,0,0,0
0.08435150338047774,1665,41,14,13,0.0028532509834139756,0.0050175496845934475,1,0,2,0
0.8026183029095837,1568,6,22,14,0.7122698134919584,1.5837254505528775,0,0,2,0
0.6748145726709837,1096,33,1,10,0.08149909516018995,1.655458131656584,0,0,2,0
0.31653499900349047,621,18,21,24,0.32097417636683495,1.5951275732594998,0,0,1,0
0.5,11,26,35,0,1.511378597032016,4.903203203388525,1,1,4,1
0.14415306609661313,818,29,20,3,0.030926130493781165,0.19339502749411186,0,0,2,0
0.316278188330141,360,14,12,10,0.6044482437924259,0.033154943371176415,1,1,1,0
3.9287312077039833,26,144,98,3,1.5450452180245091,4.07929820273101,0,0,17,1
0.587606292773439,77,16,9,4,0.35223827389586526,0.9557769829566678,0,0,1,0
0.41719764796521525,239,28,27,5,0.5677362199573269,1.1695499573330546,1,0,1,0
5.825997714716644,4,116,71,2,0.22397818113627077,4.3864784871314,0,1,11,1
0.3656819599311364,700,49,28,4,0.13863519741028407,0.9526240190189004,0,0,2,0
0.9918444058315496,19,69,46,0,3.9809352417214234,9.965756034352617,1,1,8,1
0.5301620768542386,1146,27,26,11,0.23547737471403477,0.8818006353438366,1,0,1,0
0.13254204188196106,1606,37,2,6,0.6075216605810398,0.540132143103613,0,0,1,0
0.27772089505501707,1707,35,12,24,0.07758673182580536,0.8204624672744507,0,0,1,0
3.404373945229885,11,196,38,1,4.246599580122074,8.303089474090891,1,1,12,1
0.3289296513143755,1099,35,24,19,0.7553931310461304,0.8687944983624354,0,0,0,0
0.18116430595060465,1776,22,26,23,0.9097072734889164,1.2031135248892162,0,0,0,0
1.5024790562678798,1297,23,9,21,0.11823411110969695,0.8939528336378404,1,0,2,0
1.1984785950641348,1216,41,17,23,0.06135602827208373,0.7257791119537431,1,0,2,0
0.17480760959518882,1013,43,1,16,0.08300476889640535,0.853392237427101,0,0,1,0
0.813652737495526,649,7,29,7,0.04835944533587945,0.015716753404816375,0,0,1,0
0.38619765479522983,1048,37,14,4,0.05637568440711276,0.014887177104347282,0,1,0,0
1.0033275014712986,505,45,12,14,0.04454914056839426,0.26832243868956196,0,0,0,0
0.5443787895068338,3,157,52,2,0.14338527219784272,5.2594254120682,1,1,12,1
0.1620884215643254,105,29,3,19,0.251866902378315,1.8326276844526426,0,1,2,0
0.10132878735771451,990,37,18,15,0.7111790842163851,0.36149086611477244,1,0,0,0
0.4377030674777809,956,25,5,6,0.06506511251160398,1.4978889095944903,1,0,2,0
0.9317502459260151,1381,5,23,12,0.6535799537958356,0.6441387219696018,0,0,1,0
0.15557909833478298,1330,45,29,7,0.6046403949368365,1.4454094252139156,1,0,1,0
0.7187068579298894,1262,10,6,22,0.02898357314213751,0.6086890503236366,0,0,1,0
0.4067647092308345,1793,2,8,5,0.5800015517286491,1.2007111015663325,0,0,2,0
0.210055959878204,1324,2,18,10,0.002727247212184698,1.7640667490376838,0,0,1,0
0.7566569501452846,616,4,8,14,0.38664616801388707,1.2883878512556433,0,0,0,0
0.15532407280053537,926,6,16,18,0.9800497418901041,1.7476460325264997,1,0,1,0
0.43918821621381005,736,9,12,24,0.2917078744107737,0.28983249677554324,0,0,0,0
0.41496428636456806,1133,27,13,1,0.02069591693122435,0.7977118528783271,1,0,1,0
0.6852988587982364,736,2,25,17,0.1288834434780471,1.928665201778265,0,0,1,0
0.04085227772741556,1160,11,3,19,0.026872352430136054,0.8718698095634578,0,0,1,0
0.5861124828976646,1306,36,1,10,1.1544184766605006,1.4247274261933056,1,0,2,0
0.47592049292871924,1612,42,29,12,0.20569311456576267,1.3245725674583961,0,0,2,0
0.37321762833953315,181,45,26,16,1.370041805951399,1.2867682172277009,0,0,2,0
0.024785657895075933,411,9,26,1,0.08735768578710928,1.3358172085018603,0,0,0,0
0.7650858359617665,858,47,17,10,0.8289049995593543,1.6529751767439818,1,0,1,0
0.28391931730258213,1363,19,12,19,0.47472708117750895,1.5469870937576138,0,0,1,0
0.9654211885867282,1311,14,13,3,0.10851437541484713,1.2279584504968841,0,0,2,0
0.1281104354863943,1568,36,21,17,1.4018101764975572,0.3865313812152191,0,0,0,0
0.18911948365422837,507,21,16,15,0.2863814786373558,0.7783667702262573,1,1,2,0
0.022900721486151392,258,8,11,7,0.049674666685720535,0.013191146839166334,0,0,2,0
0.6687544758327828,934,34,5,17,0.1140650785358858,0.8684867841980943,0,0,0,0
1.5029272816458823,1597,28,19,16,0.10913021518133013,0.38983445548850537,0,0,0,0
0.1649983439696683,820,21,20,15,0.8747976514097924,1.6367759592839,1,0,0,0
0.5372631236659405,530,31,12,3,0.5757243593758908,1.9495450094419111,0,0,0,0
0.5608794180804345,1730,25,17,9,0.3544738901668925,1.4839054528412625,1,1,0,0
0.5,6,158,97,4,2.450482967562822,4.223856151775747,1,1,9,1
4.012448170122805,25,105,11,2,4.617146568615559,8.38213187611774,1,0,19,1
0.7074459290608738,674,32,23,8,1.2226449719532597,0.48658415363256124,0,1,1,0
0.11966828041257073,1216,37,3,4,0.6012155290830993,1.7473047085985514,1,0,0,0
0.09165567669698085,1434,8,9,23,0.023930277097775312,1.5223320222825436,0,0,2,0
0.47318543694989934,710,8,20,19,0.5163055958390246,1.2721702889444677,1,0,2,0
0.6401946856224549,738,30,29,2,0.08177116315292282,0.47831079786111697,0,1,0,0
0.0029409964700378233,511,49,16,8,0.05958317084816639,0.8492792180106699,0,1,2,0
1.777497639444521,28,160,52,2,2.813042047077135,7.218208635953179,1,1,3,1
1.184562559072742,1553,39,20,17,0.15325099948325627,0.9306467901417041,0,0,1,0
1.129550877690156,790,17,23,6,0.17860545931411356,0.8210967019958446,0,0,1,0
0.1116656871289236,608,36,8,22,0.2514728785416574,0.30650992463823146,1,0,0,0
0.11941248046516136,883,42,3,18,0.3110294579517998,1.459645837662148,0,0,2,0
0.5120420255379032,1736,9,14,1,0.3489391279822547,1.8224974196890584,1,0,0,0
0.9294962453380751,1376,46,4,10,0.027432998890560563,0.5127674950653343,1,1,2,0
0.4200221527936287,305,16,15,15,0.7413966620330292,1.9711756817630026,0,0,0,0
0.13931490422755516,530,19,15,3,0.380483063751891,1.2283830928324622,1,0,1,0
0.6366816872903973,686,1,9,8,0.20585868337081037,1.3319013622865807,0,0,0,0
0.20426360042939257,971,30,11,20,0.47374950652197834,0.009543396860355546,0,0,0,0
0.41602205183809027,1563,17,26,22,0.29889974624817184,1.7138887922789996,0,0,2,0
0.5069538156672787,430,16,29,24,0.17032684830696587,0.6452117017102077,1,0,0,0
0.29392531365384694,362,39,7,6,0.8142825021187401,0.5401225219181456,0,0,2,0
0.4943752521816599,1418,49,24,14,1.0342788236919642,1.248539602393435,1,0,1,0
3.2027364403170715,123,17,25,9,0.1074032535142565,0.4232644680138886,1,1,2,0
0.00968941973322315,1679,21,21,8,1.1997547271628732,0.2662232264447175,0,0,0,0
1.349375596598192,109,6,2,24,0.05914135187004868,0.8715366158120692,0,0,2,0
0.15830242978489664,601,36,3,17,0.37918509604530415,1.4275583383390138,0,0,2,0
5.825247139557307,18,75,38,0,0.6002824202947337,6.233553734850133,0,1,16,1
0.22390498778991103,914,6,10,21,0.6780112344769513,1.9067716705427749,0,1,1,0
0.1090656821067724,773,16,6,24,1.1124858947082772,0.20554112049861395,0,0,2,0
0.08972232827997535,1588,26,1,21,0.17575460845102023,1.1575267866042702,1,0,0,0
0.3955067458732003,1603,12,14,21,0.4082634390081024,1.0745547156466038,0,0,0,0
0.3986007548931429,1019,9,14,21,0.16664203090222426,0.63565256872096,0,0,2,0
0.4080860469667863,1005,47,24,6,0.27596113812414447,1.5995743828549225,0,0,1,0
0.032212767012842175,1506,34,4,15,0.3457450606183215,0.7884195275642281,1,0,0,0
0.17789721849606435,762,49,6,22,0.29709304421481975,0.3124377215610028,0,0,2,0
0.3571164541230529,1729,34,12,11,0.7845714786850928,1.7771479695205834,1,0,0,0
0.11847539870973123,1493,7,6,1,0.37833141758544925,0.48783051135725075,0,0,0,0
0.15275152788324525,1354,9,28,20,0.036409814326673916,1.8624418407379613,1,0,0,0
0.2348982889601336,617,37,12,16,0.6252350796602153,0.699692536048311,0,0,1,0
0.29853987369967583,1675,34,11,9,0.06978971763947898,0.06989796078094046,1,1,0,0
0.16902939922558355,971,45,27,2,0.9198675359099142,0.8970608267976523,1,0,0,0
0.12966125165900244,1097,30,26,11,0.335830650610924,1.5434978839063898,0,0,1,0
0.7169438131197314,1342,15,10,23,0.17028164298221413,1.8151095586984853,0,0,1,0
0.4265991271765617,1252,12,14,21,1.9994671471908252,0.5092320336690603,0,0,1,0
1.18770570239759,21,181,21,2,0.1,7.218500020175095,1,1,4,1
0.5811505350055037,349,44,11,4,0.2719268605177828,1.7550687091033101,1,0,1,0
0.5393813695219573,719,8,18,6,0.21174820938575714,1.5498076545088102,0,0,1,0
1.0315708971410293,1064,19,19,8,0.5314499480168492,1.6973396886687722,1,0,2,0
3.855399569628288,29,27,74,1,1.7525391069739096,6.654547897820111,1,1,19,1
0.7136308951975792,634,10,26,15,0.42160074821461735,1.9154887520521198,1,1,1,0
0.05441875940335901,662,33,24,13,0.02998493537987844,0.5874233755684437,0,0,2,0
1.2615695735973556,626,10,19,20,0.8466994683475731,1.0454034084787311,0,0,1,0
0.7885162966434227,14,94,21,2,0.302176437356313,9.373980117761235,0,0,8,1
2.0258350164140655,13,157,45,2,0.9375052394662671,8.841325567439343,0,1,7,1
0.5918618415124921,1234,10,6,17,0.013551819204879271,1.7943896052570762,1,0,2,0
0.7699480896702187,27,142,59,4,0.1,8.214830081519146,1,1,19,1
0.2870399687684203,743,27,12,2,0.06147532961358936,1.805163780049148,0,0,2,0
0.5077192919941805,6,113,20,1,5.159831559676917,7.24161225125043,1,1,7,1
0.08144221725151286,806,7,5,14,0.06443573769202908,0.615357131480063,0,0,2,0
0.7961362694658197,991,11,23,21,0.32728994726937266,1.0690547484486355,0,0,1,0
0.38645456901744313,1689,1,16,18,0.6784453980943357,1.7374311394149695,0,0,0,0
0.1685932608990672,522,2,13,2,0.1190326387580991,0.2865104087815571,0,0,0,0
0.1967660434015434,613,1,28,4,0.28758686057924127,0.7948838545143433,1,0,2,0
0.2733290921078203,199,17,24,5,0.15107021391091033,1.0783820146616088,0,0,0,0
0.3849864921454185,932,35,23,15,0.5723199760713116,0.8860065302976896,1,0,2,0
0.040051899429972546,1498,8,7,9,0.5007579357907543,0.6751215608443129,1,0,1,0
5.540682740016447,14,146,99,0,2.8431878421224983,6.932370392767557,1,1,8,1
0.5375081026707593,1728,39,11,13,0.1096439261493033,0.10112664821194484,0,1,1,0
1.1384456046852656,507,37,4,11,0.3265087286653212,1.91759019044332,1,0,1,0
0.9990339665878519,840,47,12,2,0.08078304427657854,1.9346505135906515,0,0,2,0
0.11463191739354421,1478,31,1,14,0.07134289566061491,0.7612888479188693,1,0,0,0
0.17666190945233523,367,3,15,23,0.20531678681598797,1.9516877260708916,1,0,1,0
0.2595978599019197,671,17,3,16,0.34276397543003606,1.2054021502775945,0,0,0,0
8.878116838142423,7,159,38,2,0.8030623730147323,2.635626427999348,0,1,6,1
0.17485594985074177,920,4,19,1,0.014189687499739215,1.97863958694939,1,0,1,0
0.02836803477969453,1707,19,15,2,0.5235005961828554,0.08431044070190685,0,1,1,0
0.09605565292785413,1424,29,24,20,0.19375786667734787,1.70998455198868,0,0,1,0
1.5121002600623663,1009,11,11,14,0.11385117003967955,1.563724562998787,0,0,0,0
0.3361088330856207,1435,24,11,15,0.1024291185451445,1.2002355199362695,0,0,0,0
0.10573709760560679,1470,41,2,2,0.4620663547188464,0.33884748039482115,0,0,1,0
0.5,23,151,17,2,2.489811457081986,2.9977484949672952,1,1,13,1
3.433290305329084,22,76,34,0,1.537241402622194,2.675900475044074,1,1,16,1
0.02026060715679061,957,19,17,20,0.01742271298053184,1.3064367067756597,0,0,2,0
0.8428113401910903,608,37,1,23,0.0397040502981797,0.9548283594708331,0,0,1,0
0.7741408965374802,669,2,26,21,0.2994886196942557,0.5768127664988023,1,0,2,0
0.6413402087725523,1576,47,24,2,0.2556000189513108,1.7557428553527674,0,0,1,0
0.04231574841409748,345,22,20,5,0.16180063777335932,0.14010587933804852,0,1,1,0
1.3017456031980643,21,40,41,0,0.46815100115059394,9.886448140735375,1,1,15,1
0.1633461295940963,1018,30,4,14,0.19292867424686497,1.2798672112611262,0,0,2,0
1.0260564224384563,1721,4,27,21,0.2028276465783878,0.7677005903962173,1,0,0,0
0.5,4,22,35,4,4.702309181542625,7.842558849454482,1,0,9,1
0.1254964869333525,1652,20,25,13,0.033222196724172495,0.966870115280442,1,0,2,0
0.015780489706512146,1073,40,8,5,0.34055434378009236,0.5547121680592229,1,0,2,0
0.9958894376326063,371,29,3,2,0.1325486466312365,0.6494028709224142,1,0,2,0
0.24916713844208654,87,14,2,7,0.24003158563699817,1.5159409173615153,0,0,0,0
0.8420451143894019,1124,49,9,8,1.5551514775999484,1.1088616486545944,0,0,0,0
0.446577511649979,1346,33,2,4,0.16299783710975063,1.563785416980655,0,0,2,0
0.28641300011035226,1250,18,7,18,0.2032727564802127,0.8296443320025739,0,1,1,0
1.9813261065714856,328,22,16,7,0.1311917760976633,1.692441941196949,0,1,2,0
1.9548989254179048,1641,34,25,19,0.03262991482369284,0.10499237426976271,1,0,1,0
0.05496802930068641,328,30,21,10,0.24308196217367978,0.6934014334515912,1,0,1,0
0.0908984644486146,1370,19,20,11,0.3888911257031045,1.3555003260026433,0,0,2,0
0.3431010986717417,1037,13,23,10,0.1932212109151159,0.2244441634168428,1,0,0,0
0.7521251361270432,12,131,40,4,4.736848448986223,9.354334827707884,1,0,16,1
0.5886576433274063,623,45,20,15,1.0129149302358782,0.6387052309016183,1,0,2,0
0.4589598621665501,1162,33,9,15,0.18660450262762404,0.006732868143206616,0,0,2,0
0.5058523425335606,711,47,1,12,1.2661301516306924,0.6147966329660628,0,0,0,0
0.25130749329227053,1039,38,17,1,0.5903283801138683,1.054007939108394,1,0,1,0
0.7409833644919387,982,44,29,21,1.048647872023869,1.7043810662095649,0,1,0,0
3.571081019904674,17,72,90,4,1.5750190258334371,7.3637975921575825,0,0,10,1
0.10094389980158062,369,11,18,24,0.2786883013249023,0.5182262116237506,0,0,1,0
0.11273152721830518,266,36,21,8,0.837100225575071,0.5838619233384297,0,1,0,0
1.0147512690851148,1130,48,23,6,0.5428204156825895,0.07037816908031957,0,0,0,0
0.7519265086281551,883,44,26,3,0.05351585401311035,0.8149372604448486,0,0,0,0
0.5560881426470513,1506,25,28,12,0.2890822566827661,0.8522250353905618,1,0,1,0
0.22434827319387615,276,28,9,15,0.45280120456572637,1.6184836336003003,0,0,2,0
0.5,1,62,96,4,2.9887493402862253,5.981207914624928,1,1,19,1
0.1702816842182709,1517,8,29,18,0.08602911082628738,1.9194278662671134,0,0,2,0
0.2440727168001427,1612,28,9,7,0.12423766511839017,1.5657909180839567,0,0,2,0
0.5,18,131,73,0,0.6426296843884817,7.777157828765724,1,1,9,1
0.0034056592376928564,306,4,6,20,0.2280771559834782,1.8243210992018952,0,0,1,0
1.7719445755078187,3,127,75,4,6.3026919620470645,3.940835163313248,0,1,10,1
0.3010304859675232,431,43,14,8,0.4470246359876871,0.1952782697604123,0,0,2,0
0.4243728712956564,1352,43,20,22,0.16036755691104684,0.7779731749428023,1,0,0,0
0.1444858927806849,72,30,11,18,0.2644206821911111,1.5290538713638877,0,0,1,0
1.0663613298249892,287,47,6,6,0.33921596243263424,1.6743204076808909,0,1,0,0
0.9137360039524066,896,17,11,19,0.3268158740468011,0.5573463052940009,0,0,1,0
0.4015336832574222,85,1,16,21,0.21819160017150932,1.0558883353196173,0,0,0,0
0.8932147716773375,1655,20,1,10,0.06439265938287168,1.9199316274241285,0,0,2,0
0.7008700468177423,26,106,87,2,1.143985593264033,9.965437801934453,1,1,17,1
0.7280342641932587,1285,39,11,6,1.5065998241779543,0.617094194322342,1,0,0,0
0.09992678386106936,1576,3,11,5,0.853040364819769,1.7294459313491908,0,0,2,0
0.24915637484872247,1729,14,25,11,0.8741174968649758,0.2772624553241121,1,0,2,0
0.2616222698075969,1389,27,3,10,0.15190224442047046,0.28207623622831846,0,1,1,0
7.254086673861321,17,41,93,2,1.0035180108821444,3.9652529940032943,1,1,15,1
1.1841188377390452,217,44,11,3,0.13282816682654117,0.8790832981527228,0,0,2,0
0.21778401088064514,1465,23,20,4,0.08877036688914389,1.5260004969080778,1,1,0,0
0.39004387783989813,455,4,19,4,0.17662792313269396,0.04369479377926,1,1,2,0
0.2466849985075385,708,12,27,1,0.09170821448486267,0.07392256809900344,0,0,1,0
1.86527084919955,972,41,1,12,0.14177847286699316,0.24357816551661937,0,0,1,0
0.5,14,81,97,4,2.126651151657532,6.149731230260349,1,0,6,1
1.7359880208042562,138,25,15,12,0.05640361858336066,0.401961864089571,0,0,2,0
0.05138865750125312,903,19,18,9,0.0882562054397753,1.5182174882006076,0,0,0,0
0.5014402010278992,575,3,20,1,0.4613316937507498,0.219173915799455,0,1,2,0
0.037532316866227884,746,33,4,11,0.11409580621461253,0.9084355164686782,0,0,2,0
0.1969519479969872,316,34,25,18,0.0828766548380124,1.354267555617841,1,0,1,0
7.810671810081573,8,167,78,3,2.6249814331177515,8.41323934425471,1,1,5,1
0.06008550538363867,374,5,11,3,0.16074203752333338,0.767452980315003,0,1,1,0
0.16014066430139645,415,36,26,19,0.35643734730619614,1.5801045369841216,0,0,1,0
0.5792197211712292,686,25,12,7,0.28959690069639027,0.3223641306557974,1,0,0,0
0.08200371512553224,1340,17,21,24,0.622718619694118,0.5319481321127335,0,0,1,0
5.131741623986661,15,106,28,3,5.913582473066755,7.348015765761681,1,1,16,1
0.1557092336128623,1256,5,10,14,0.010956050440469888,0.5039242872624585,0,0,0,0
0.38947654208016463,524,26,4,22,0.523138893214771,0.2184961663121261,1,0,0,0
0.03929633724427554,705,3,5,12,0.3957286401353872,0.17653754088909723,0,0,0,0
0.027781528616657364,569,23,2,24,0.09781248716034764,1.0245539434492603,1,0,1,0
0.2891374405569402,697,10,1,16,0.6704530591999857,1.8370609035715695,1,0,2,0
0.29941341369993224,1117,48,13,20,1.2169237382789468,1.4540791155867123,1,0,1,0
0.6966534304535216,1229,3,27,22,0.18676314442330527,0.057454267307865736,1,0,0,0
0.20124892145078502,918,18,6,3,0.4070930743137958,1.2930671047943023,0,0,2,0
0.09138597384292341,1361,37,2,22,0.09341165781606404,0.7456279438420792,0,0,0,0
0.20045126687582965,1566,10,28,18,0.2557184981710558,0.5255195554300902,1,0,1,0
0.04153597691492223,1058,17,14,15,0.3040174514076015,1.8730392433284255,1,0,2,0
0.10532109527205674,1379,22,2,9,0.04470131191881034,0.469374827103481,1,0,1,0
1.0312309439492242,1533,25,16,9,0.5992338559387496,0.1703024817018044,0,0,2,0
8.706065112570823,19,147,28,0,3.4058732964080423,6.007744658595424,1,1,13,1
0.3755886760536203,772,43,25,9,0.2279497920189718,0.0684981407117291,1,0,1,0
0.004986695229076359,1512,29,14,13,0.6056888335177243,1.413677675686323,1,0,0,0
0.8321677164334286,1547,9,16,22,0.2770063561993665,0.36948826981196725,1,0,1,0
6.571925764659798,5,39,84,4,0.813218444345113,9.983491926356859,1,0,5,1
0.734343245932616,802,32,20,18,0.5146741874069427,1.5607184837047012,1,1,2,0
1.9870769299942057,0,37,59,4,0.1,3.8028409854209375,1,1,3,1
0.10240357755499982,903,1,9,10,0.3213069692813172,1.643602905516417,1,0,2,0
1.0015036506594137,556,4,4,2,1.280651411755649,1.5098202935990104,0,0,2,0
1.0227653561256953,1305,6,19,20,0.0673257777887346,1.398157258927998,0,0,1,0
0.09157516941152923,609,21,6,8,0.24719041185622853,1.6999087261333798,0,0,1,0
0.1281726725915564,1618,12,13,21,0.10609170442552987,0.5031787881416898,0,0,0,0
1.0012216439801866,1140,40,18,3,0.07474297911306439,1.730057367859315,0,0,2,0
0.009060531471742378,1388,31,26,1,0.13507715221190594,0.9627806605983154,0,0,0,0
0.7071964160438392,442,10,10,18,0.10067897065134611,1.7038857204375735,0,0,2,0
0.18688428984494018,73,15,27,15,0.2571698954363002,0.7805511128462583,0,0,1,0
1.0861562282352137,733,46,23,4,0.05120374221338458,1.8679037748056948,0,1,2,0
0.12188540500236045,1768,36,21,8,0.2677485793184309,1.228731679690155,1,0,1,0
0.6773546890363094,1624,13,24,3,0.623812750727701,1.9725095004354907,0,0,2,0
0.04098400899718165,250,20,19,20,0.17904019805647867,1.771350442197775,0,1,2,0
1.2834299460896148,298,18,18,10,0.0906593647750758,1.0305502006154899,0,0,1,0
0.21086708057373008,963,34,3,9,0.1785063065987851,1.269153502154075,1,0,0,0
0.267328467310067,1766,17,13,13,0.6435830656604813,0.2975489571679968,0,0,2,0
1.6999324483489548,316,45,25,9,0.1734810306373485,1.052001086097839,0,0,0,0
0.5569272200237665,746,23,15,2,0.9816616510728098,1.543784248764264,1,0,0,0
0.4666316328474587,712,11,28,13,0.06991458069925742,1.2470593990887058,0,0,2,0
0.21381043077802808,1639,29,21,9,0.10151949582889624,0.3458667399166615,0,0,2,0
0.18064262313775978,347,3,24,20,0.26896676733195485,1.462259997211267,0,0,2,0
2.052602275318196,18,39,28,0,0.1,3.7809990017728596,1,1,3,1
0.3778328138432362,1424,3,22,4,0.10392768424037023,0.9515524725603612,0,0,0,0
0.6048919511776899,243,15,2,7,0.08833093487256358,0.04016486135499542,0,0,0,0
0.026694772349584426,1286,12,4,24,0.011042761650776679,0.20779840617528467,0,0,0,0
2.1355668458724173,21,88,84,3,1.2476282538584216,3.5959131548449035,1,0,7,1
2.467891602892614,29,56,94,0,0.8416870451453305,9.923357425869993,1,0,6,1
0.28104648917574454,1370,6,7,12,0.32666146188534545,0.9809361553420477,0,0,0,0
0.06927519305881899,1530,17,20,13,0.04975408468531788,0.23230755813232262,0,0,0,0
0.49510845654276714,1546,35,5,23,0.37128106911598435,1.6959075646945032,0,0,0,0
0.008826558707916064,893,13,10,23,0.662572194532857,0.5071719409459607,1,0,2,0
0.15209161662963502,1047,47,15,23,0.11776356658655236,1.2620707451693431,0,0,0,0
1.4420488141110828,585,44,19,3,0.23038286496129778,1.0943131064221578,0,0,2,0
0.17921774267270635,533,8,16,7,0.07144947740261119,0.417936828218898,0,0,0,0
0.18320148226473093,710,33,13,24,0.13456700067254343,0.07536777389977622,0,0,1,0
0.4120333640138615,145,18,2,7,0.943361819585322,0.5066386733447932,0,0,0,0
2.711617070799747,8,25,95,1,0.7042509734099147,8.106423974957064,0,0,15,1
0.5,19,125,85,3,4.9038756651461295,6.318193445091268,1,1,18,1
0.6669178069043613,376,29,6,10,0.017900666504770582,1.5230818452588473,1,0,2,0
0.13027071848820396,749,26,22,19,1.0235138265559791,0.8069239398137809,1,0,0,0
0.001,924,11,22,3,0.6694288448136808,1.0157266368086715,0,0,2,0
0.2881566591220633,372,20,6,11,0.047093178731452016,1.698604180943432,0,0,1,0
0.40448896447186206,1564,43,29,17,0.13118363123982144,0.747052490134904,1,0,0,0
0.15739541929859796,1687,29,14,8,0.31072353327860436,1.511634393329536,0,0,2,0
0.2122742663447413,1331,24,25,13,0.25472733895069904,1.4867738472503806,1,0,2,0
0.48193382432012744,642,30,26,5,0.012591585027282904,1.9141252643956121,1,0,1,0
2.2423411164262395,11,56,38,3,1.330958117972204,6.988834109252894,1,1,16,1
0.5623203092174411,242,6,2,20,0.7613184751135003,1.1130969241113593,0,0,1,0
0.07648492058910128,431,5,5,22,0.1397229269686745,1.0168648051896738,1,0,0,0
0.6686259595713725,1038,28,2,22,0.04738383273094518,0.7295360636359116,1,0,2,0
0.5449269191001469,157,39,15,9,0.8898183367241107,0.4933546204667567,1,0,2,0
0.5,7,106,13,2,1.001704733789123,7.583719884044673,1,1,8,1
5.310312105155427,25,119,12,1,8.676955285026668,5.027907395707057,1,1,18,1
0.055032896739165414,1748,11,29,1,0.07536320709298527,0.2752183441239229,0,0,1,0
1.1446425189572937,15,74,63,1,1.0453383766422202,7.567075561319284,1,1,3,1
0.5930589566671045,1359,15,23,4,0.21568353164697443,0.8906821813553449,0,0,2,0
2.716623096007408,1660,31,17,8,0.17361566392817424,1.7093671438700169,1,1,0,0
0.5023558492096974,1718,1,19,4,0.20971988293738583,0.815485888121823,1,0,2,0
0.09702725160404838,70,29,28,24,0.18766623441926322,0.6289030534607902,0,0,2,0
0.12537268278546948,1426,41,24,8,0.002410311573200982,1.7820721343828225,0,0,2,0
0.8047276607020213,304,46,21,18,0.17237690540708084,0.8918154705162256,0,0,2,0
0.280084472880938,393,39,27,18,0.5813894955510809,1.41062995044365,0,1,0,0
0.20414057023216683,391,30,27,20,0.1864292334986343,0.48628429943268525,1,0,2,0
0.557956304908971,1797,42,28,5,0.9936398569269905,0.8242728580581398,0,0,0,0
0.14070376927066494,1354,8,28,1,0.5106687606567388,1.7257836454578779,0,0,2,0
3.7626017180160938,633,23,20,5,0.3975138873883043,1.7198977970367757,0,0,2,0
0.45460208298855764,1697,7,5,11,1.2128598138531845,1.571868220145155,0,0,2,0
0.8753302920593066,1293,2,29,5,0.08029333482023021,1.205045953374558,0,0,0,0
0.07263851666978774,649,13,3,20,0.6324527894059577,1.7938267481796055,1,0,2,0
0.16105475999006463,217,2,15,23,0.42226319476214463,1.9702541385649996,0,0,0,0
1.366586890155116,16,80,53,0,8.149629998660355,7.38168674680659,0,0,8,1
1.856625401868765,1550,37,29,2,0.14169642219126374,1.1058416337035186,1,0,1,0
2.1899466288338645,18,121,83,1,1.7191764119973234,7.369201178043609,1,1,12,1
0.8901586226169365,6,143,64,4,0.7198661812302016,5.729485850881503,1,0,6,1
1.84268089507436,22,144,65,2,18.066293570113473,8.222975149066688,0,1,18,1
0.004687716082228078,845,29,22,17,0.4796750753574408,0.14185502354712676,0,0,2,0
1.7349178322458754,1750,1,8,2,0.15181333255251866,0.7203440995427604,0,0,2,0
1.4740916904268409,1275,20,15,17,0.15597569807374823,0.9858972443709602,0,0,0,0
2.492683485037952,16,158,57,1,5.7662614165516235,9.008058280258918,1,1,11,1
0.09155371515647234,1240,39,14,5,0.6906980819515192,0.5407410509009734,0,0,1,0
0.5181535674730899,383,23,26,5,0.548037079503838,1.5568865493774038,0,0,2,0
1.0121672834882554,1201,43,25,15,0.7876372359479767,0.4847526701881517,0,0,1,0
0.23595509781014581,1656,17,26,3,0.480358529804944,0.9154947970445271,1,0,1,0
3.86176476103123,1503,6,23,12,0.014359908966257688,1.6249822752185912,0,0,0,0
0.8716258444056155,1514,48,1,22,0.47788115307006696,1.1357766082548577,0,0,1,0
0.41668294433376374,1506,48,27,16,0.21618733457450903,1.9512632303018043,0,0,0,0
0.6246973503689955,1386,10,6,17,0.11167078072966766,0.24603317196676033,1,0,1,0
0.6934689499825025,1543,15,6,12,0.15567324566853388,0.5472155213251362,1,0,2,0
0.5699371458644324,880,10,6,23,0.9666342152878411,1.316407980188226,0,0,0,0
0.045036632557337516,1520,30,29,17,0.13567140925155416,0.39583509159007346,0,0,2,0
0.15391998328157275,551,40,6,2,0.21900179558181598,0.25422410554180974,0,0,1,0
0.3138497780730898,1178,22,21,3,0.7400252511607303,1.7197993940667733,1,0,1,0
0.1452917236831758,321,43,1,11,1.022353791831861,0.9600497847571436,1,0,2,0
0.5763374573562422,1361,20,21,10,0.18860717526726173,0.9800672591256498,0,0,0,0
0.11630721454153987,1792,20,8,11,0.14493446606074933,1.5922481093670555,0,0,1,0
0.3928491138909639,557,25,8,1,0.34714874032563464,0.30294953643365274,0,0,0,0
3.944839951901993,8,177,57,0,2.5732305471333805,2.5170739848977046,1,0,12,1
0.7525958057169422,846,42,29,2,0.28123345814291,0.9326307343901878,1,0,0,0
0.33025039624369057,394,29,10,18,0.3566464705138651,1.6846091711072735,0,0,2,0
0.0035609163241203537,887,21,27,9,0.25981533081725794,1.4979114288947804,0,0,1,0
0.30881467168268956,180,33,2,19,0.4729461617276478,1.981501465679004,0,0,2,0
0.5174762234954642,78,45,11,22,0.8802036608258326,0.041048364290176886,1,0,1,0
0.5595397536125652,1028,42,24,19,1.48559876051367,0.365355763447339,0,0,1,0
0.21330124775855042,1269,15,3,18,0.8887166174831252,1.2278437058670064,0,0,1,0
1.3094964595202687,244,3,6,17,0.1209660818539601,1.621051568729374,0,0,0,0
0.0028876527581269272,501,19,23,5,0.6866449074064009,1.595043582099534,0,0,0,0
0.10926106223277317,735,10,8,17,1.1806412817389405,0.5498528944568724,1,0,2,0
1.965316066639828,561,16,13,15,0.024725995436060345,1.9800677175369183,0,0,0,0
8.729194792398246,9,178,11,1,4.394442952914958,9.330784357154593,1,0,14,1
1.0647578880549404,315,17,3,23,0.8322823701641222,0.823984849608677,0,0,2,0
0.20848444032609997,1113,8,22,17,0.8138680555101095,1.459505779524218,1,0,1,0
0.002476111486913808,1088,14,1,18,0.1593176387260175,1.947995466033229,1,0,2,0
0.4381218530033215,874,36,7,3,0.6633668670932436,0.8440931514408607,1,0,2,0
1.1921064783844442,1194,10,20,8,0.1702510289335004,1.1302872131816057,1,0,1,0
6.1353773298077705,22,170,81,2,1.3462777893857747,3.7233974319282632,1,1,7,1
1.1216516652682227,1783,38,20,5,0.01599118742296669,1.6052815615549192,0,0,2,0
0.22501729151986413,494,15,18,19,0.9083713738648677,1.536919456531261,0,0,1,0
0.01115662396212134,164,39,6,3,0.5282599012345922,0.03446636551174587,0,0,2,0
0.09073389785331738,1766,30,12,5,1.1843649016236943,1.7861198248721146,0,1,0,0
1.291124335677838,1552,34,14,15,0.4594788199383075,1.9972001278993203,1,0,2,0
2.186417738972424,18,73,98,2,2.0917386438983545,2.822348757274516,1,0,8,1
0.140290376376671,255,26,9,23,0.4035265206320959,1.8498014037230868,0,0,1,0
0.02038390074753596,1106,38,24,19,0.2687069983793498,1.2902648516360802,0,1,2,0
0.2570245013114704,121,24,6,17,0.2910709932620223,0.20195434096800957,0,0,2,0
0.8216610259888667,24,116,17,4,2.0881027248114665,7.379109956196384,0,1,13,1
0.19801000329436466,1768,33,29,9,0.45178604390490973,0.3813877973089055,0,0,1,0
0.613181675672958,1690,2,12,22,0.314642323817914,0.7161237861902536,0,0,1,0
2.2879367041747685,17,176,15,4,1.54308850491577,4.5657738037102344,1,1,14,1
1.0682293120440278,1568,16,3,19,0.003943736362134419,0.8011475015535443,1,0,1,0
0.37714942731423134,950,36,19,15,0.10538401963639821,1.1484703217879906,0,0,2,0
0.1621069797852322,1705,4,28,8,0.06605992073341009,1.802724487684138,0,0,0,0
0.4068500491944789,1502,2,21,6,0.19553580836522663,0.9403353595411994,0,0,2,0
1.647431485903963,662,19,18,9,0.017140902085591655,1.2619780937614082,0,0,0,0
0.12126467556732955,154,34,18,4,0.014619010910422867,1.6347094008072844,1,0,0,0
2.0576490388284765,678,8,12,22,0.08004813268620015,1.2644379364942158,1,0,2,0
0.011658412518501277,332,24,2,19,0.0023428138893580907,1.097061818714843,1,0,2,0
0.3270930001934992,767,31,18,23,0.09448682549992127,0.7293601605474407,0,0,0,0
0.23797331141513783,676,24,27,15,0.21968843279086397,0.6526483179421383,0,0,2,0
0.42721357209933486,1230,35,4,1,0.6376088685755457,1.994643095445846,1,0,0,0
0.14141244201820313,490,8,4,12,0.07839235203951758,0.8164604262065063,0,0,1,0
0.3716272690745704,613,5,16,23,0.2619132248256377,1.3382121193222314,1,0,1,0
0.6967565036572387,655,9,5,17,0.5291942832526118,0.31853412126927627,1,0,1,0
0.2625072499551324,1720,27,16,14,1.0598102258235154,1.7579583680142519,0,0,0,0
0.6527832886776416,239,36,25,19,0.7874265201859891,0.5444593509519036,0,1,0,0
0.17902817713168634,486,25,29,9,0.46499496099212606,1.1079887246422506,0,0,0,0
1.1995597600774017,1761,47,1,2,0.40190948697564377,0.2991981783298041,0,0,2,0
0.2575225528781305,1218,27,15,4,0.0012862215835008322,1.240781494737912,0,0,1,0
0.22842281519771487,331,24,18,6,0.6606133016798843,1.242138744105171,1,0,0,0
2.371180455160655,24,130,86,1,9.632822080313623,5.632949882373099,1,1,14,1
0.10614963868587823,783,7,19,1,0.2513555298657553,1.2112054496014308,0,0,2,0
0.31897580193027464,1664,34,29,1,0.10041382308216576,1.4125864247587288,0,0,1,0
2.4891623148721953,5,87,48,1,1.434618684104838,2.759536907027975,1,1,5,1
0.25842268838986937,1420,10,8,5,0.004813708779832485,1.8480178451953975,0,0,1,0
1.9050422729556724,974,47,22,17,0.04512515030884942,0.9235839746447192,0,0,2,0
0.16331296050518468,861,38,8,10,0.2130464612205077,1.6237551171128675,1,0,0,0
0.6858286291783985,1229,9,29,13,0.07386064777241146,0.2283118079773665,0,0,0,0
0.3255144406058838,908,22,28,8,0.5547509551262533,1.9738475210263806,0,0,0,0
0.4199758405261743,1263,42,13,16,0.38534721804468886,0.7539763586010644,0,0,2,0
0.25900044161986097,874,23,19,7,1.956857105200398,0.25806867641247044,1,0,0,0
0.18391915821910132,1409,10,5,20,0.28890861166605897,1.7663047735590953,0,0,0,0
2.261000512178141,8,133,99,3,1.7516487170955861,3.0755646822234146,1,1,17,1
0.5446340985179945,1456,20,1,10,0.21442573748761987,1.694923733829632,0,0,2,0
0.2522953397590112,443,10,14,17,1.6944981998503896,1.7554290352510287,1,0,0,0
0.06093805198699483,1712,46,14,20,0.28705543047153353,0.5784046039521495,0,0,0,0
0.5,13,160,19,3,3.032746126270821,6.0524681716788695,1,1,4,1
0.03764327309823805,1708,49,22,13,0.191419755156298,1.2799091766990316,0,0,1,0
0.2872341714964048,1313,33,13,5,0.37948243213208716,1.0080788163163834,0,0,2,0
0.5257782756625534,73,48,12,8,0.6724588078981939,1.0773029005494648,1,0,0,0
1.0327865047112375,130,2,19,8,0.9916917209065735,0.012886936667785731,0,0,2,0
0.255542222683205,658,26,19,19,0.6418410785508065,0.12631656775534217,0,0,2,0
0.3848620259721895,1272,17,4,21,0.295998496940197,0.07952275118758179,0,0,1,0
8.56567965562498,29,24,73,4,4.350807368580988,7.400932886465967,1,1,7,1
0.4468635125986725,180,34,29,1,0.5307162510317738,0.883681111144158,0,0,1,0
0.09301897005229696,307,29,28,13,0.2069756737483014,1.6339719753028672,1,0,2,0
0.0016117266761173125,855,6,12,10,0.09546612418292073,1.713023969676172,1,0,1,0
0.2203426111326139,464,9,12,6,0.5001635063437265,0.20371632840608345,1,0,0,0
0.12455402997422892,323,4,3,11,0.056251196196921406,0.034751927322513865,1,0,0,0
0.7209370327744139,764,18,29,21,0.18263629792754332,0.9595888170349343,0,0,2,0
0.16472671395570604,1139,10,5,22,0.7545572337116275,1.6139758965110498,0,0,0,0
0.37475255732925156,826,13,17,8,0.9017508158548605,0.6023574352524321,0,0,0,0
0.36715493021175755,1072,40,16,10,0.20900481144442434,1.9881103747394997,1,0,0,0
0.8787888755452666,1160,24,20,16,0.7615573522971841,0.2432036877767092,0,0,0,0
0.6372991136049364,166,23,14,11,0.2597174949135956,0.7732052065081167,0,0,0,0
0.7331520216520101,576,36,9,16,0.7284901560112426,1.1331885404763873,0,0,1,0
0.07446559281230722,551,15,3,18,0.26999314680488323,1.2814879201079645,0,0,2,0
0.8847030824508788,245,16,3,10,0.02500735709221957,0.2179195198312851,0,0,0,0
0.035400753206794394,672,8,7,17,0.25358694299702067,0.7964633264344037,0,0,0,0
0.3719639154304272,400,31,5,22,0.2729488150292137,1.4643665479134103,0,0,1,0
0.3075810804584616,884,44,6,24,0.15495663732586454,0.427508912927405,0,0,0,0
0.6481568428056429,929,2,24,12,0.15228208195954807,1.8756821034226132,1,0,0,0
0.6224217408676418,1325,20,23,17,0.18851984790123122,1.9398496892764405,1,0,2,0
0.36798347764914313,75,38,6,5,0.0324075084023089,1.787310720123778,1,0,0,0
0.8923793769473854,906,17,27,14,0.22070717300878348,0.9598328110425238,0,0,0,0
0.6551283351620554,1670,22,19,14,0.22408521696105207,1.077230787622354,0,0,1,0
1.598697288975731,0,114,86,1,1.2404454510197265,2.373258983207953,1,1,13,1
0.5461038558242519,21,62,55,4,2.9544107092640277,6.538194301031613,1,1,5,1
0.405325796320697,147,7,7,10,0.25179122196746845,0.5441483120468318,0,0,1,0
0.0638401957728234,679,38,20,8,1.3582293651992403,1.8043222340868939,1,0,1,0
0.0026816728771513793,632,44,18,14,0.22492048661624262,0.5028995597280688,1,0,0,0
1.5711272192096275,1667,28,5,3,0.3129471277414587,1.4893658361601776,1,0,0,0
0.170326095977073,1043,26,7,7,0.0980273000259875,0.7828369442207457,0,0,0,0
0.5,29,111,64,0,0.1,7.994339632380994,1,1,13,1
0.9709610164780501,723,3,28,3,0.6322643409698134,0.45582143445322987,0,0,1,0
0.939629377092509,1432,14,5,21,0.2220732453192653,0.25143646585584967,0,0,2,0
0.17531294862687377,1229,23,16,24,0.9581376247802782,1.5659566935083862,0,0,1,0
0.09711288501168364,1325,43,27,9,0.3102591959937026,1.0385188528275568,1,1,2,0
0.5082488064474814,302,11,6,23,0.32111099251362996,0.9142652898252652,1,0,2,0
1.3506563973255843,0,198,42,4,3.0340786955720778,2.8038129984372366,1,1,10,1
0.13516380730422153,986,21,25,24,0.09139492256140325,1.8714290920570666,0,0,2,0
0.23952080933354858,568,10,9,16,0.015627981280447224,0.477597693004707,0,0,1,0
0.1153284682355045,1465,45,28,6,0.21243422012932922,0.48862349986727693,0,0,0,0
0.06981381884971,1616,2,15,6,0.0382157271429042,0.10697925205383063,1,0,1,0
2.212006406021946,1208,14,12,14,1.1454756226510001,1.464535874220671,0,0,0,0
10.58441075857161,16,82,60,4,0.5973081267130932,9.42232238765472,1,1,3,1
0.07591670236347356,1668,35,1,6,0.09618939468524428,0.4059447553681166,0,0,1,0
0.9399280356643364,534,48,3,10,0.5892412838801907,1.7308442482161517,0,0,1,0
1.1835862371081547,1156,22,25,5,0.20193102722556722,1.5030678224094234,0,0,0,0
0.65879328358132,1739,24,16,2,1.7050263109064048,0.1615328650350789,0,1,1,0
0.0208148798971726,1457,12,17,19,0.1936198037012515,0.8110155834870811,0,0,1,0
0.13849088294575523,1412,28,21,21,0.21163436808740796,0.18305998416819835,0,0,2,0
0.4876941001226755,238,37,26,24,0.23195511729244367,0.9302489175251087,1,0,0,0
0.6725089260709358,13,113,24,2,3.139061832687313,8.631473355995045,1,1,7,1
0.3077364855360139,1584,10,2,21,0.03297994592551218,0.19156765105099227,0,0,0,0
0.3004107208123303,428,28,27,18,1.2125480567512548,1.519773616209922,0,0,1,0
1.6370264086964674,17,134,74,1,0.1930300592041885,9.617365493286485,0,1,14,1
0.35725733270672216,402,38,8,15,0.566144040833266,1.6606443829612716,0,0,1,0
0.8218681644487744,15,191,64,1,7.038270344728409,7.856783364879463,1,1,12,1
0.9575627540383327,0,82,49,3,1.115943355939419,7.287519626321719,0,1,12,1
0.9687112987905662,1796,23,16,4,0.20113835200204197,0.17157396080120324,0,0,2,0
0.11900053347681457,1338,44,10,10,1.1478238615499832,1.0180285828941447,1,0,2,0
0.6399733692816364,0,27,42,4,0.31473743874792465,7.953495482161692,1,0,5,1
1.1329179295211618,108,5,8,1,0.3205349367564416,1.0415195506289536,1,0,2,0
1.3324150746879553,27,174,65,2,2.759708405922923,8.702025795102811,1,1,19,1
0.39784892306946584,1741,29,1,15,1.3739698654351808,1.0620899359499165,0,1,1,0
1.4060755292789033,1670,43,13,14,0.22069686278525108,1.304478667780623,1,0,2,0
0.26604322157516863,1128,15,23,24,0.8640905044253739,0.009996907375353636,0,0,0,0
0.06636427091805278,788,6,19,8,0.16271025168513575,0.47181368884236874,0,0,2,0
0.45374859855645394,1318,32,29,23,0.16827603632771626,0.2250252984763108,0,0,2,0
0.08615764705493478,197,12,23,11,0.005271583168271931,1.7002204494312811,0,0,1,0
0.5058920573520652,1430,18,23,11,0.9775883294273143,0.06753587136917405,0,0,1,0
2.878275268216311,25,98,71,2,0.9650350022333893,4.733142945431143,1,0,10,1
1.0416792028767936,172,1,15,8,0.9920212115218972,0.3438580577184829,0,0,0,0
1.512999978317007,910,48,10,7,0.13524329241651592,1.243141011742443,1,0,1,0
2.9740307920434734,26,164,37,3,1.3257962252109556,9.190129516339134,1,0,4,1
0.2776685604582263,1610,46,17,3,0.18788027416170242,1.6407022423376532,0,0,1,0
5.101902537821215,24,98,55,3,2.6236700934956887,5.402897778094344,1,1,17,1
0.6866758554618743,803,13,25,20,0.18004869318256755,0.4825935582738117,0,0,1,0
0.02332842856698219,1342,42,17,1,0.45348729242032015,0.4012822848329072,0,0,0,0
0.2158739455418413,1495,19,23,9,0.39251118928720163,0.3814350837596536,0,0,1,0
0.4645480844909248,407,1,29,3,0.31116754949009745,1.3405499119854047,0,0,1,0
0.10630048633456535,282,22,20,4,0.15846889827019967,1.629353859930541,0,0,0,0
1.3613594879810318,1092,32,12,23,0.03678542626338307,1.5659665959142712,0,0,0,0
0.5802629078183482,580,38,25,11,0.42491906335915913,0.011767375330016705,0,0,1,0
0.6575591113368429,26,106,93,2,0.21206406275421016,9.36266156114352,0,0,12,1
0.12288157461212414,568,9,20,13,0.13262803861615433,1.9257124921846014,0,0,2,0
0.07497289952322252,664,44,8,18,0.3681885708716003,1.7521501642104105,1,0,0,0
0.7143923467867238,505,6,21,21,0.4451815757097273,1.9805373937801192,1,0,0,0
4.163039533551341,21,153,85,0,0.4455902495738048,3.2738098990849736,1,1,18,1
0.24126819898719315,463,10,5,6,0.1239149914069073,1.4219711182130226,0,0,2,0
2.1786481397146535,29,122,74,0,0.41170877981604287,4.232999833489056,1,0,13,1
0.324484952548964,1432,11,29,14,0.03481164090564436,0.31365219467939065,0,0,1,0
0.22409450112157187,370,15,18,8,0.7548037659068733,1.4579039583630329,1,0,1,0
0.17456698852171504,481,27,22,6,0.10192982499482017,0.7735084008328599,1,0,0,0
0.3795718914804157,81,31,20,9,0.10857161803501875,0.41326205873371546,0,0,0,0
0.04359699684897863,1387,21,17,16,0.07726679545672283,1.641498048822578,0,0,0,0
0.456096425207786,1627,15,5,12,0.0028612099285050653,0.37366027046558514,1,1,2,0
0.4979853812843907,1558,41,26,11,0.08377745138003408,1.0406653869776297,0,0,1,0
2.0945869945603532,209,46,5,1,0.16857877633488527,1.6521115009769363,0,0,2,0
0.25767100447724606,1792,4,29,5,0.9404370761884879,0.1008110884720661,1,0,1,0
1.7144135753894192,12,172,80,1,2.5729246753154627,7.466489808942211,1,0,9,1
0.015412010996799702,843,47,9,3,0.0023350865835085675,0.8100792326810118,0,0,2,0
0.3467715649915719,1642,44,3,6,0.5109464616095432,1.882279236901242,0,0,1,0
0.8865754959866622,674,7,28,13,0.12668701829858603,0.07822036678501787,1,0,0,0
0.7467382999818863,1665,28,13,11,0.3821813253438092,1.4506222817948615,0,1,1,0
0.718341684410256,277,29,6,5,0.16336517184368973,0.6388359698755057,0,0,2,0
0.08135888687831075,280,42,6,21,0.07530769155133121,0.9433789792426348,0,0,0,0
0.03380021938096258,265,23,23,3,0.3244890921093133,0.47389482208987954,0,0,0,0
0.09369976639324377,943,18,8,13,0.27419340011485915,1.46195768673924,0,0,2,0
0.345470472579968,195,34,19,20,0.10091223035238908,0.17623802665898647,0,0,0,0
0.5,19,32,18,1,0.6630047363106105,3.563703301737811,1,0,17,1
0.5374401002359871,1493,47,26,17,0.4959604460271864,0.048205013504321936,0,0,2,0
0.06999575375709134,699,3,26,7,1.5843278673860668,1.0611818630421694,1,1,0,0
2.4332845534538663,11,70,88,1,1.925541152050854,8.178699282302471,1,1,12,1
0.302427662023461,842,5,11,12,0.001,1.7942557142713953,0,0,2,0
0.29649929571236283,295,23,22,23,0.3887283509760983,1.6347607910400708,0,1,2,0
0.2539567963098382,1403,37,20,21,0.8781800991323325,0.9972441750966434,1,0,0,0
0.18677329082881183,1091,39,3,18,0.548123270450719,0.43790580202432094,0,0,1,0
0.46766651032480505,909,48,14,23,0.7850112897271022,0.21093452361130494,1,0,0,0
1.2720592034643583,832,6,21,14,0.4814987128191766,1.4168533941705064,0,0,2,0
0.3223412642272689,467,49,26,4,1.5650567909520117,1.5306601455860693,1,0,2,0
1.0230167305078766,1051,34,15,16,0.4281803663254848,0.3588181683832463,1,0,2,0
0.9533325566641402,89,6,16,24,1.6986089442462717,0.5304659081600356,1,0,0,0
0.020069208204691116,294,38,24,8,0.5410811214714657,0.770395333152893,0,0,1,0
0.4488491722040794,1546,48,2,8,0.1294225225997306,1.1284753767179785,0,0,1,0
0.7463489077781293,1774,32,4,4,0.220488774906902,0.7351236504836474,0,0,1,0
0.12922330272947286,1234,29,12,14,1.1987718764607196,0.06503975186432354,0,0,0,0
0.2535773855728796,1301,17,13,9,0.08504121648446189,1.4407772105988514,0,0,1,0
0.5,8,42,92,3,0.21070672229183682,7.379203299649974,1,0,14,1
0.06225298877622543,638,32,26,21,0.07488231332943593,0.0011895160853148123,1,0,1,0
0.6316170830807772,1005,46,13,10,0.21355453828744586,0.8132366162872444,0,1,1,0
1.0703027201711366,62,32,27,5,1.2225190774723769,1.71530808692399,0,0,2,0
0.8134979029969891,858,32,27,8,0.2835106624916968,1.1455366554429118,0,0,2,0
0.36414791660759405,846,9,20,7,1.2437152292111033,0.3945976797969435,1,0,1,0
0.43749069098491516,891,5,7,5,0.05289111717087866,1.6084729939598825,0,0,2,0
1.1088606145800044,1425,29,16,9,0.1993294329691131,0.2872528657642224,0,0,0,0
0.27886226567511263,388,12,7,13,0.35454240832454137,0.7465763273523172,1,1,1,0
0.22807906992878899,1210,9,10,7,0.5966411311600293,0.034030467379457585,0,0,2,0
0.21203365730798812,1596,11,22,16,0.32745894762817285,0.0037267706747270424,0,0,2,0
0.21593930842414186,380,36,21,9,0.09524712101466143,0.4523892496899724,0,0,0,0
0.9043034056564426,1106,19,18,16,0.4532533370319019,0.7465788784123832,0,0,0,0
0.11411849327172885,168,27,16,6,0.3260852971630801,0.6289061808440763,0,0,2,0
0.5936727914885518,1186,33,1,16,0.10123508822437113,1.0071165477534,0,0,0,0
0.06413158960559025,281,20,17,4,0.31898770062566445,0.8928143960120398,0,0,1,0
0.9128590554092214,934,49,25,2,0.8212749686897048,1.4335626799850214,1,0,2,0
0.7094922978741559,505,47,16,7,0.06002938836886106,0.21729598612452006,0,0,2,0
1.3529730859301143,749,8,29,10,0.14120137137628716,0.21591635251077812,0,0,1,0
0.6113839361847305,122,43,8,15,0.05058119411094968,0.44410523634920485,0,0,2,0
0.5046949480810694,18,158,71,1,0.8949854934972699,3.3009684235312617,1,1,3,1
0.4947084737564512,1327,48,21,20,0.16721230673494472,1.7692981947952264,0,0,1,0
0.08790417925003143,1126,38,10,19,0.05217847020069081,0.578843086729179,0,1,2,0
5.811465373974787,23,163,84,1,1.7250757984424325,5.352264125271772,1,1,16,1
0.32825736051908033,1528,8,1,6,1.7462948920215942,1.8292371787409198,1,0,0,0
0.5986483553865936,1391,49,3,11,0.5333206759887917,0.9066088885376777,1,0,0,0
1.0159164546839556,957,1,27,20,0.897494312861203,1.2165249700714653,0,0,0,0
0.1440029945632918,87,15,7,1,0.16066164380304382,1.5251482448606535,0,0,0,0
14.109142274074653,8,154,28,1,0.10898621790621743,6.23389866516886,1,1,17,1
0.10844109723041843,1053,30,21,19,0.0027746375222270706,1.4593976686218197,1,0,2,0
0.4832519594462926,1458,16,10,13,0.47269802687003665,1.8679152962535286,0,1,0,0
0.2923201417484717,486,11,25,11,0.37444006285656806,1.0917214117961858,1,1,2,0
0.5,6,179,81,3,0.8232423360801723,8.266697157950738,1,1,11,1
0.4171037708251309,1065,47,16,6,0.46343116439872345,1.2729670742760868,0,0,1,0
0.43582200737508164,906,24,2,4,0.3484406524755371,0.6203727544661315,0,0,2,0
0.5856671229382661,108,46,9,8,0.09171467029685927,1.5500411485308028,0,0,0,0
0.029552305768193454,830,18,23,6,0.28131781249717774,1.1381151030810126,0,0,1,0
1.023185900972606,1716,45,10,9,0.006184440278432981,0.5026374805166887,0,0,0,0
0.1009588239898087,96,44,25,7,0.43517591713633985,0.6544316264134042,1,0,0,0
1.3989959213963314,1002,30,24,23,0.38341496417400334,0.9648527287128255,0,0,0,0
0.3885899428401247,390,1,9,13,0.10201737463092836,0.1391425283505796,1,0,2,0
0.575970879674852,0,108,76,2,1.184733634810091,9.707499177866712,1,1,17,1
0.05708371759593292,1791,38,18,11,0.5855256833468021,0.09817062453438097,1,0,0,0
0.4665777266000575,787,45,29,19,0.8660075297000008,1.472946690498511,1,0,2,0
0.5848287680055752,703,47,7,18,0.6000534540382553,0.5907437525179895,0,0,1,0
0.18281405583408822,645,39,29,15,1.145425542262225,1.0203255651563001,0,1,0,0
0.0808181711588561,803,16,7,6,0.340072386865216,1.6345688992720393,0,0,2,0
0.24948070508906384,352,10,22,14,0.6929976941486571,1.5375968042113795,0,0,2,0
1.4191441185867115,685,45,12,1,0.065543081548793,1.7470091684538969,0,0,0,0
0.814347434561074,838,39,10,23,1.0311493258425701,1.6425607742455808,0,0,0,0
0.4196350977771915,348,33,22,4,1.7877147976824035,1.1017731224454659,1,1,2,0
0.6628173198274331,600,44,18,11,0.008740694958107493,1.6423601407367963,0,0,1,0
1.906204431418185,2,103,37,0,0.1,4.143646899307524,1,1,12,1
1.4859150861010038,100,15,26,10,0.04332646092220683,1.956140559636785,0,0,0,0
0.38554760827473583,1646,7,12,22,0.44854120468062686,0.3272865069946884,0,0,0,0
0.37875702141697193,979,44,5,18,0.1675074686843147,0.47014246581775976,0,0,0,0
1.5401118932208544,1291,7,21,11,0.00785904775254593,1.435534669403948,0,0,1,0
0.029145999605392194,1471,37,1,17,0.10267517195131404,1.095729499790138,1,0,2,0
0.034081696209910924,1124,23,16,4,0.07517398325053991,0.9571907147833056,0,0,1,0
0.6946888532959782,778,39,10,8,0.42460109223081893,1.5939368209579117,0,0,0,0
0.0749884103082129,605,1,4,3,0.1358425040127365,0.3241373625940598,0,0,0,0
0.013012693165001154,539,14,7,24,0.48385117435350944,1.8711072770542587,0,0,2,0
0.1171545296262979,614,20,29,6,1.8373999704337256,0.8882307889046537,1,0,0,0
1.1066394298015023,1193,28,28,21,0.8398647891012292,0.7885661727691693,1,1,0,0
6.257810876092549,3,66,39,2,3.143979472599274,3.3851345675817104,1,0,19,1
0.1427597132418404,1546,47,15,6,0.0024458243462452327,0.7484179883905993,1,0,2,0
0.0888407627280324,401,36,15,15,2.0015418774013014,1.4597383521875338,1,0,0,0
1.2409787685418447,518,32,29,16,0.22043545080462723,0.5474454061648282,0,0,2,0
0.14034997192832,93,35,16,3,0.041008189767290586,1.792543800826503,0,0,2,0
0.29812223832073415,451,47,27,8,0.37507941808194056,0.1586162646434326,1,0,0,0
0.10770497270611856,1106,2,22,14,0.37961536929688955,0.4347360484373002,1,0,1,0
1.3451094298030923,831,18,26,13,0.001,0.5462980772838693,1,0,1,0
2.125305149193988,13,46,53,0,1.9056576185789207,3.996796058998843,1,0,11,1
0.11230683588651735,1135,23,16,5,0.32750261017956733,0.3702065455110122,0,0,2,0
0.062146391914741736,896,47,5,16,0.10871849219666568,1.729051804755637,0,0,2,0
0.3159895763484491,743,30,26,11,0.23780307606248333,1.2719233599812236,1,0,1,0
0.16327405931557276,590,16,21,10,0.34602015637087874,0.7365360877343163,0,0,2,0
0.7295971775469426,12,85,25,4,2.359097534871001,9.802104913739086,1,1,4,1
0.5,29,182,98,1,0.40942233003260264,9.221581674111668,1,1,13,1
0.324226865849193,137,5,11,18,0.7723280517637656,0.9405837787429117,1,1,2,0
0.1597408589782963,305,8,25,14,0.10112662322399679,1.6819545223488184,0,0,0,0
1.5926432930676442,5,74,28,3,0.35090103460928773,3.3161145103096823,0,0,11,1
0.5198049029908355,1251,31,12,7,1.6382008456241548,0.5141636810375636,0,0,1,0
1.085680829362135,1716,30,13,23,0.5913172148519134,0.2619649863864546,0,1,0,0
0.21717068471847104,757,35,29,7,0.04481004685725801,0.7969628056379583,0,0,1,0
0.26468871616678863,1686,11,4,21,0.1620128053189154,1.5045045123241418,0,0,0,0
0.43124598571902634,1430,25,3,10,0.07507273768207598,0.5880023964208443,0,0,1,0
0.15637152419979117,1507,17,5,20,0.29904584530657796,0.1734454560145955,0,0,1,0
0.20856621699758587,458,36,19,15,0.066965743689354,1.7418981726399116,0,0,0,0
0.08249881312515189,1227,7,24,17,1.25453731005435,1.8861260142218448,0,0,2,0
0.39873138327906144,1450,46,4,22,0.021196708317433744,0.9664290437458074,0,1,1,0
0.44941067134253926,385,6,19,2,0.6653201703452138,1.2581452657235415,1,1,2,0
0.2752668515354463,403,41,11,24,0.34745724467491523,0.5829906256275836,0,0,0,0
6.124504573700978,13,93,65,1,2.221015718235911,4.223981555877898,0,0,14,1
0.8204675916133213,1475,29,28,6,0.15521352800144672,0.40585078510623007,1,0,2,0
0.17067326074221484,1756,14,7,23,0.4197255437238685,0.7647700165959062,0,0,1,0
1.272405067529255,4,67,84,2,3.2772828404020915,9.985579991810104,1,1,18,1
0.10651451592998201,1067,36,13,10,0.4560909304581266,0.7668511096774406,0,0,0,0
0.7388453823800264,666,2,1,7,0.6995060858607198,0.14279420920306674,1,0,1,0
0.5535545752848681,823,44,19,9,0.0691976940009806,1.840968856744571,1,0,1,0
0.05797618708386768,335,29,3,14,0.2624175454711691,0.1815465287504232,1,0,1,0
1.0160453841550567,28,103,38,2,4.287716423112648,5.792170549228239,0,1,4,1
0.37888980596113253,565,18,2,4,0.20874726139694963,1.6264623411150834,0,0,1,0
1.1996592748268404,632,44,8,4,0.20834491749415773,1.0041274593414895,0,0,1,0
0.7135697299578956,679,6,21,14,0.20365109610206453,1.9777415659593827,0,0,1,0
0.2231903518878148,1259,22,17,21,0.9561894033601475,0.8424590173398843,1,1,1,0
1.2927512083135064,1257,44,12,14,0.0971942587742805,0.5338996932435847,1,0,2,0
0.07004345865100578,1107,12,28,7,1.3851286672056895,1.7640999608159096,0,1,2,0
0.06576524538653421,849,2,4,1,0.16773650992337802,1.0264012090935104,0,0,0,0
0.005363730508415552,1651,13,26,22,0.36222437614446673,0.215439402918165,0,0,2,0
2.0859119113914257,1559,42,16,18,0.19545562509898895,1.2619390043713428,1,0,0,0
0.9554350962767268,1085,23,24,3,0.18236329296735915,1.868539397063439,0,0,0,0
0.7704423653684194,1121,39,17,16,0.3719044066261159,0.4331313411188127,1,0,0,0
0.24840029972796573,1452,44,15,11,0.2828721242696048,1.9450791755357815,0,0,1,0
0.6820085839542852,1588,7,5,4,0.11796670678741993,0.5802517496357327,0,1,1,0
0.05461458554704887,329,14,10,10,0.39195753920857435,1.1446792209478118,0,0,0,0
0.522484854407759,1750,34,15,12,0.14834483519076308,0.0524146098400311,1,1,2,0
0.09210361424301902,497,6,1,11,0.591695498327785,1.3595803602650782,0,1,2,0
0.9484779041173425,1417,45,13,20,0.3061640454339255,1.1062794466779091,0,0,1,0
1.160966062018183,1465,3,12,9,0.056552832220658204,0.026360172611835653,1,0,0,0
3.8465501485085665,26,33,86,1,6.198825642601227,8.086664633946029,1,1,3,1
0.4376372488848828,612,19,15,22,0.4751836799499642,0.40017722176489245,0,0,2,0
0.045502448376175404,1256,31,14,19,1.3750732864531885,0.23309326774111616,0,0,1,0
0.9991455584666099,1065,36,8,19,0.7919955513196664,1.857849516153313,1,0,1,0
0.7648219716832733,662,8,23,5,0.6375678067961874,1.4443487428287662,1,0,1,0
0.8996089781267632,1060,7,3,12,0.6365481465264389,0.3289930658346374,1,0,2,0
0.5830255353370436,1643,16,22,19,0.13109904976992537,1.9913508675247125,0,0,0,0
1.0270177785011991,1035,31,26,3,0.1302848074593975,1.7769311177398217,1,0,0,0
0.21924961740521037,781,8,29,10,0.19528788716282902,1.3743457112440944,1,0,0,0
1.1273032136016856,792,43,14,21,0.06166779303542477,1.9126299999314482,0,0,0,0
0.22920238492397985,907,27,23,17,0.2316084867485528,0.6478337169853843,1,0,1,0
0.4574722438072682,323,36,23,7,0.2953426879901024,1.5256865647525781,0,1,2,0
1.7980268270906397,975,30,18,23,1.1521500925200434,0.4966651015547383,0,0,2,0
0.0020981177611591674,1705,21,17,12,0.3873893210644976,1.8234099975397637,0,0,2,0
0.010087543940300479,1097,8,28,6,0.1871578881133018,1.9857091669310631,1,0,2,0
0.9441786066823972,19,89,95,4,3.8148979672806176,6.663147809793018,0,0,17,1
0.11857429694568054,975,32,23,11,0.5820422234377908,0.7735020600183633,0,0,1,0
0.22046240986930335,1412,47,5,19,0.4453775702258289,0.5175842013306491,0,0,2,0
1.151408176856428,762,40,5,19,0.056498532199802345,0.7339260839409232,0,0,2,0
1.4241582784253395,1378,42,21,23,0.06433917953795917,0.6908315289907234,0,0,0,0
0.3545340400828051,194,32,10,18,0.23167598935651107,0.5048288590814791,0,0,0,0
0.21076499495978765,429,39,9,9,0.07535900755670427,0.25727034379799885,1,0,1,0
5.520599223485174,6,105,29,2,6.91305468526226,9.558861824019749,1,1,19,1
0.5870192960707369,1286,20,14,20,0.08040913794871968,0.610867583713975,1,1,1,0
0.9570948937858719,1497,10,4,15,0.013437330940621703,0.9548101229407673,0,0,1,0
0.333417151799607,1716,41,29,17,0.940124903643231,0.8142636497250204,0,0,0,0
0.5431278992824902,1573,42,17,16,0.26233565617615484,0.742714853045644,0,0,2,0
5.627735881516007,9,86,33,3,2.235300231893623,2.273197085698321,1,0,9,1
1.1847478043548132,1263,7,8,21,0.016069103143762028,0.8194908460000603,0,0,2,0
0.06463589217349437,1450,29,17,8,0.11014376303825052,0.2643817975878504,0,0,0,0
0.2520385781542645,1348,4,25,20,0.5895033470946904,1.8975153351056848,0,1,0,0
0.3953539425761557,129,37,6,23,0.42085133368915173,0.7418627962082052,0,0,0,0
0.3980437931239487,1150,17,9,18,0.3736000774862471,1.904896916486685,0,1,0,0
0.605511220888673,686,5,20,19,0.33728729150133774,1.5769724889248704,0,0,0,0
0.1609906194807168,525,24,18,6,0.4970594256718265,0.0206346986070427,1,0,0,0
0.0960566994209342,166,31,28,22,1.0585875105390938,0.691877145693061,0,0,1,0
0.07289538325171298,338,3,23,24,0.7273148750968705,0.1321824791249422,0,1,0,0
0.10082872622804327,1725,19,24,9,0.025356682590544258,0.21232775516541613,0,1,0,0
0.46355505014016435,1439,33,3,11,0.29519865027410935,0.695597226628065,0,0,1,0
0.29288264332761477,673,48,19,15,1.448415553893627,1.3013959725609248,1,0,2,0
0.004938080849626753,841,45,26,1,0.8038984870231337,1.728533454341637,0,0,0,0
0.2289511561743342,1613,14,5,24,0.07573801432186525,1.3174054124192527,0,0,2,0
0.894562256549711,509,38,28,1,0.11686884045551489,0.6330283233528256,0,0,0,0
0.3306274898357599,226,37,26,6,0.0956831781304049,1.5473335466834692,0,0,0,0
0.43271540798236713,1155,42,2,9,0.03046263592149739,1.8495684722907346,1,0,2,0
1.1225892653570044,965,13,3,24,0.7235626140424127,0.6876001756670256,0,1,2,0
7.464351787079805,6,78,52,3,4.182554991418509,9.644539172793188,1,0,8,1
10.589928020755856,20,176,25,0,4.094140903939531,9.24800468124722,0,0,3,1
0.05367150231244343,615,41,14,21,0.1599934667765657,0.029298697191177947,1,0,2,0
0.2646824387031414,1723,24,28,10,0.04007218126401059,1.7531210037261888,1,0,1,0
0.07945210206221644,669,43,18,17,0.09306484923695572,0.2917269701575229,0,0,1,0
0.2388175558723339,751,33,13,10,0.10870258056509319,0.9443903966811142,0,0,0,0
7.114659180730667,13,194,91,2,1.7926330812534166,4.032324432799813,0,0,17,1
1.5800796297502717,68,47,24,18,0.007126377058067392,1.9690572268254167,0,0,1,0
2.01932108300796,1561,27,13,10,1.120792928184061,0.511365480924771,1,0,1,0
3.00061623189146,1,113,43,3,4.288943753838282,4.064840838042684,1,1,14,1
0.05819001164852889,864,11,5,5,0.39768805937421736,1.8372251036813199,0,0,0,0
0.33282198451038003,1011,17,2,18,0.3700435902342142,0.9758213625560215,1,0,2,0
0.9156732559190153,1662,24,24,2,0.03616963313852724,1.5755554820386175,1,0,1,0
0.23274055470633984,1439,38,8,11,0.04268401166729645,1.4246497878525135,0,0,1,0
0.15218770485545774,1797,36,2,9,0.04351260497410214,0.9115915270523032,0,0,2,0
0.5410044878266198,8,146,58,4,3.2414162148967325,9.380998759622834,1,1,5,1
0.5604200656745553,533,10,5,1,0.43508200019216825,0.9363596325397214,0,0,0,0
0.8749750234202317,1267,29,25,3,0.5477305268487335,1.2772824000307514,0,1,1,0
0.21999549294118884,1677,12,9,12,0.49890793831823593,1.4999657930452333,0,0,1,0
1.034225198062674,1295,43,23,21,0.07885090349093263,1.830643921108124,1,0,1,0
0.026724565507223536,244,39,23,8,1.5931493577881761,0.28980350341569827,0,0,1,0
0.9136309689945741,349,1,22,23,0.20993144618687595,1.2101669199782927,0,0,2,0
0.06580575614469336,401,42,9,8,0.6268675944172513,1.6476564573197172,1,0,2,0
0.974314046792972,393,17,16,19,0.06244945859519523,1.2536904370013262,0,0,0,0
1.4984861915941428,579,40,13,1,0.11823736532272394,1.5894395065294196,0,0,0,0
0.04264771518816713,1740,44,14,5,0.05014495830911582,0.7289377176966274,0,0,1,0
0.35639550702620754,400,30,7,7,0.7829401193122023,1.3381556947747892,0,0,2,0
1.4752473209791939,131,20,7,7,0.5220947305069807,1.0028313345554942,0,0,0,0
0.30324613454600474,652,48,1,3,0.8061174231861772,1.3478182229102904,1,0,1,0
1.1517086346607717,1679,18,26,7,0.040386929387855236,0.7568011223818563,1,0,0,0
0.5,18,123,17,2,5.302587472900493,4.78147342242247,1,1,14,1
0.24275040713585488,1041,21,29,13,0.9896976025068865,0.4282813218318975,1,0,2,0
0.28569693369842636,743,25,26,2,0.2635245745115201,1.2082564412009567,1,1,0,0
1.276956805968356,768,46,9,16,0.5525362856820064,0.9501361001719326,0,0,0,0
0.06511693999155838,1011,12,19,16,0.35149478912723636,0.7637539892270009,0,0,0,0
1.4716353736586758,1025,29,12,15,0.15343024814350292,1.2393412363750549,1,0,1,0
0.06427810674667626,313,16,4,20,0.02637626671346549,0.6826797744004305,0,0,2,0
0.7567253193487854,1507,1,17,8,0.31822607712588785,0.49261044884791216,0,0,1,0
0.005683447831209117,1633,12,3,13,0.07973857018575267,0.5343707782343832,1,0,1,0
0.08972511118503558,124,27,20,16,0.032922557574601156,1.1367787339730904,0,0,0,0
3.3692921980595747,1,32,83,4,2.8577365824180974,2.532129205778512,1,1,10,1
1.700421008061028,1096,45,19,10,0.2633580981440808,1.8377122178514993,0,0,1,0
4.73585510470675,21,192,36,0,6.154438162336505,4.896692807960855,1,1,12,1
0.30641707324122747,280,9,15,14,0.20054072459198663,1.7815150017904082,1,1,0,0
1.259941784148555,865,38,17,18,0.6532984942761004,1.511238540424841,0,0,1,0
0.7899746297875578,138,15,28,10,0.8548343371567166,0.5961462065849035,0,0,0,0
0.7567810959654516,1112,47,16,19,0.8606326284452961,0.9793254264501556,1,0,1,0
1.1571163847413237,329,41,27,9,0.7517100187085858,0.5410405833753065,0,0,2,0
0.14935588039591535,1292,6,18,3,0.11999113047364436,0.6121278977072151,0,0,1,0
5.399317965028579,23,179,22,4,1.4053773365833186,7.171698831287673,1,1,10,1
0.33925255468647714,1242,20,6,18,0.4406889565100718,0.95365141286967,1,0,0,0
3.875139970599001,9,82,84,3,2.708130084386831,9.482677675501998,0,0,6,1
0.6842148968703103,12,148,65,4,0.8837602337713861,6.749490581193861,1,1,11,1
0.13257025245172646,692,46,12,23,0.18250790237611378,1.2011966478935157,0,0,1,0
0.06470420301200468,464,49,9,23,0.5839225683457453,0.6639936296532443,0,0,0,0
1.052902893036848,1629,48,25,24,0.45429391521210666,1.573035567766817,1,0,1,0
0.014117980191618057,455,44,26,12,0.3463894854163205,1.7002737782468018,0,0,1,0
0.2256412825032316,272,1,4,9,0.1183280329046063,1.8480564582157892,0,0,1,0
0.03482758801762422,1736,11,4,5,0.20524154566989844,0.5134039462660185,0,1,1,0
0.2690649636489565,313,10,5,12,2.517436292519756,0.264324368027409,0,1,2,0
0.20144684534963284,365,31,25,13,0.8660436055438133,1.6539303944302548,1,0,1,0
0.37157882729629843,428,40,26,5,1.0475075949575865,1.2741137898056434,0,0,2,0
0.16923368344452694,1089,28,2,15,0.06571818431160824,0.21580048229844984,1,0,2,0
1.1513857644265908,934,10,29,10,0.780609438975286,1.2270287362222507,0,0,0,0
0.8560002989082547,272,2,8,5,0.06106121672216777,0.35891575891894734,1,0,1,0
1.0130158110967582,1368,40,9,7,0.19693685571001263,1.2077380056512461,0,0,2,0
0.48137121748064327,1319,8,5,13,0.14689829381424538,0.49190582805570404,0,1,1,0
0.5076251206765839,1205,35,1,6,0.11680633388129663,1.5180064745403783,0,0,2,0
0.5,16,169,23,4,9.185695248792138,2.4667581558691207,1,1,5,1
0.1186264727804161,1393,6,24,21,0.07713350902520005,0.8442291874236765,0,0,0,0
0.23659327852463405,439,17,6,3,0.46606189912719387,0.8508239811836371,0,0,2,0
0.6596900519963843,1319,18,3,11,0.11051303506030395,1.7071586881336862,0,0,1,0
0.3594045504940313,459,23,8,12,0.8231750121670004,1.1265857345420613,0,0,1,0
0.1586925878270974,1119,24,24,23,0.10338334411510974,1.025786916652357,0,0,0,0
1.3631876477177027,1047,20,29,10,0.3343339126020759,1.869332674662315,0,0,0,0
0.6163920608913335,11,177,56,1,4.220318377388181,4.122870901967637,1,1,12,1
0.5376188575852013,1032,26,25,16,0.06470336322036649,0.5820200588219122,1,1,0,0
0.5746070464472279,1666,35,18,22,1.222246160295529,0.13772483838518723,1,0,1,0
0.020559727075366543,231,41,3,8,0.07482111817643805,1.3320827049638806,0,0,1,0
0.7031108792612709,1795,42,27,16,0.13268769323276866,1.134231168484533,0,0,0,0
0.02496019672895963,745,30,13,23,0.05948019014062812,1.358084460423207,0,0,0,0
0.41021272085693783,185,18,25,14,0.6454371285169807,1.4481415406582174,0,0,2,0
0.29172810626817514,638,34,15,24,0.3428606640863152,0.4414362152795772,1,0,2,0
0.26531483587842203,62,3,1,24,0.25644262654360195,0.3262702291516104,0,0,1,0
0.29486029991851914,1316,10,19,16,0.08691416546517167,1.1629539213243936,1,0,2,0
0.49866719286824157,1320,32,15,18,0.5604753190899666,0.3182100783052981,1,0,2,0
0.9034139994404848,154,33,5,3,0.03399775561511668,1.5341533150717555,1,1,2,0
0.11679609309297986,1785,26,21,21,0.23812684504748782,1.9739033726038766,0,0,1,0
0.13612567743746914,947,25,24,8,0.22853036012542793,1.810736254230824,0,0,0,0
1.4100249700673804,537,28,8,12,0.14463987586397184,0.2114728616723598,1,0,1,0
0.44800870041284924,505,30,24,13,0.6780087409175244,1.524928094985014,0,0,2,0
0.0935730492823335,412,24,22,9,0.16058125038882745,0.33209445744025157,0,0,0,0
0.08765790805209953,830,11,23,18,0.2947541090239257,0.44568937357191496,0,0,0,0
0.6150238259218661,1662,5,9,13,0.883722110874445,0.2967895155152376,0,0,0,0
0.16559890449041123,462,23,1,15,0.623773349936305,0.1089504820500431,0,0,2,0
0.23044723809362838,835,15,6,12,1.6515256196850296,0.36107182514307756,0,0,2,0
0.8157763614344741,279,40,15,7,1.074107875151387,0.5774633011204531,0,0,0,0
0.01914501255176631,1636,30,19,7,0.36046347404961215,1.3979207850347732,0,0,1,0
0.8409243883383577,1292,24,9,17,0.20400277911383405,0.9796341757338274,0,0,2,0
0.43699225889007126,390,8,12,11,0.6492404983585613,0.22276646357352226,0,0,0,0
0.6081203058503442,1425,18,22,22,0.915613944076723,0.6921461835496114,1,0,1,0
0.39998823075899825,1312,45,9,20,0.3593071983167528,0.7824426737135808,0,0,0,0
0.7321586132536628,1039,33,22,8,0.00961985778487541,0.12807842616873466,0,0,2,0
0.0889074561804636,557,43,3,24,0.037888051269631726,1.705603866855305,0,0,1,0
0.5934279520660001,1239,2,10,8,0.09318298029184183,0.7663015107850257,0,0,1,0
0.2534121515045698,548,22,18,1,0.21645750073409947,1.1993283225821714,0,0,1,0
0.20507580015199642,274,40,5,24,0.7947713934244214,0.3007114811991367,0,0,0,0
0.12010510454636378,822,49,8,24,0.44188747329125705,1.4953658241023582,0,0,2,0
0.11818211763742076,1334,22,10,21,0.05358214390756473,0.667143322883299,1,0,0,0
0.8387031664297618,1758,44,20,18,0.022907140204792453,1.9705598948580878,1,0,0,0
0.1128331581573379,1683,26,24,1,1.234015832295161,0.8544694650977414,0,0,1,0
0.4520966939817584,206,33,11,24,0.09784927852766429,0.6449043082502093,1,0,0,0
1.1046415120229458,1108,38,6,23,0.04567167868346991,0.9666775121426232,0,0,2,0
0.1624944869983028,1043,7,9,3,0.33195892944545974,0.6971570312085382,1,0,2,0
0.41960145882295113,881,34,21,8,0.25639174691089517,1.4960901767039128,1,0,1,0
11.351441565241558,2,85,87,2,3.1019370644390714,5.216011030203473,1,1,7,1
0.08817258724042813,985,19,17,12,0.0678255301802204,0.6956848638702477,0,0,0,0
0.11896736551684729,1282,1,19,8,0.10671424054574269,0.07084677968630215,1,0,1,0
0.5140659982373224,121,17,6,3,1.673130343564276,0.6919464523261338,1,0,0,0
0.34971972630389486,1083,16,12,14,0.044229679565002705,1.1293578829201942,0,0,2,0
0.017519016840967024,83,47,11,9,0.015076383592404539,1.702150008643441,0,0,2,0
0.3465325839263281,698,24,8,4,0.10946257132820768,1.5423698670706483,0,1,2,0
0.564228528911877,1463,35,1,18,0.0588745286256261,0.0223970507618505,1,0,0,0
0.11130410725122879,1024,11,8,3,0.08578985660688136,0.34625698943710015,0,0,0,0
0.24987745740289818,727,17,9,19,0.1232702691766141,1.7538509987951068,1,1,1,0
0.21584363075753463,907,12,13,1,0.2291234006031886,1.1546280529129997,0,0,0,0
0.451288023769661,75,13,10,1,0.4016541482795421,0.0025917598235560835,1,0,2,0
0.290503246235686,1113,13,4,8,0.07357911099265714,1.444037549856334,1,0,0,0
0.9071287060564159,1636,21,9,9,0.03165796597895106,1.816063971289309,1,0,1,0
0.24183316826514883,136,45,6,24,0.025215410456093476,1.3575254317571785,1,0,0,0
0.11413311314114351,1731,7,8,14,0.8053182404321216,0.5576269900263446,0,0,1,0
0.17636835997261835,1640,19,18,8,0.21393697577041199,1.9342370170252696,1,0,2,0
0.4338529227647337,1208,39,19,24,0.518510454114192,0.35699943013152624,1,0,1,0
0.5587013671515735,467,2,26,13,0.6438730105967198,0.15061430252257058,1,0,2,0
0.9999785910183712,543,31,22,20,0.14622168504931696,0.02617176768562035,0,0,1,0
0.20356514221109112,176,36,10,6,0.6243282747656949,1.9165943392479818,0,0,2,0
0.5504307038212705,1041,11,27,18,0.3077988506368521,0.9474268302976903,0,0,2,0
0.0023213920331714424,671,48,3,1,0.11849290900460548,0.9857400656955786,0,0,1,0
1.303150758429547,301,9,16,6,0.21679214589544535,0.23142965668735038,0,0,1,0
0.3343903043343766,149,24,28,24,0.07774203732829416,0.09426304826261167,1,1,1,0
0.03913145108669709,1217,30,1,1,0.3789684584835439,1.0674156157433494,0,0,0,0
0.48815059585618703,1001,45,10,6,0.48524414741520466,0.08679589216885475,0,0,2,0
0.12372707909027697,972,32,2,9,0.07957110477364444,0.2075087114593559,1,0,0,0
0.9197010628817902,0,105,23,0,1.4374089993745784,5.7465478906487455,1,1,6,1
0.2024840506119234,363,10,2,1,0.2050750796442814,1.3054942889285255,0,0,2,0
0.30114117528807754,435,25,13,11,0.27151019856646424,0.7235037134669342,0,0,1,0
0.12451666157664186,472,39,2,6,0.10415130545154261,1.8390127483517706,1,1,0,0
4.062601888877042,27,54,21,1,1.506315264883066,7.8177802512915955,1,0,10,1
0.5626671492511433,449,18,15,3,0.028955106611147186,1.1806651051827548,0,0,2,0
0.0031015108309698316,195,27,19,7,0.12325099432158407,1.6432579811713246,0,0,2,0
0.3280468029556903,918,18,8,20,0.6391062046411666,0.28374727640071473,1,0,2,0
0.6167775345468045,90,13,19,6,1.6207418413804722,0.8401311977338972,1,0,0,0
0.054261974886991284,1589,34,27,20,0.20977510807749195,0.9561438088957117,0,0,0,0
11.516729788128147,21,147,44,0,4.602557137820313,8.942318427956348,0,1,8,1
0.034944429248061494,407,37,22,17,0.45850618262872606,0.5899114234453626,1,0,0,0
0.39750044058111744,532,29,15,16,0.3221533575853,1.1552836666519757,0,1,1,0
0.15381745432363306,817,23,9,22,1.553882307414536,1.1264771057425695,1,0,2,0
0.356659718980225,861,25,19,2,0.505089918112116,0.6529208101991646,1,0,0,0
0.898378291640906,210,12,19,16,0.008637863353629389,0.6724842561071607,1,0,0,0
0.21033001078636576,1364,23,11,17,0.006398198375830041,1.7697881495037153,0,0,0,0
0.30672735222690767,1739,34,26,24,0.011260653625824237,1.6144625833607058,0,0,0,0
0.48939965192866536,99,19,22,16,0.4290052012855955,1.1487449950903672,0,0,0,0
0.0690975522387576,209,36,5,16,0.4849288364526003,1.4952062896819849,0,0,1,0
0.2809990043020031,403,25,18,1,0.0736043037836168,0.19725604744049186,0,0,0,0
0.3675514058943361,640,35,23,2,0.4372103010114705,1.1995200558296804,1,0,2,0
1.0020667999679058,24,137,12,4,0.3294292699622684,7.713657896476385,0,1,10,1
0.08499778051520457,1524,8,13,16,0.4293974237807612,0.29337615506092574,1,0,1,0
1.4871441067662328,623,8,21,9,0.605609573068972,1.0800964830655253,0,0,2,0
0.08918474329972349,1708,1,28,13,0.08513490286469184,0.28683199624202427,1,0,1,0
1.0387100869663208,1706,15,22,9,0.8672500000013585,1.4075298304016022,1,0,2,0
0.5865849163258492,403,26,4,7,0.19592061791246773,1.1799039661952269,1,0,2,0
0.4487440382940374,334,7,3,2,0.3477936413035086,1.900415746198496,1,0,0,0
0.46218934527791006,1519,25,19,15,0.01867377545354873,1.755674926321391,0,0,0,0
0.02467014661997768,1679,41,9,14,0.08649135486992403,0.39137997353922405,1,0,0,0
0.31865492202196305,1612,20,6,9,1.878799595583512,0.16810046452760452,0,0,1,0
0.6781152938586439,280,38,12,1,0.6199376569591872,1.786356693379241,1,0,1,0
2.035897198893025,21,192,10,0,3.460350437245868,8.866918060151349,1,1,18,1
10.190481846541378,6,52,28,4,0.526550288005796,9.876459173072938,0,1,13,1
0.16929207902268364,1091,46,9,10,0.8326954465869956,1.4588939568880557,0,0,1,0
0.4416800520333024,1428,13,28,24,0.7353474243544522,1.1114810722787496,0,0,0,0
0.3588152922747442,1776,20,9,11,0.8204311799727038,1.6580342679229105,0,0,2,0
0.6008425800823276,1712,4,10,7,0.12147480823733617,0.6604862094050583,1,0,2,0
0.5346919715654812,972,30,22,23,0.1818331043348138,0.12779069719868663,1,0,0,0
0.9127218178311617,312,22,25,6,0.3830737317676325,1.3182972708579233,1,0,1,0
1.1383890749635237,426,7,8,21,0.1448778591631342,0.8473491517659082,1,0,1,0
0.044849830813387045,1576,41,21,20,0.7731867039970775,1.2592388980788614,1,0,1,0
0.2725788080059808,832,32,10,21,1.3201451317381037,1.765841544506322,0,0,1,0
0.17220457637370562,579,45,17,3,0.07615320401362856,1.2870661170747526,0,0,1,0
0.2057508056708215,1551,43,2,13,0.6650571553736052,0.720559984723848,0,1,0,0
0.43664275102242517,1351,7,2,3,0.09752707735225752,1.2539977904639152,0,1,2,0
1.5236428558185025,0,50,69,4,0.58912507269276,4.488420141460155,1,0,14,1
0.018701912957678635,819,36,10,14,0.5267499868103247,0.7467320979417371,0,0,1,0
2.2124234433105103,11,28,47,0,1.5957555033833761,8.941010915827462,1,1,10,1
3.592019958421571,25,32,47,4,3.692774846916045,5.9036548526761505,1,1,10,1
0.5549898272229316,67,20,29,14,0.08539466530194001,1.3348261302325097,0,0,1,0
0.26097406413468904,751,33,25,15,0.12633881796335192,1.2940768100341553,0,0,0,0
1.2705180599668608,29,57,84,1,0.1,4.844239402062269,1,1,13,1
0.34494402140140884,1095,25,8,11,0.2032450434801223,0.6544835367740389,1,0,0,0
0.36732181185080093,754,38,9,11,0.10601522637277566,1.1177858023376217,1,0,1,0
0.1978524762758463,1034,40,4,1,0.36035317121938815,0.07707666679387515,1,0,2,0
5.291262635740314,4,106,52,0,2.234801231511695,6.429655176042507,1,1,10,1
0.5524458632420615,905,7,14,8,0.4203108933719299,0.8355271681730569,0,0,0,0
0.9073696303464501,1143,3,15,1,0.04690390067933357,0.3582150905780481,0,0,0,0
0.391203541603873,1648,1,6,8,0.7751855858281467,0.7727110433150617,0,0,1,0
1.9204438111263078,503,49,16,22,0.4259508928578788,0.2881612642819038,0,0,1,0
0.6882128816479518,1749,31,28,23,0.5071376865682908,1.73850613597377,0,0,1,0
0.5903453925854063,16,65,46,1,4.126740610190438,7.227454546177653,0,0,12,1
0.03659121812812042,1297,24,19,15,0.0969086152090994,0.25899168052550525,0,0,2,0
0.8111621637664848,1168,14,22,11,0.07961217547236477,1.5241474460773679,1,0,1,0
0.5562605221006178,1161,17,25,18,0.1512281706082135,1.5499850828779174,0,0,0,0
2.071163211727375,29,186,47,0,0.12192113438718974,5.501738763360006,1,0,9,1
0.25363738693217297,1126,12,22,23,0.018351141126166818,1.0825460934446365,1,0,0,0
1.3939335454718182,1636,11,8,1,0.09387164088858584,1.603544932152063,0,1,1,0
0.038497449045062485,1236,49,18,11,0.7548652708030467,1.5763059572291735,0,0,2,0
1.4586883621545694,289,9,17,18,0.29007185289000414,1.7682901730586353,0,0,1,0
0.6104972341928541,1580,31,19,8,0.2796091348856544,0.8151286244762608,0,0,0,0
0.05121955677309854,91,39,8,16,0.6339699300178833,1.3198082400509803,0,0,1,0
0.022059499309250948,625,14,9,4,1.1333121220942408,0.701649627039719,0,0,0,0
0.6638728354936044,1152,21,5,5,0.18004395662422407,0.5094725552750259,0,1,1,0
0.5,23,169,16,3,1.154782589845638,4.374762012957928,0,1,13,1
0.42699560978241363,1548,42,5,3,0.09601611899385208,0.23626593512838512,0,0,1,0
0.07967553170232788,1676,47,15,12,0.47461576465430294,0.5021863141280598,1,0,0,0
0.9894746641480702,555,32,24,10,0.9448176131043367,1.227136940704261,0,0,0,0
1.5325352411256046,16,106,49,0,1.529013799902169,3.4948832322366306,1,0,14,1
0.5570935207493665,20,93,27,4,2.9588100066035987,3.7889257836292893,1,1,6,1
0.8665751567050782,1101,46,3,8,0.08396047189128365,0.6714543989216673,0,0,1,0
0.2357793964864207,1649,46,10,5,0.24605800112792764,1.9726599586653113,1,0,0,0
0.605576084167523,1633,8,29,7,0.249179402290609,0.9501797576711815,0,0,1,0
0.2171847116966015,1113,43,13,14,0.2411178609349631,1.0121216972728864,1,0,0,0
0.9371401090537712,3,123,32,4,0.27338694406110214,4.689827264707969,1,0,9,1
0.425216708356428,483,13,3,5,0.12241680279532358,1.7892681139945381,1,0,2,0
0.5281804605527639,1767,47,23,17,0.07176264591517177,0.054534959878397515,0,0,0,0
1.0432945605682038,27,140,47,4,1.4137240017370054,3.971566827712846,0,0,13,1
0.279109873446051,1451,36,24,16,0.12542230599126708,0.6462947595406869,1,0,2,0
0.9891321354357859,352,6,1,24,1.399017376754025,0.2453690760667111,0,0,1,0
0.18142382930217082,1314,34,9,10,0.029546679692362472,0.7127860352659483,1,0,2,0
6.671436633060685,7,195,39,1,7.8416569906003755,4.7791338652106,1,1,14,1
0.5130244532645336,654,32,13,19,0.6650269351973707,0.28265734325475456,0,0,0,0
2.2477339135588927,1220,32,12,16,0.11024484042372151,0.9429496945453513,0,0,2,0
0.035767838470214953,1049,18,18,21,0.2503499694940556,0.9748886819787228,0,0,2,0
0.3399591230756449,667,37,10,19,0.31086090167710995,0.45639195024940227,0,0,2,0
0.11166816697864898,1459,32,3,20,0.02091601761753385,1.0764773244482904,0,0,1,0
0.2646075941712026,1524,14,3,16,0.4533719154724188,1.6715695104852584,0,0,0,0
0.844948388743063,1171,18,15,24,0.43867378940987484,1.404384489928083,0,0,2,0
0.3306888282559127,453,24,3,20,0.23206299044567716,0.6007922191873774,0,1,0,0
0.3301408915541284,586,45,1,20,0.2778577357115028,0.6157027076275392,0,0,0,0
0.827370745868454,906,26,27,23,0.29065996727510945,1.7010513696197498,0,0,1,0
0.5,24,137,45,4,1.108044403176386,5.37949095642342,1,1,15,1
1.7385421082633872,1143,46,26,4,0.06881318618249753,0.2447575323512159,1,0,1,0
0.8967392921627191,27,92,99,4,10.605546296256902,7.318886877141062,1,1,5,1
0.6998173381372962,747,45,21,23,0.12078642711796068,1.8489565435887727,1,0,0,0
0.003690105720673507,268,36,18,6,0.14870410512082816,1.7627254947143076,0,0,0,0
2.088465773615267,795,39,4,24,0.4895698998105922,0.7072919520254266,1,0,2,0
1.1154067026177805,791,20,8,4,0.4342751309663214,1.0456724500409833,0,0,2,0
1.3809032264595595,1311,49,16,3,1.326744845816214,0.0795583947954368,0,0,1,0
1.1088814967780016,15,77,74,1,1.5324660636984708,8.094393168727162,1,1,11,1
1.5056535441884396,668,36,16,16,0.30330993452930405,0.12066651031684628,0,0,0,0
0.4689197140188667,1727,7,8,19,0.3911421704874329,1.1218038428717003,0,0,1,0
0.25781296560804384,1740,18,24,22,0.1436960026090621,1.1746276290530953,0,0,2,0
0.9915726196794836,28,118,72,1,4.8469105645552855,3.394288032465668,1,0,8,1
0.20976564723377955,195,34,1,23,0.2845375346631946,1.254512156677365,1,0,1,0
0.15959292433686983,1169,48,22,2,1.6844232064255023,1.4916850814751066,1,0,0,0
2.706790368904829,24,64,24,4,0.12616539175787517,6.671282643159722,1,1,14,1
0.13203393299944838,1325,12,10,13,0.27394710254189575,1.751803852893093,0,1,0,0
0.2694118251066355,1584,11,28,3,1.154558487567844,0.007571467264793519,0,0,0,0
1.4452231245840161,501,1,29,21,1.1162772819403697,0.7587599792499149,1,0,2,0
0.0322466443437917,552,8,15,24,0.848472799718408,1.1439717494854662,0,0,0,0
0.10923083715377213,754,3,4,7,0.18320872405456673,1.359726149461148,1,1,2,0
0.6898696535848756,1198,42,13,5,0.3595012551789379,1.1328946988237474,1,0,1,0
0.4149337359383612,89,18,9,4,0.12039558688397359,0.17309123479891841,0,0,0,0
0.171600566445232,82,36,25,24,0.2853332840199083,0.2077258534018922,0,0,0,0
3.106815577401646,15,40,75,3,0.1,2.0596096349282353,1,1,17,1
0.2444793504905509,1575,41,11,13,0.2979944505650348,1.5932842389035764,1,0,1,0
0.4885324243108654,1174,47,10,3,0.16904243639910646,0.7548434556504688,0,0,2,0
0.8350778354767955,11,34,12,4,0.9378263754817816,9.156476866773989,1,1,11,1
0.03684204817842052,1306,7,29,16,0.344893178512807,0.622247949583633,0,0,0,0
0.14199848499718523,906,12,12,24,0.42438479791863915,1.0348781428038476,0,0,0,0
0.07672093061679247,1201,40,26,11,0.27303750963410284,1.5818884743376702,0,0,2,0
0.29179407671138496,445,11,2,18,0.11372052447967068,0.41022132150474167,0,0,1,0
0.034227859051140085,581,24,8,3,0.001,0.5534705895475003,0,0,2,0
0.46708681438264443,699,4,5,9,0.6899598268289233,1.4859745096152464,0,0,0,0
0.50744467946301,422,25,14,14,0.13553360242061216,0.4655007457669993,1,0,1,0
0.41514142047588676,1694,47,22,6,0.33976193762952733,1.7934474836274719,0,0,1,0
1.624204171979052,18,59,34,0,1.688773686645283,2.902830418954143,1,1,19,1
0.875666278761665,1539,34,28,8,0.15825683852708258,0.1909478289650337,0,0,1,0
0.5,6,66,63,1,0.4558799382383025,8.97562595767371,0,1,7,1
0.16142855828953256,571,32,22,18,0.13245674620896994,1.410406704003789,0,0,2,0
0.08511500558260672,409,36,23,14,0.05180586834479344,1.9134637810761845,0,0,2,0
1.0958448458592436,1265,13,28,11,0.16879730405024215,0.12677650291817089,0,0,2,0
0.2935328367214515,587,12,4,3,0.012436661901561381,1.8002794656514007,0,0,0,0
0.560628828533534,1231,4,20,7,0.02446268607786442,0.5566333208235898,0,0,0,0
0.6485395260823416,975,4,22,24,0.7928574681025472,1.8299661903655249,1,0,2,0
0.9307136366495394,978,1,13,1,0.2558736976891785,0.7430268066949786,0,0,0,0
0.5,19,182,96,2,6.666562871570764,7.963073949877575,1,1,19,1
0.3538612518856726,598,48,18,6,0.9328584397533503,0.7645587274556156,1,0,0,0
0.2434828616049801,757,20,12,14,1.1772328817863817,1.4731092840043825,0,0,2,0
0.20630861888517343,1744,45,13,23,0.32426538066149935,0.9334206055704519,1,0,2,0
1.8225864562731209,28,175,67,4,2.8198815571990226,5.872179124456056,0,1,17,1
0.07686445108652931,726,33,16,21,0.4361912717823952,1.4162959902212238,0,0,1,0
0.8008675900249564,120,42,6,24,0.08307656614791264,1.1119433175756277,1,0,1,0
0.11520644010807303,275,25,16,10,0.6580387778832439,1.4959647529463664,0,0,2,0
0.6680524243554146,431,36,28,21,0.7474328601187976,0.1497947977961911,0,0,1,0
1.0307232165577964,94,43,20,14,0.09688308973928787,0.9767473654327463,1,0,0,0
2.0701985184206544,1731,20,17,17,0.06189982243829306,1.4781463412535165,0,0,0,0
0.10938093679768639,1448,42,16,21,0.3816623083490396,0.2634414177308879,1,0,2,0
0.4433558065018187,501,5,12,18,0.49353843176559614,1.3502600801735898,0,0,1,0
0.04353062753608371,286,29,24,10,0.41002869838058226,1.908839042726639,1,0,0,0
0.5,3,98,10,1,0.5655918415743615,3.627125066868844,1,0,8,1
0.012988276971007236,938,35,7,18,0.7069790278344015,1.6672591989145926,0,0,1,0
0.5,19,92,69,1,1.1992563769543616,4.079883603235199,1,1,12,1
1.679773156821,20,96,81,0,1.2794793147161552,2.9573598789051436,1,1,14,1
1.9515264618171124,24,52,75,1,1.598230706288021,7.789215867922901,1,0,12,1
6.63389505712898,23,164,22,3,0.6295686090070212,3.3121968275530733,1,1,4,1
0.713190934446603,1541,12,14,8,0.3443040178786103,0.8434577345580563,0,0,0,0
1.7445298320633575,666,1,1,9,0.12731895617178215,0.3247478627214626,1,0,0,0
0.4762002620964084,279,29,20,11,0.261274906837537,1.6278734104260724,0,0,2,0
1.6856228443218642,652,38,12,15,0.1564143851568699,0.6610035497547324,1,0,1,0
0.8591845096319592,752,29,25,11,0.1126605219340944,0.8320334878304887,0,0,2,0
0.18869835439754992,152,16,28,12,0.042350307644439,0.5041520172883378,1,0,1,0
0.02405233214598861,1490,47,11,24,0.021700404561510976,0.011137721247322485,0,0,2,0
0.9621168205072264,1,115,56,4,0.36519910328718924,6.609874014475379,0,1,13,1
0.05516113468993782,1276,28,28,11,0.1374412401482877,1.6130727771408102,0,0,0,0
1.609255616782694,4,128,65,0,1.193629891281457,6.836788535727188,1,0,6,1
0.6925989747664887,414,40,16,10,0.03702726288541568,0.8710649889649,0,0,1,0
0.48298998483812755,1166,45,4,3,0.5894355704281099,1.8933971546908503,1,0,1,0
0.2834591875362745,405,24,22,7,0.048118008327055144,0.530791050713985,0,0,2,0
0.5224271765635617,1790,38,29,7,0.3529808957221491,1.2351713558187372,0,0,0,0
0.9956840161732603,1736,13,18,9,0.40573940344078496,0.054837830803804444,1,0,2,0
0.6525626528131986,598,3,25,21,0.4599439248587759,1.0903344963587123,0,0,2,0
0.2017122243871152,176,13,24,20,0.08843520592713831,0.8284243845236103,0,1,0,0
0.2033944949716506,1429,31,8,12,0.28429327728829523,1.246914249202182,0,0,2,0
0.9372627687961477,24,33,70,4,0.3720050618295512,6.643277888803307,0,1,19,1
0.5443744624167853,856,12,13,19,0.7330136980084228,0.02406963064845491,0,0,2,0
0.13377923965883423,1275,39,4,4,0.07501647012689673,0.6914265778893827,0,0,0,0
0.07976319211344142,1771,7,9,4,0.7238107067039479,0.9930749801652141,1,0,0,0
1.4391202598203578,1119,33,3,6,0.17806160541159968,0.00018718771654469002,0,0,0,0
0.20689532170251543,671,36,21,24,0.4895339164581465,0.37459409542261213,0,0,2,0
0.8594474056784749,414,46,6,16,0.15791281604946283,0.20565848905337347,0,1,2,0
0.42650053771212454,1753,29,29,5,0.7972069510249611,1.0261383054381294,0,0,2,0
0.4296540020920419,143,47,7,8,0.6785949793300957,0.541688089543213,0,0,0,0
1.0202062908402603,783,13,22,19,0.44844107252926113,1.2016756696321695,0,0,1,0
0.5,15,120,67,3,0.26316148171199494,2.040391395840503,0,1,6,1
0.04129980773087193,431,11,4,15,0.1455034506393433,1.4298256532591196,0,0,2,0
0.029013481922418108,674,15,6,7,0.3742996980753206,1.8658596145604622,0,0,1,0
0.0158145245477775,1707,16,14,7,0.16352271414419087,1.6718619856414334,0,0,0,0
0.5124221043686954,1363,35,28,19,0.44167857848101566,0.4256449713043031,1,1,2,0
0.44167191723178634,1699,14,6,24,0.5281409007670218,1.057823465930895,1,0,0,0
1.512304828716215,1350,9,3,16,0.4213647794108645,1.5300739300072552,1,0,1,0
0.9697310650306387,17,185,70,0,2.726498275908864,9.56481882092782,1,0,19,1
0.7490543769327964,798,46,5,6,0.5472462145110085,1.280050096430426,0,0,2,0
0.5118130213106927,319,34,21,20,0.025706182407123093,1.2901366138636488,0,0,1,0
0.25919333869398975,195,38,2,11,0.23325791120298162,1.6229688492123067,1,0,2,0
0.8355136855348373,1746,21,6,17,1.12166653057162,1.969055900688018,1,0,2,0
0.23727836040856706,1729,9,14,22,0.9008166821180512,1.1012720266947906,1,0,2,0
0.4710930064584235,339,28,25,19,0.087103753667204,1.0927566531320232,0,0,2,0
0.046728142097098774,172,10,24,15,1.320951696030896,0.04942787506286139,1,1,2,0
1.2251221590268986,1200,5,18,16,0.0782158305397724,1.0910819042668665,1,0,1,0
1.118888118831853,1232,21,16,15,0.11981382558456762,1.8695598148472616,1,0,2,0
0.20399056278187638,1080,7,18,5,0.07620399449788988,0.19085184128515342,1,0,1,0
0.14787135148500288,370,22,10,4,1.4395353020234252,0.44970280649661376,0,0,1,0
1.6625189859498883,503,2,29,10,0.4796306745845133,1.065946343193544,0,0,0,0
0.7265528816912251,1769,21,28,13,0.10280775189201226,0.7074553231712009,0,0,1,0
1.3080151834527407,1299,39,17,13,0.5332926761267041,1.1497850619633878,0,0,2,0
3.272632693515606,15,91,68,4,0.31206627283743127,8.346090146567644,1,1,10,1
0.2818385953427962,1467,48,11,22,0.003081764988603106,1.6966345540360595,0,0,2,0
0.71389356067275,448,20,14,9,0.059451737412896735,0.9189293290088985,0,0,2,0
0.21305764427688484,389,16,10,5,0.8885601341869093,1.7817102929608495,1,0,0,0
0.13341932089252792,645,27,3,22,2.274507944699395,0.9401298433835812,0,0,2,0
0.19191480352007947,1409,13,21,19,0.16200844111009305,1.6138172394467478,0,0,1,0
0.23537709819860084,1033,47,13,23,0.04298100446996961,1.6863118041190681,0,0,2,0
0.025913808467938365,435,27,4,16,0.050529783375174435,1.2130954777623273,1,0,2,0
0.5954127988789686,711,9,14,18,1.113279107759715,0.7279642797954651,1,0,1,0
0.3935989315643405,742,18,26,1,0.1508700738119025,1.9832180344451027,0,0,1,0
3.9900404667380407,29,102,57,2,6.2466484777143965,7.207929147272889,1,0,18,1
0.14617564699831587,1765,36,19,8,0.7487024622512235,0.1177332151225512,0,0,1,0
0.008406042520103338,1285,12,25,12,0.05783755237599991,0.723633878872038,0,0,0,0
0.23935673098359211,675,23,5,13,0.15891228570002958,0.5221395194674086,1,1,0,0
0.5174245021676578,1116,43,4,16,0.039700769089367205,1.133065931190866,0,0,1,0
0.8404535837439984,923,47,18,4,0.025524972273561344,0.7940020655481155,0,0,1,0
0.3593507073255474,1174,3,15,9,0.3902565600406809,0.6196200982609046,0,0,0,0
7.2813286816260305,5,32,94,1,5.385830303622975,2.7920992482764264,1,1,17,1
0.27712178970370693,1643,42,29,5,0.0787569766305983,0.6484481687447587,1,0,1,0
0.0763491553734489,577,49,13,8,0.35158083385164207,1.3993395462706877,1,0,2,0
0.3364623873466977,154,17,7,3,0.34697804894861384,1.7809437211793648,1,0,2,0
0.45687012877185273,255,26,13,5,1.7763694989341083,0.14285030586572867,0,0,0,0
0.13876930925721453,1334,12,29,7,0.2584924567676409,1.2143898820863372,0,0,2,0
0.04960250582787707,933,31,23,9,0.21224098028566196,1.8320230943740896,0,0,0,0
1.450072752873128,1165,45,19,17,0.018439066309066922,1.4920978284139534,1,0,1,0
0.1234080317687602,1590,3,12,23,0.248572949304879,0.2066972950495507,0,0,2,0
0.2986820494325285,1316,11,21,1,0.2961952902291875,1.0782977934546987,1,0,2,0
0.20806960416615417,1795,10,6,12,2.1180873240908893,0.24028645370292478,0,0,0,0
1.1670250166855218,1375,38,5,21,0.12299642669439702,0.9460571205067694,0,0,2,0
0.3524168236308364,1078,1,12,14,0.20177015166873746,1.426528125239638,1,0,2,0
0.8184876275486991,1609,27,2,21,0.0458297988135,0.30655827552090176,0,0,2,0
0.09247808579302948,1310,48,15,5,0.1208652035025767,1.9736432339988932,0,0,1,0
3.2294108347227697,18,23,70,0,3.5695235473609106,3.7149799912562678,1,1,18,1
0.07356522440976002,429,27,12,10,0.23154596524702542,1.7531975353016604,0,0,0,0
0.04978226744548748,1220,41,6,14,0.1793105789556056,0.21836692545511616,1,0,2,0
0.034660897801817366,930,1,15,15,1.1494313663150517,0.8950980690978874,1,0,2,0
0.7567126150647328,268,23,22,4,0.3898215698705534,1.2206039483577142,1,0,0,0
0.955885055654242,938,35,20,7,0.4645210493036137,0.18717557956181086,0,0,2,0
0.13212126549853262,353,31,23,16,0.22564808855343077,1.7098359029611225,0,0,0,0
0.17996633693196037,224,37,6,22,0.1352954204906532,0.8441350389660147,1,0,2,0
0.30672324616451735,1417,8,3,9,0.3418365687910838,0.2510411640562533,1,0,1,0
0.09632037172916343,893,38,17,10,0.0575132079856759,0.18678799909889054,0,0,2,0
2.243946902991964,16,97,65,1,3.0792870776543997,5.087547693427136,0,0,11,1
0.522970485491036,1113,15,2,17,0.02612653880257525,0.7653994442040721,1,0,1,0
0.25375331299759785,1291,15,19,23,0.6429652271848113,0.331263041653145,0,0,0,0
0.2978753761993111,267,2,29,9,1.337486410792736,1.4571391914379843,1,0,1,0
0.2974731741018936,1490,19,1,10,0.2583280031802061,1.505216145138606,1,1,1,0
0.14556801972355082,264,25,17,6,0.5576236513872922,0.5616057770951637,0,0,2,0
2.3640414334527633,29,29,60,1,4.232311533803198,9.052349699737125,1,1,14,1
0.5911070480371037,1660,25,4,16,0.16690093016814891,1.3045246511973132,1,0,1,0
0.9597413779439294,177,34,1,13,0.19689772711383322,1.658329831990198,1,0,1,0
1.0489139403748395,19,58,26,4,1.656234382004261,7.641702685502214,1,0,9,1
1.4695877652546008,691,34,10,18,0.8251983608277857,1.569575985885822,0,0,0,0
0.13880629178480292,1736,27,14,11,0.1388729006571207,0.7201907148426503,1,0,1,0
0.007209364869005761,258,8,6,18,0.45847635955375,0.4716275835056023,0,0,1,0
0.9722809836732678,1539,25,22,5,1.8832079346310597,1.9764396566243956,0,0,2,0
0.056359457382338995,736,30,18,18,0.134221545522887,1.4724759093427213,1,0,2,0
0.3619754178929614,930,35,23,9,0.11362833698486088,0.18952675248922946,1,0,0,0
0.06157505230222483,1135,37,7,10,0.5716085000871315,1.7842292863369402,1,0,0,0
0.4061801483558453,664,27,5,18,0.1525455274693129,0.9523081438257832,0,1,1,0
0.90483336502684,1628,5,27,9,0.09925795803901376,1.523373425941493,0,0,0,0
4.281823042807707,9,124,27,0,4.348965382346934,5.840513182649372,0,1,5,1
0.8510031368009728,11,101,74,1,1.0790425866961109,4.152756744324003,1,0,19,1
0.004547699803614305,649,3,19,12,1.4171771539024913,0.5883326470161014,0,0,1,0
0.42300632961878143,1658,27,21,8,0.14494477904402917,0.9688799747301318,0,0,0,0
0.30871641334387734,722,20,20,6,0.960636272525099,1.650594822038752,0,0,0,0
0.06787324073264737,1387,20,8,7,0.4638920010776616,1.3021611673138072,0,0,2,0
0.6193559716560313,1786,43,20,20,0.49454345036155617,0.9754437263623303,0,0,2,0
0.2245269570513162,572,38,17,22,0.1416216679914252,1.1035245933536666,0,0,0,0
0.13553275985830637,1154,9,19,22,0.8598252260405345,0.12333826522943547,1,0,0,0
1.4710822689816219,691,25,24,15,0.5995068696886602,0.12559998464578181,1,0,2,0
0.09932221514339053,357,49,8,5,0.0010540451535292301,0.11835381171893755,1,0,1,0
0.07136380217502092,1425,17,12,3,0.45221221648524523,0.6593950628927419,0,0,1,0
0.9014803039172918,1,188,14,3,5.735602868735224,6.824578259077245,1,1,6,1
0.5479558297241574,239,3,2,19,1.3080514618974999,0.6479780730386799,0,0,2,0
0.33081395470501224,1395,9,14,2,0.923305415229785,0.7361806579731045,0,0,1,0
0.28325539550412493,1282,34,28,15,0.3861208317505966,1.4077104912977687,0,0,0,0
0.11830754561812427,998,44,12,5,0.43499176762807146,1.9246120893895988,0,0,2,0
0.038737934405654505,135,3,7,5,0.25156113938217944,0.9191870454814759,0,0,1,0
0.0032031743087075834,195,7,6,23,0.2869868065864836,0.04430526549779934,0,0,1,0
0.39561189899089877,1599,5,7,7,0.17915414140337876,1.526539671201908,0,0,2,0
0.8016862615115626,1022,39,19,8,0.1291027594230081,0.8509430660200739,0,0,0,0
0.22351439594779685,488,45,21,14,0.7276672610804987,0.13081509168182137,0,0,0,0
0.1313807894754655,1678,19,16,2,0.4931307455827047,0.6464476552072065,1,0,2,0
0.22999272627958509,1782,14,12,21,0.16893974950712012,0.3926495682544475,1,0,2,0
0.10935253001724757,503,15,19,4,0.07241838819043801,1.5274029719878779,0,0,1,0
0.0837036899559433,593,48,4,4,0.41352252430946645,0.5402965474198873,1,1,2,0
0.025439273545384198,1106,29,6,14,0.0905711020309957,1.2663689665373032,0,0,0,0
0.26120284122729864,671,8,16,21,0.5578479456563733,1.0062451543336024,0,1,1,0
0.05609747492704401,744,28,11,23,1.8047709771813136,1.1072415591297475,0,0,0,0
0.23880617500038115,136,7,2,16,0.044623349227501226,0.8998169380701335,0,0,0,0
0.39012089404475636,1356,6,20,8,0.10109240958938703,0.46070811982985904,0,0,0,0
0.7156583803128508,463,21,23,20,0.4231361915859913,1.489980105233503,0,0,1,0
0.7919126263441999,862,37,29,11,0.9606449445999679,1.4470250361785648,1,0,1,0
0.1419135787699582,1546,32,21,14,0.492076562781185,0.5736793220660537,1,0,1,0
0.34177361406707507,608,25,20,21,0.2899633520968099,1.4267254453604594,0,0,0,0
0.6405215488224527,920,13,21,6,0.31079336400052066,0.8982823120994372,1,0,2,0
0.8341237576409204,5,188,74,1,0.1393199061284002,2.4967315953646496,1,1,15,1
0.3030104102996323,1008,23,17,21,0.03489896653026183,1.028931629290817,0,0,0,0
0.4775410383099368,224,13,14,12,0.7221719697470051,0.5392827226100401,0,0,0,0
0.02003062856136337,1265,36,2,19,0.5123112387656887,0.14769300660598383,1,0,0,0
0.14936772717569788,377,35,27,1,1.4190236463599346,0.4496241815562956,0,0,2,0
1.818950098014442,7,151,74,2,2.219581290128659,2.8699922940663267,1,1,3,1
0.4971513813887149,149,6,29,3,0.9391943857427999,0.2924926717143106,0,0,0,0
0.057123524378896263,1525,24,8,18,0.2556090687286293,0.7369070114544023,0,1,2,0
1.0397555710268238,1345,12,21,15,0.271805628812391,0.7717805777048408,1,0,2,0
0.2336052002753381,1004,2,5,4,0.14655739843030005,1.0853203739201223,0,0,2,0
3.6108542069556075,28,62,19,1,0.1,4.084257317774136,0,1,11,1
0.04004632858983886,165,14,9,16,0.11350301694933446,0.03162826122371909,0,0,0,0
0.15828022160441285,663,43,11,7,0.7648879587147333,0.05763675028172699,0,0,0,0
0.18758983655938077,927,11,2,24,0.39838322715159963,1.340177740985414,1,0,2,0
0.3308441917498218,262,28,11,16,0.32427777464767776,1.7879371723892792,0,1,0,0
1.1595159490631033,1028,45,27,9,0.25494541686498134,1.9645316585724513,1,0,0,0
0.3518537448783772,645,41,1,11,0.19513525982287283,0.3390085451482081,1,0,1,0
0.007249039860402138,967,1,28,8,0.24859620511982783,1.9770755152570243,1,0,2,0
0.38685529300196025,1613,16,11,4,0.08753426953180259,1.446248061666123,0,0,1,0
1.4720623680785179,24,140,10,0,2.2697996954225688,2.7011468392815408,1,1,5,1
0.04731457940581048,224,41,14,21,0.7249502498282971,0.017237455197800733,1,0,1,0
0.35230303557788417,398,49,11,24,0.015096576052587747,1.815224236786831,1,0,1,0
0.17819501195560353,1178,43,1,14,0.03964532063981668,1.894372931116387,1,0,1,0
1.7797783002080476,28,195,65,1,8.557243464488476,5.9561550090639095,0,1,6,1
0.3034395853380957,689,6,2,17,0.08575341229708712,0.41896208321883766,0,0,1,0
0.26478708940377493,1758,28,15,8,0.3905978415086637,0.11304599451622943,1,0,2,0
0.6537811889147676,794,13,12,3,0.027487898493506153,1.6815230756540913,0,0,1,0
1.8403199889450474,1667,11,24,16,0.6836527654001294,0.5690076950270571,0,0,1,0
7.9482917763801755,6,35,27,3,3.5244710530997243,9.397465524561749,1,0,18,1
0.2963818011213151,1020,36,4,9,0.14888190944003296,0.48996220678355895,0,0,2,0
0.676703468632035,1284,24,27,22,0.5210612374017548,1.0407927330337086,0,0,0,0
0.2039131577756547,1699,14,14,10,0.6970842250521477,0.6042892256976808,0,0,0,0
0.5530513693904129,1122,7,6,8,0.28790722927925433,0.483916921073388,1,0,2,0
0.19456501125971012,341,11,17,7,0.06722873056242996,0.8663071908988722,1,0,0,0
0.4854955025691306,207,39,13,20,0.13567149471748483,0.385519110701418,0,0,1,0
6.091610799299467,11,53,87,0,1.3523335276340454,3.2087876071529235,1,1,16,1
0.5,21,183,85,4,12.937811621636477,6.28000337272122,1,1,6,1
1.9835764849498472,7,120,72,2,4.567609871781459,3.004691223776417,1,1,7,1
5.103858557043762,23,146,90,1,0.5943272662637492,6.245880403258834,1,1,8,1
1.0258481480174748,5,78,88,4,1.6103849513219952,2.1056446329591374,0,1,13,1
4.601363253898093,5,55,83,2,2.1230475815379926,8.179583921552343,1,1,7,1
0.8350447669219384,1686,32,14,10,0.7961538168750262,0.6771947084133454,0,0,1,0
0.0855562319381555,445,38,18,22,0.11921854697170378,1.2403082259943081,0,0,1,0
0.13827300555338742,1048,22,26,24,0.3552991923976576,0.6399449650286653,0,0,1,0
0.1315797039000406,485,14,17,13,0.2586276790426483,1.7072349936791542,0,0,1,0
0.3652417151765074,128,29,10,22,0.15144113403855528,1.753957968207699,0,0,2,0
0.056114443140444066,1434,49,2,4,0.16607399121365962,1.7257252107113752,0,1,2,0
10.140828111534539,18,125,81,3,2.2707566806855253,8.411468237798438,0,0,12,1
0.16739519767443706,225,6,18,6,0.2359978272637481,1.5889361593698015,0,0,0,0
0.1398538445012143,878,4,20,2,0.32705880405543186,0.0962847733992176,0,1,1,0
0.2326422452088375,853,10,19,1,0.22733570695074184,0.9557850629284337,1,0,1,0
2.886313652818115,12,30,66,3,7.936898179872141,3.4254190151168578,0,1,4,1
0.032878116076265756,1545,29,7,5,0.0433250506574418,1.1786162890516405,0,0,2,0
0.2714381081280035,951,9,27,11,0.07315510047426385,1.2890175885646353,0,0,1,0
0.7759615030596574,1017,37,8,24,0.1321673930479846,0.1749623775542839,0,0,0,0
1.0474341130213531,27,188,47,3,0.579514991214811,5.965459028727811,1,1,16,1
0.4814528398740175,910,34,5,20,0.16660740392013434,0.026139546117748047,1,0,1,0
0.0462687345025399,1583,27,14,15,0.3151804843530217,0.3827653575184753,0,0,1,0
1.347843123612141,395,17,16,4,0.7063307603105446,1.0837042614985795,0,0,0,0
0.4689763245864377,1041,2,17,2,0.8901468074283377,1.3050018028754748,0,0,1,0
0.7246351476968784,21,75,56,0,3.1875663825662706,8.572963524514066,1,0,17,1
0.3332358439125339,1052,46,4,15,0.045563147440741525,1.9735040226927012,1,0,0,0
0.4849980952374174,1367,41,22,8,0.03700380167793888,0.04873618531832635,0,0,0,0
1.4746501440486426,1470,30,12,6,0.13008792475301886,1.245962092300638,0,0,2,0
0.1383110110064952,921,42,2,19,0.26922111144486993,1.8692568123373048,0,0,0,0
0.4708137790959099,1697,31,7,7,0.007060468398778542,1.9814374867469455,0,0,1,0
0.6694859411838541,85,49,8,24,0.04702904071751294,1.5836216609939737,0,1,0,0
0.009145146658282576,1544,28,2,13,0.2829052414055978,1.5233066359036052,0,0,1,0
0.3308989422796835,935,17,23,23,0.2488094282094554,1.2022044970984698,0,0,0,0
0.2919614941672946,1082,8,18,20,0.16825440464090752,0.15511800505308426,0,0,0,0
0.05330435612269272,1597,35,16,10,0.9467595875944759,0.017877155136096334,0,0,0,0
0.6426703629946993,1623,11,9,23,0.05351583950420911,1.2763378012472686,1,0,1,0
0.10337220774773362,864,35,5,13,0.2794286519800428,1.6798297732920313,0,0,2,0
2.8187649043376135,27,176,16,0,0.1,5.944316006244587,1,1,3,1
1.1906327649229878,368,11,1,2,0.1236043615109605,1.9011529057977108,0,1,0,0
0.5418878807356186,413,46,2,19,0.04486178927690975,0.571136751607912,1,0,0,0
0.40349650938159076,1557,11,25,15,0.5171218044947093,0.3801969358809536,1,0,0,0
0.15915587110402302,1795,21,6,2,0.08707129112596491,1.8956522233074833,1,0,2,0
0.1577385716130011,304,39,23,18,0.0976425384235333,1.2204026399451382,1,0,0,0
4.959770822206141,15,121,34,0,1.3443292062285694,4.025705275662198,0,1,18,1
1.6030479745215,22,27,80,2,1.1222398237130284,4.8937192277958355,1,1,7,1
0.33186497974570356,1119,47,14,6,0.11382618752626804,0.9125030580533016,1,0,0,0
0.2932689198785868,1638,26,3,6,0.7178803035411047,1.2286020503584427,0,0,2,0
0.6227086444492694,155,48,29,18,1.0169351472461614,0.2729429412503015,0,0,2,0
0.09266016060389448,956,7,14,10,2.0602495274977217,0.9203309399858957,1,0,1,0
0.5,19,174,42,1,2.5292315760598987,9.980238371411858,1,1,3,1
0.3945534333813251,1466,29,7,10,0.05433975524613708,1.1860184561493028,0,0,1,0
0.7342874683334661,786,10,6,10,0.8731156663323715,0.409556483235326,0,0,0,0
1.3581043269379973,1091,13,3,15,0.2842050762752795,0.8036061206354868,0,0,0,0
2.628709165019106,15,115,27,0,6.461968713699622,7.433727958746782,1,0,17,1
2.205112469770846,11,108,83,1,6.750543587186914,8.341251718387927,0,1,13,1
0.06022214251849821,164,22,8,11,0.13558192963698473,0.6764665664654426,1,0,2,0
0.2673381245644393,410,9,15,6,0.21495140183209793,1.9660819408340575,0,0,2,0
7.37358965217235,3,189,98,2,1.0028445163684052,2.7046467586668816,1,1,8,1
0.15010335452106865,1755,18,14,14,1.0918806675759323,1.65417575491689,0,0,1,0
0.16356382008261608,99,45,7,4,0.09939823483150957,0.9543219058153047,0,0,2,0
0.05309867950099082,1496,17,18,15,0.14379850389645826,0.39423544441963276,0,0,2,0
0.0778826703309313,692,32,29,10,0.8239611457478562,0.6705931313673341,0,0,2,0
0.19745098602513414,1476,31,14,16,0.13173829123218392,0.7304375083147356,1,0,2,0
0.20244532179403388,1420,19,27,23,0.29539779687139606,0.21622731511881677,0,0,1,0
1.2737741700142793,1464,47,10,3,0.03685665482048655,0.10226318495479148,1,0,2,0
1.3530641827008183,1285,36,16,20,0.15792829235121097,0.8778782138567909,0,0,0,0
0.7397418881207557,975,37,16,22,0.3234777294617357,0.5037699890595735,1,0,1,0
0.48133521737153584,1238,10,13,20,0.2459506903388401,0.09426250338140596,0,0,0,0
0.33534383746084007,645,15,22,7,0.037644692947772784,0.9930481491303371,0,0,1,0
0.0841079234315485,1537,10,16,3,0.316631271022342,1.5070360151775515,1,1,0,0
1.696089731753853,6,109,64,0,2.3424813833447233,6.161943521930017,1,1,19,1
3.748743165794732,10,179,42,4,6.478254209479952,5.230520290848659,0,0,18,1
2.9633096324999197,10,110,52,4,0.7236967004227512,4.415652587700962,1,0,8,1
0.45008126643336277,704,23,1,11,0.0022147112431397573,1.1113330443570673,0,0,2,0
0.3123544782406798,309,13,19,12,0.1786631115355403,1.9539553427610785,1,0,2,0
0.40188982631469217,72,5,14,18,3.3861664495573955,0.2273254011933976,1,1,2,0
0.262509251776947,984,29,14,5,0.31611524936425556,1.6291577830178054,0,0,0,0
9.094670346185929,12,99,36,2,1.1079792825778232,2.870093929040629,1,0,12,1
0.5378248911587679,777,9,2,24,0.4112221545398087,1.2431384530234955,0,0,0,0
0.4995303450047908,290,1,24,11,0.3952075446437538,0.8089081386009553,0,0,0,0
0.647232714863559,1735,21,25,24,0.019168793781146862,1.1941182641577248,1,0,0,0
0.5,9,148,81,2,2.2095799512627856,9.31439826260765,1,1,7,1
0.01764403427101483,1196,40,8,5,0.05751385979263094,1.1294580010147626,0,0,1,0
9.110920890109481,15,120,71,2,5.821897191602769,8.18771577726946,1,1,14,1
1.1828210341214451,979,25,19,17,0.7362374292046218,0.5000480788014556,1,0,1,0
0.587297321075241,95,41,14,17,0.03781919715512364,1.2054518909145477,1,0,1,0
0.6325066429676879,8,109,12,3,2.8307524160018636,5.944188736324649,1,1,19,1
2.5599932975020945,25,158,33,2,1.545033908246782,2.8211917350123796,0,1,13,1
3.095789303128109,22,174,42,3,1.2105276201256416,9.359103235181397,0,0,18,1
0.9041850346675423,1056,20,10,2,0.14755205984782643,0.853473429964946,1,0,1,0
1.5331082645374594,1118,21,28,10,0.7318443254138027,1.0745763724117896,0,0,1,0
0.42297897156392783,587,24,13,13,0.35241415498326206,1.575817022360654,0,0,0,0
0.029124851911949044,1303,28,22,1,1.0220827898282392,0.03522224672589691,0,0,1,0
0.9388574993123456,961,19,24,18,0.19467102074235104,1.843624812313054,1,1,2,0
0.7019700879555978,7,178,51,1,0.4647900116954298,5.485524683288431,0,1,15,1
0.23850654769086613,390,40,1,14,0.8281868613800194,1.067857939915071,0,0,2,0
0.8499694460871767,923,37,9,8,0.29499015295349046,1.1563058822825976,1,0,1,0
0.7786378027318164,173,29,15,2,0.02810224731701686,1.8993668546089073,0,0,1,0
0.47893508517746264,458,44,11,2,0.07593608236491654,0.6335903410654142,0,0,2,0
0.08790270372663538,496,42,16,10,0.0033775924669615766,1.664984759793027,1,0,2,0
0.007401202847220853,1355,48,14,11,0.1670133682922166,1.3517775148412265,0,0,2,0
0.5590384468442902,1594,36,10,22,0.01658283275108932,1.6329183681204171,0,0,1,0
3.6382684647497356,4,149,71,1,0.6250183486524931,6.042721091757852,1,0,18,1
0.035457386793518536,1369,20,26,12,1.374944038028673,1.7826459460997561,0,0,2,0
0.7273450973382178,897,17,6,16,0.1488710451530337,0.9410714015373924,0,0,2,0
0.524386907151384,290,34,21,6,0.16820030723045729,1.1765941159545195,0,0,2,0
0.3482756500092622,1202,24,24,7,0.1929901438663124,0.30744369265825,0,0,2,0
2.203359350131255,21,193,56,3,2.1371162402322548,5.843983346807946,1,1,18,1
0.9754635990236143,1752,35,15,10,0.46926262674698294,1.7012850962946988,0,1,2,0
0.4754464121564652,911,41,19,7,0.010807794286989539,1.8932328791797481,1,0,0,0
1.1226031136902603,1177,3,27,11,0.032496652306771165,1.151467915107513,1,0,1,0
0.7156960563018635,549,48,13,24,1.2241753895903502,1.6553266849690622,1,0,0,0
0.7840977081105743,1725,42,15,14,0.59523051702646,0.13205185503889538,0,0,1,0
2.1320033646448615,1517,47,3,19,0.5385743487814232,0.061182255692747045,1,0,1,0
0.5263036671570293,750,47,21,18,0.00858363999892694,0.855748967431269,0,1,0,0
1.394995551239541,1277,21,25,7,0.10253597563567039,0.5642520319372624,1,0,0,0
0.7450560776767798,261,25,29,6,0.3925293166901178,0.3585590193030246,1,0,2,0
0.7183784729547108,1490,20,7,18,0.14494955176945717,0.08235279550761132,0,0,2,0
0.09582805450842118,266,10,8,1,0.01739387061183645,1.6672757531294204,0,0,0,0
0.8922951485061119,366,45,22,14,0.0833732566834372,0.9243168984787171,0,0,2,0
0.09285930814787739,1084,34,4,16,0.059804954372592194,1.1239758902367654,0,0,1,0
0.2975073318114288,1047,7,3,12,0.23460834780510065,0.46820450093277266,1,0,2,0
1.2439232229549084,19,87,78,3,0.2984021937165176,8.55814723661332,1,1,5,1
0.0930012186111506,1377,41,9,19,0.8659849331129701,1.7883203656453173,0,0,1,0
0.11491602143566874,833,41,23,23,0.5704423767921087,1.406824141056192,1,0,2,0
0.776995006848036,542,15,8,16,0.0415544625951543,1.0259469456205839,0,0,2,0
0.19666210219446353,1631,25,3,2,0.5634708536943647,1.533340602020496,0,0,0,0
0.28251732469149105,666,28,7,11,0.0838567852891525,0.12314104729438946,0,0,0,0
0.012447111141255657,495,34,23,1,0.47899229246998837,1.6625271994848274,0,0,2,0
0.013961481211462656,1671,28,26,23,0.26267928772405663,1.003094147887231,0,0,2,0
0.2891336537734984,1447,35,24,5,0.08782436647129321,1.575238699352272,1,0,0,0
0.3455425981764517,1609,5,12,2,0.09341915034209601,1.8620906993180877,1,0,2,0
0.7446856389096141,543,48,9,20,0.427401630288313,1.9541595490873938,0,1,0,0
1.7294767846531578,658,42,19,20,0.4347112804552283,0.9583909083911388,0,0,1,0
0.32781987731790285,767,47,16,4,0.5019219189200623,0.05692644336713171,0,0,1,0
0.23943558284108543,1364,44,7,12,0.42253452334099306,0.5640822525250611,1,1,1,0
0.2720189327660257,1383,47,6,7,0.1549811028994124,1.2825315064457723,0,0,2,0
0.523150431653046,678,38,3,5,0.15747929305888092,1.0453186459927497,0,1,2,0
0.0374766490818049,567,11,17,17,0.5080298686744592,0.9451795588311322,0,1,0,0
0.5186252842440848,1571,7,22,22,1.3710552655554251,0.13918787086686124,0,0,1,0
0.30738974756611503,828,8,2,6,0.4889987334536805,0.2231186431078056,1,0,2,0
0.1499010413752651,1558,35,9,7,0.23245670386918904,0.7890950089697399,0,0,0,0
0.5,11,55,35,2,0.1,4.851286289650167,1,1,10,1
0.9394629554907945,7,163,12,2,0.6458108846013153,9.03395386185338,1,1,16,1
0.7328011245991459,1703,23,12,13,0.18397150606365884,0.8731589989734834,1,0,0,0
0.7985423771649214,471,44,24,22,0.06961859437535492,1.0091530719382962,0,0,0,0
0.6061116574288691,941,26,23,21,0.12221668460077902,1.3579655458295785,0,0,2,0
0.2831217998206428,540,18,25,22,0.007595762430340607,1.6823488691357942,0,0,2,0
1.6913964705202706,166,31,21,7,0.4869975246410813,1.1889644976520803,1,0,2,0
0.07560015384221204,168,18,5,1,0.3919644301741065,1.211130211908492,1,0,2,0
0.402267232653576,1592,29,1,19,0.01665928774192795,1.06263448056003,1,0,1,0
0.41020020261840673,1162,4,22,11,0.09864117399864517,0.45084091148960437,0,0,2,0
0.03521672142326575,283,8,6,23,0.2859374064561678,1.0474040198639678,1,0,0,0
0.5375225527050154,982,44,10,11,0.11853722349843283,0.9094001342823548,0,0,2,0
0.5663118891917224,704,8,19,6,0.6806974123989511,0.03502096282981593,1,0,0,0
1.0339762025576105,338,42,15,17,2.2134260434637696,1.1026643719017029,0,0,1,0
0.4100912120190553,72,15,17,21,0.36739214303759316,1.2217824002829945,1,0,2,0
0.6527060647052452,475,32,21,7,0.2354771037581662,0.292106326012048,0,0,2,0
0.4877107288497878,103,7,17,15,0.10321854645251426,0.764049275478837,1,0,0,0
0.6098491737704197,1505,13,2,9,0.4565448403165004,1.257768496067439,0,0,2,0
0.5,21,131,82,1,0.1,4.681279047701892,1,0,17,1
0.3750465962435363,1250,2,11,10,1.5272122583938244,0.20708032384547503,0,0,2,0
0.04632772947655781,484,6,16,17,1.2320784822227342,0.11594889211582604,0,0,0,0
0.13212907745905905,489,42,22,19,0.7691646235382553,1.6452404423884397,1,0,2,0
1.5643024975021769,1380,24,1,24,0.33208766230235465,0.5594413164831367,0,0,2,0
2.3170508776151686,645,39,13,20,0.3092924549420648,1.4792615379891674,0,0,1,0
1.4330176918900979,1354,1,11,14,0.8556268605584763,1.216883730461049,0,0,1,0
0.7477807030455019,596,9,14,14,0.21549178807000935,0.45861806624062007,0,0,2,0
1.4116320290831152,9,57,67,1,2.088507739577596,4.332764189538911,0,1,10,1
1.839664231913008,1410,27,28,12,0.08528123395144638,1.3543234593331352,0,0,2,0
0.20140783478645918,517,29,8,3,0.6886035818049675,0.8877273889741015,0,0,1,0
0.005546280010766931,141,22,27,10,0.4246352850774791,1.5358578012632573,0,1,1,0
0.9772805596769318,930,21,17,11,0.7103001169288137,1.1254672780259858,1,0,1,0
0.050819742691706526,407,41,21,16,0.01662356206076861,0.082302480562785,0,0,1,0
0.03296016770357838,1092,26,10,3,0.32429228410657057,1.3732262919373517,0,0,1,0
0.5,19,42,77,4,4.33662837400058,5.413111237303146,0,0,7,1
0.3105805299498013,1224,21,5,22,0.5062983019709509,1.3122312681197172,0,0,2,0
1.27419387099539,12,65,31,0,0.5067044478796416,7.49171844769679,1,1,9,1
0.09636958147035177,1003,47,5,19,0.34256241844332713,0.3700338865875834,0,0,1,0
0.9110950232349286,1304,24,10,8,0.1963257218260958,0.46002468003032915,0,0,2,0
0.055175538774339956,1351,28,10,1,0.16964797231823808,1.6178026011206144,1,0,0,0
0.0974495145523542,1491,31,26,19,0.8794384042899246,1.9578939066077323,1,0,2,0
2.0473953833050342,592,49,25,9,0.5235095428259521,0.2989409183816025,0,1,0,0
0.03775862331429009,426,46,5,8,0.23503151877303888,1.3879673281398943,0,0,1,0
2.1752673142104624,634,25,29,24,0.4690357745483585,1.2386547943144757,0,1,1,0
0.6036042358265499,1019,38,11,2,0.2505128574505077,0.027875357420236835,0,0,1,0
0.10860596594951663,234,18,4,18,0.62897246035561,0.3674787285235126,0,0,2,0
0.7928269898663431,658,15,4,6,0.4373606558594494,0.6105614260623387,1,0,0,0
0.2755966503777051,409,44,12,2,0.39918916640189417,1.8273557880549274,0,0,0,0
0.6084565713175621,891,49,12,9,0.684737925698182,1.694900625533447,1,0,0,0
0.5736572032898788,935,20,22,22,0.07845834432892843,0.15808235478822885,0,0,1,0
0.5,6,141,71,0,8.711870953435643,6.985677029354117,1,1,17,1
1.164222840433816,259,23,7,20,0.4862263555585271,0.14355758134399776,1,0,2,0
0.3143291311554214,1527,49,18,7,0.8436012624627263,0.3052065820185772,1,0,0,0
0.5572073614139259,1052,18,22,17,0.2457466411149612,0.9758837578507686,0,0,1,0
0.25091007693553885,1370,28,18,11,0.07418560888881336,1.768713619521401,1,0,1,0
0.5897584839923132,846,30,29,15,0.2508104568786946,0.20175331372284933,1,0,2,0
0.035772655764686,1276,10,17,19,0.027952840393404454,0.44729316964718424,1,0,1,0
0.0018632979796416548,91,47,1,3,0.32158745480631334,1.8865050093170892,0,0,0,0
0.2813635272805919,268,41,1,20,0.46796163108927813,1.129903131238138,0,0,2,0
0.4954182663573485,956,30,15,15,0.05612340138353433,0.5754394895496817,0,0,0,0
0.9008254715260419,1411,24,9,12,0.08782634448366966,0.3360476833251329,0,0,0,0
0.16881533015726125,269,48,17,14,0.9233952642250275,1.5598927660026283,1,0,2,0
1.3344550501355334,907,24,29,4,0.42743966764106034,1.5805666717074056,0,0,1,0
0.03360479674470436,1098,27,23,4,0.48705298236798067,0.06776005629565018,0,0,0,0
1.2036570365805983,971,21,28,20,0.7486320985058613,1.1509953947419964,0,0,2,0
1.819731007298036,29,95,56,0,1.0678393211553998,9.442034235317411,1,0,12,1
0.03833068797722747,1586,38,15,19,0.43214421591745317,0.8491471384912082,0,0,0,0
2.0495597768214617,8,197,98,2,1.925766758763689,9.69989833407444,1,1,19,1
2.2661895979049493,11,69,98,3,2.2506349789251185,7.4509365921566095,1,1,3,1
0.7864078044329923,1654,5,3,17,0.6655716047502971,1.372018989662974,0,0,1,0
0.1385505115132008,1527,17,1,17,0.02989487474804599,0.716208918447734,0,0,1,0
4.491388154190558,19,79,67,4,1.1131664254539737,6.163904801070535,1,1,3,1
0.8480413314240348,1044,31,7,10,0.41569162105064095,0.4737663374593253,0,0,1,0
0.39290978392501763,1097,22,22,10,0.2797934079052215,1.09337825940511,0,0,2,0
0.015835594071890103,647,28,5,3,0.11421553735571366,0.6987182791387534,0,0,0,0
0.36889539585805997,1305,46,10,17,0.2338076819052776,1.1397699543084436,0,0,1,0
0.29298934269369536,244,34,3,5,0.32378113414817283,1.592801331264224,0,0,2,0
0.16364855807506018,1408,5,19,5,0.33718148191774366,0.05765667031064692,0,0,0,0
0.28951916926726307,1525,44,20,21,0.29759764974740804,0.8541996634670583,0,0,1,0
0.13115961637530196,1523,44,17,5,0.3719075131241566,1.7611861093076686,0,0,0,0
0.7089473372868667,785,9,8,1,1.0876100788302503,1.1725541985244432,0,0,1,0
0.978428346581652,1232,18,28,22,0.20680066922428925,1.450345528933953,1,0,2,0
0.009670664486445758,76,34,11,15,0.11950130687523478,0.0854798293869572,0,0,1,0
0.12632184207681968,525,47,23,12,0.5794752847316756,0.8127881483426012,0,0,2,0
0.12719819393547196,1557,9,22,12,0.031735909372725524,1.1549822418793556,0,0,2,0
0.534947050307972,1008,13,9,3,0.5434863220692425,0.4485182048609808,0,0,0,0
0.50654169149841,139,21,4,1,0.21379031109637184,1.8853118655407464,0,0,0,0
0.02687597683929059,285,43,3,21,1.1358432616262275,1.5192328569011795,0,0,1,0
0.5,17,94,56,4,1.5556874716028952,2.2897590681369246,0,0,14,1
0.6271400179587882,392,9,3,20,0.45711645331662454,1.3599144288900025,0,0,0,0
0.31175110675799356,236,47,6,1,0.08644655463383971,0.04543124929556397,0,0,0,0
0.6141987266962591,1702,46,9,16,0.2324647040493426,1.3144669183345286,1,0,2,0
0.005796476706366621,963,41,26,18,0.2140552842029719,1.3652888429039556,1,0,1,0
1.3866972226324168,681,28,11,21,0.338308878524597,0.45479672965985785,0,1,2,0
0.3218270848176464,1723,25,5,11,0.027698716779862555,0.6724269881436962,0,0,1,0
0.046374817200398676,1108,6,7,13,0.06718442278102588,0.989864542082858,0,0,0,0
2.16707316979366,924,2,7,7,1.5708207904286422,1.2482952457396645,0,0,2,0
1.0288700477912456,11,61,78,3,2.6569648773290226,7.560275575457913,1,1,6,1
0.032111006237036374,617,29,23,21,0.0379134943689794,0.453333389033467,0,0,2,0
0.7377226888628265,1100,44,4,12,0.012777700330722945,1.6282717580245294,0,0,1,0
0.5939587812102318,872,13,29,16,0.43173109206910737,0.6265845063193112,1,0,2,0
0.20173407826020687,147,18,24,15,0.5485564340727984,0.8398416835616833,1,0,1,0
0.5651655971843924,144,7,10,2,1.2478354855704974,1.4476988773911041,0,0,1,0
2.199988989556151,1221,33,6,11,0.34250485867795327,0.9682913008863836,1,0,2,0
0.48861623565029194,624,25,22,12,0.1976710310441826,1.2385677216335813,0,0,1,0
0.24193692101066905,337,38,18,18,0.339891722876138,0.7520156822598492,0,1,2,0
0.27425702509846006,1127,22,9,4,0.35740439198567386,1.7114688083599805,1,1,0,0
0.5,4,37,39,1,3.383558887649289,9.022557577787133,1,0,4,1
0.19105996627694827,1350,11,6,17,0.08727720057767549,1.4096294484629248,1,0,0,0
0.5472197577593878,875,35,15,16,0.04596462082956664,0.6147486544800578,1,0,0,0
0.39559770669178285,328,14,4,9,0.31642487653659535,1.0322708721298435,0,0,2,0
0.4084163828959275,1303,18,12,13,1.2932567695679944,1.9146284973641363,0,0,2,0
0.7586557253056694,399,32,13,3,0.05460216738703388,1.3355119507611144,0,0,2,0
0.1800686879638946,1715,25,13,15,1.2825180857417626,0.9870989804864627,0,0,2,0
0.04786280527423763,948,5,15,2,0.006151983677082074,1.8575145757764726,0,0,1,0
0.042560429847425786,498,25,24,4,0.27207140861740076,0.4661445861982292,1,0,1,0
0.5793263172009636,251,45,26,10,0.3360575597964315,1.46381722202369,0,0,1,0
0.1896564010583294,1439,40,17,12,0.4480702258271998,1.7329730869409836,1,0,1,0
0.2717903650679673,1769,29,17,22,0.17670533397232646,1.7477301690504348,0,0,1,0
0.4180531620112004,1353,28,9,5,0.3108333673751822,1.0182981905110062,0,0,0,0
0.033976095317135434,1122,34,1,16,0.07309509756260071,0.32620677884967897,1,0,1,0
0.4035548318666744,1089,42,27,1,0.003546495056295342,1.3832935911172806,1,0,1,0
0.3447725543617169,384,38,10,14,0.07540527043345072,1.2377511054920558,1,0,0,0
2.229280822509389,1613,31,23,20,0.0598623976946133,1.3843367874430224,0,0,1,0
5.7063894730957765,5,156,10,1,2.240618922113263,8.858304515939297,1,0,3,1
0.28777374668244693,552,45,10,10,0.16977923517857377,1.1980144254033116,0,0,2,0
0.026847616402905346,176,47,14,20,0.35106585785759453,1.44223786516,0,0,0,0
1.4053083419661045,1784,47,8,15,0.07656205126689242,1.8342040354756732,1,0,0,0
1.682654105015206,1048,9,22,1,0.3256914289061012,1.812728474091097,0,0,2,0
0.17411780077289923,590,24,19,8,0.16482899533020076,1.0084785396962066,0,0,2,0
2.3555652779099363,11,55,53,4,1.861395456452577,3.292834029670245,0,1,12,1
0.4879379091062655,1420,43,22,18,0.09307516569520971,0.46974756550598085,0,0,1,0
1.521034876607742,940,36,22,16,0.05745547437737745,1.9710485075647115,0,1,1,0
2.2480729459334814,0,175,49,2,1.7066071800099776,7.38332514749034,1,0,9,1
0.7232387366747796,23,186,16,1,2.5709081677159666,4.725984584452277,1,1,8,1
1.7981576125213021,29,159,41,4,2.5050087037342648,6.942412304483128,1,1,10,1
0.11269487873151104,781,31,6,14,1.042708550554559,1.1567203724564483,0,0,0,0
0.1265410338659267,1296,15,27,24,0.07723186951672245,0.5949255548841574,0,0,0,0
0.33038418566340355,307,17,19,16,0.575463730510948,1.2094959228840145,0,0,2,0
0.371436347581243,1049,14,19,23,0.01739169594474625,0.4248306016943131,0,0,1,0
0.23828782782735358,785,17,25,9,0.4751840254419721,0.19385020427343425,0,0,0,0
0.5,11,100,97,4,1.9912788832335684,6.4094092088096914,1,1,12,1
0.1179357140518704,933,15,9,8,0.16425652282008604,1.7984748037083655,1,1,0,0
0.3214307025992291,1140,17,27,16,0.7592191784734705,0.09326328555476815,0,0,1,0
0.4591365343776415,1446,41,5,23,0.3480059846826411,1.006986171145968,1,0,0,0
1.590206920504752,8,40,89,1,1.2282828469652858,8.36297764155335,1,1,15,1
0.7395383301091532,173,28,23,21,2.0906159320979447,0.19086306952804621,0,0,2,0
0.6436283964535804,1737,33,2,3,0.5599140191060529,1.8896263851515822,0,0,1,0
0.710204391704597,1601,29,1,13,0.1238939242201816,1.8081067115322331,0,0,0,0
0.10244947258534952,1102,20,3,18,0.2644688706905808,1.2913921591364437,0,0,2,0
0.25315731560493215,143,33,12,16,0.510364417327488,0.31067810103542803,0,0,1,0
0.09000066295496525,861,23,15,1,1.3768909617101346,0.613331175219854,0,0,2,0
3.485182854956448,15,108,63,2,5.459531392048489,6.811339532282918,1,1,5,1
0.015822270730651903,494,27,16,20,0.44403915834350427,0.5545554549353271,0,0,0,0
0.19436238062806788,570,48,18,11,0.8231169142834216,1.9693319587485387,1,0,2,0
1.2114686572842845,1750,28,10,15,0.6558684001077985,1.9819396395291504,1,0,1,0
0.4309388627103656,72,8,11,23,0.4653894750835805,0.94078151312041,0,0,0,0
0.17544018919447144,1549,42,3,23,0.8769302224077965,1.1553726840344503,0,0,2,0
0.5512014737855248,21,160,69,3,3.535761713099312,2.204025425221242,0,1,10,1
0.5953977012106687,1235,20,14,10,0.22665834174474575,1.6619828294750056,1,0,2,0
0.7120864021507772,1041,32,28,18,0.41140358818664513,0.38125780212643035,0,0,0,0
0.11864141540467563,1338,30,14,9,1.0872834977003496,0.889126971311087,0,0,2,0
0.1900128055283935,1526,40,22,15,0.1161039192707834,1.2326606118344074,1,0,2,0
0.41722705377173325,196,13,24,13,0.08579806089942447,1.5555925882271138,0,1,0,0
0.6574267822364975,154,13,8,21,0.26751361805245,0.363459020395986,0,0,0,0
0.3974802604911397,1045,46,12,11,0.6010112217041508,1.9108429252878294,0,0,1,0
0.4666118976665835,1471,10,22,23,0.3099750356884598,0.04603318270906409,1,0,2,0
0.7181092170419446,515,6,9,19,0.5109266087500404,0.361361376278168,1,0,0,0
0.05159506860086345,998,1,19,15,1.0507414777345316,1.2243683898237494,0,0,0,0
0.054569899987937806,1520,43,2,10,0.3003398062032021,1.5640071620041478,0,0,0,0
0.2124002131065532,1313,24,24,3,0.9500972460099935,1.368736303359161,0,0,1,0
0.2681633284170006,1686,25,17,17,1.6416976212225938,0.5586321908584975,1,1,2,0
0.37976475117653447,585,41,6,14,0.5703903390610358,0.5396598500833407,1,0,1,0
1.324146297271714,844,4,2,10,0.0216002386625965,1.2745128541401871,0,0,2,0
1.0411758456332774,1157,4,4,14,0.20378176052700525,1.548942525084986,0,0,2,0
0.5027551885048863,68,44,8,14,0.41639696500578244,1.400090949159018,0,0,0,0
0.1083284442896811,1296,14,16,16,0.00942428284829937,0.06568976549799532,0,0,2,0
1.9068948421391307,22,195,49,2,8.886111679004303,4.470762054271266,1,1,3,1
0.9420758508770627,749,9,27,8,1.2085363112139307,0.8447070181377658,0,0,1,0
0.465698336216083,319,12,26,9,0.2972336041608124,0.23218004879097487,0,0,0,0
0.674517633839335,963,14,20,3,0.05989931159503397,0.6435125005952949,1,0,0,0
0.363994471302622,325,36,19,5,0.24793330205146993,1.3964774507741282,1,1,0,0
1.1412179631090615,667,25,13,12,0.009315441102324686,0.1521206619092803,0,0,2,0
1.6679518829133584,20,171,77,0,3.6444472801565384,4.860101754118767,1,1,19,1
0.1438136911333219,881,13,5,20,0.16847405984130148,1.6813509831245401,1,0,1,0
0.5,13,132,37,3,8.05254390258572,2.8967481556652652,1,1,12,1
0.17536354626184048,286,12,20,5,0.38454643360425517,0.8809582943545748,0,0,1,0
0.4995828745445317,1498,11,9,4,0.23501178509462292,1.430495228097364,0,0,2,0
5.5999976761158585,18,169,26,3,0.5386691578867069,7.545757558558463,1,0,3,1
1.1410741444139767,1732,15,26,15,0.04465839267453145,0.5859923602308315,1,0,2,0
0.39598162960307587,71,27,7,20,0.15480977593310732,1.0620898489112913,0,0,0,0
1.9311669839881611,931,39,19,2,0.21502880455954232,0.7281265688539178,1,0,0,0
0.653756800657519,1771,6,23,13,0.2768485015936301,0.2721213010173398,0,0,2,0
0.26665701816883874,1689,30,17,23,2.702962872406134,1.4061337545356292,0,0,0,0
1.088396845052435,534,11,13,20,0.03318347273529541,0.7066066278714305,0,0,0,0
0.14175009940727593,1134,2,5,16,0.6409958675436169,0.45016576715172163,0,0,0,0
0.4715057297135249,829,13,13,19,0.41444666916042333,1.5992238256476994,0,0,2,0
0.039956342567061584,1772,3,24,11,0.5161457864616747,0.6789380444394093,1,0,2,0
0.3404255841155766,465,29,28,22,0.17334972048236277,0.17808871964891138,0,0,1,0
0.18932644785842875,227,25,24,12,0.2464082417096159,1.7768249932395623,0,0,1,0
0.11523592518528677,572,46,24,14,0.15204492235775033,1.5757285003955221,0,1,1,0
1.9824347820973487,599,16,2,7,0.46517892391958005,0.36871123241109105,1,0,0,0
0.04976594246574393,1282,26,12,20,0.08763362137146258,1.1333981186827256,0,0,2,0
0.44169874544586935,206,17,27,14,0.14954609503062669,0.3217843018191979,0,0,1,0
0.16941929079601423,458,33,17,23,0.11267907738249316,0.32213466182560957,0,0,1,0
0.6241614309450587,567,37,1,20,0.18301452592493994,0.5529365923468232,0,0,2,0
0.3657756929843246,380,33,17,1,0.044743930454805146,1.4134958071525103,0,0,0,0
0.5652382615793508,1623,45,2,14,0.04209669021326355,0.2090402673874565,0,0,1,0
0.3061526685652196,622,16,19,17,0.058257054979918434,1.6123589337050952,1,0,0,0
0.7431852442011951,9,57,64,0,0.9773178096990375,3.517981945321126,1,1,10,1
0.006343834561467812,1470,2,3,7,0.42350194670147145,0.9254507533393161,1,0,0,0
0.03740721481731317,1767,45,18,22,0.3086957581960698,0.28788914968343704,1,0,1,0
0.29914968667385017,1677,25,13,15,0.31518529263946204,1.1767319732505408,0,0,0,0
0.07147922927547222,1311,41,1,8,0.19878282694613825,0.7713497538681326,0,0,2,0
0.1313847276415242,270,40,22,16,0.0774461363216737,1.6274669812480849,0,0,0,0
0.18032364611878846,1663,36,2,3,0.34163682055637057,0.7009416012819496,1,1,2,0
1.020867489029543,794,21,6,16,0.12097959568129094,0.2968287193651711,1,0,1,0
0.19136535820915923,1049,2,28,8,0.2716113835104405,0.9696197957412538,0,0,2,0
0.07397220671963947,379,42,10,12,0.1328793330769373,0.900639201750721,0,0,1,0
3.8108626883798395,11,193,39,3,1.3960189122191802,7.413812067370893,1,0,8,1
1.1786359028174376,1349,13,7,12,0.49504846790569723,0.4520857155858482,0,0,1,0
0.44678116197216344,217,40,13,7,0.2607110128879753,0.6821965048425604,0,0,2,0
1.2329752009014416,8,161,19,1,1.0256401108966349,4.939111323826861,1,1,11,1
0.20900253745108896,1708,45,24,17,0.39800768188713187,1.4505886378858475,1,0,2,0
1.0637731590260766,599,25,17,8,1.5899838169467722,1.1630731185399277,0,1,1,0
2.1602910857284945,11,143,13,3,1.673404177234038,4.220886604097596,0,1,18,1
0.6296558623240507,1602,18,19,16,0.9362154229043341,1.2108573184321325,0,0,2,0
3.3730711872426546,29,116,47,2,4.536700720182279,3.30837045984471,1,1,7,1
0.10950639622354133,123,34,6,18,0.5503973884932374,0.7499706258727667,0,0,2,0
2.649656509770141,21,68,20,4,0.1,3.6621425607084204,1,1,4,1
0.06498947976070027,126,1,21,9,0.6646151599942774,0.9097793249383073,0,0,2,0
3.163159297293351,24,180,17,1,1.3701329786165455,8.55795275773849,1,1,6,1
0.7300019214177723,825,42,2,1,0.4313088299549696,0.6545788434514066,0,0,0,0
0.3578284564022226,454,47,28,24,0.4385221608419843,0.587953179457608,1,0,0,0
0.17838539062651906,869,45,1,2,0.6671155241515772,1.2914987206210629,1,1,2,0
0.6381567520522483,24,158,10,2,2.9206416599847254,9.027753827204767,1,0,5,1
0.127579755712732,574,6,17,10,0.1431721886340291,0.5736636222636653,0,0,1,0
0.5148443838751174,390,10,28,20,1.193794469107767,1.9446328573152365,1,0,0,0
0.5317805384146779,626,46,3,10,0.15768822214415792,0.20446471482638073,0,0,1,0
1.2225754297699063,1186,4,2,24,0.15289160484316544,1.8976159520042544,1,0,0,0
2.1455496410240333,6,126,67,0,1.5026144957697314,8.291760634256296,1,0,12,1
2.9458819920511763,1594,7,23,23,0.5147763503996514,1.4582698634829323,0,0,1,0
0.635329922373547,1667,29,15,3,0.5560422713533044,0.9254530273476829,1,0,2,0
0.8514190531929317,1340,43,26,15,0.9175575921726383,1.0339262049670759,1,1,1,0
0.15024303624615976,115,25,24,15,0.012268585616637878,0.2975686674754203,0,0,0,0
0.02202825002621114,1092,41,22,21,0.7534912687069523,0.5144257470748712,1,0,0,0
0.6957916901968327,18,175,93,2,0.1282826133984018,5.069759925274337,1,1,18,1
0.5,13,124,80,0,1.248641379832768,5.577144689874705,1,0,14,1
0.7023704510181924,1649,35,4,19,0.3276310650790697,0.20658303545147882,0,0,1,0
0.3331601655236597,1653,47,12,1,0.2785546015518672,1.16437644883389,0,0,1,0
0.06797314785977164,1007,17,27,8,0.047731381333615305,1.1980301642657676,0,0,2,0
1.3798160910526298,19,110,70,2,1.415777871716556,3.483626539330368,1,1,14,1
0.524210024943048,68,10,23,5,0.26103787594455324,0.39619609843019554,1,0,2,0
0.14534518566117546,884,37,19,6,0.6280158249747241,0.6427005612118706,0,0,2,0
0.4900156782500573,1085,30,17,7,0.4410112187100566,0.9792380882618823,1,0,2,0
0.5585377667199042,1173,31,7,20,0.05633321804372801,0.2983021872035112,0,0,0,0
0.45593189022938047,232,28,25,20,0.014142194690573089,0.0481136934675479,0,0,2,0
0.2583236569940585,299,19,6,22,1.1975544661120263,0.6923002958582438,0,0,1,0
0.5389495570383879,1170,6,6,9,0.4733241694470756,0.5823110865913561,1,0,0,0
0.6803294015803708,62,6,6,12,0.3512421030627299,0.6248372144434386,1,0,2,0
2.202566581690663,1441,34,23,20,0.10508382574597284,0.07012766731190379,0,0,2,0
0.3885006100803716,1308,35,29,22,0.27877435767607994,1.8292097187785767,0,0,2,0
1.8221593982193516,8,118,81,3,1.223596980579579,8.017489277243287,1,0,13,1
0.2646157829381812,1408,38,17,8,0.9484413667106057,0.8387425374236441,0,0,1,0
0.8756868602620721,713,8,15,14,0.19253299852530226,1.398846228373094,1,0,2,0
0.22963085135505065,1335,32,7,16,0.05292822589204546,0.8428401922741711,0,0,1,0
0.025278184260048686,885,31,1,19,0.9047939239894793,1.0760844000951313,0,1,1,0
5.128542068711808,1,116,90,2,0.8466026013607688,7.864296414524794,1,1,4,1
0.04477543553195397,784,16,19,6,1.9604590905129138,1.0561530931355818,0,0,0,0
0.7572548658250667,563,9,26,14,0.6111428719614773,1.2124273797434295,0,0,1,0
0.026532547955154702,114,34,10,1,0.10327593813106294,0.5625594321190832,1,1,0,0
1.9430375632958943,17,28,56,0,0.8594649497850817,7.645626505270816,0,1,16,1
0.12981997778458232,1140,29,17,22,0.06511296266702243,0.0633682110830942,0,0,2,0
0.01649070104427652,504,21,28,14,0.11867295059998938,0.4756114809448917,1,0,1,0
0.13660457880636798,1717,49,28,2,0.8329943978720502,0.5510493557298659,0,0,2,0
0.028055285894074265,1243,26,13,5,0.029682030776127008,1.4500592354317494,0,0,0,0
0.01834175280566355,1468,6,2,8,0.1416378503276447,0.9732438138004456,0,0,2,0
0.7028965323619332,1475,31,3,23,0.7245500724578982,1.7049600202893547,1,0,2,0
0.43907485568654087,356,35,29,21,0.2661004558522982,1.0582108843043188,0,0,1,0
0.44867356097045463,472,32,15,17,0.5100829983344654,0.02613847012917958,0,0,2,0
0.18294106395736867,1195,15,28,4,0.1628764932902136,0.7945338039816678,1,0,1,0
5.947490597607914,4,106,62,3,1.7458497044703494,8.919610301529353,1,1,9,1
1.2139897681780023,355,46,19,18,0.1894017523237389,0.34589278761440423,0,0,0,0
0.023255730871740488,999,16,10,3,0.7007864552097064,0.18260341321346463,0,0,0,0
0.4653206559001619,1284,25,16,11,0.39823377351828726,1.2242689158165225,0,0,2,0
10.700607170226593,10,99,17,2,11.18193481365044,2.875059104900033,1,0,16,1
0.4992175026026282,1533,48,3,10,1.1756005352570273,0.8285927271877942,0,0,1,0
0.6567134045626736,1032,16,18,16,0.12764536799305803,0.39574593609126785,0,1,1,0
0.3889289604674973,1550,21,21,2,0.4204510325569639,1.5056701682855553,1,0,0,0
0.5977898321859919,424,7,20,22,0.052660630259955966,1.8486907360792986,0,0,0,0
0.15112669074681187,652,31,21,9,0.8326658052071697,1.4934902577635025,1,0,1,0
4.635107168029754,14,178,52,0,1.9741552294468636,4.498187679127306,1,1,19,1
0.2941348899641984,409,13,25,22,1.7178460931668764,1.3238275601343672,0,0,0,0
2.987719506638224,2,50,54,0,0.23309357702309308,3.7765169674120145,1,0,13,1
0.5644593109592982,267,39,21,11,0.6218666858822033,0.29227138002357966,1,0,0,0
0.2389856049498074,482,35,27,19,0.707102730320825,1.2723028158846925,1,0,2,0
0.07869466989282824,1214,48,29,20,0.19274066299955234,1.6874266544065044,0,0,2,0
1.1289293673423726,29,97,37,4,0.1,8.154963186035202,1,1,18,1
0.5954154476886027,1512,42,13,1,0.534091360200294,0.9515935493635637,1,0,1,0
0.3556138669689523,1403,14,26,20,0.09769660581756705,0.9672438259773655,0,0,0,0
3.6088132937386064,16,196,72,3,1.7989108811223884,4.072364420252646,1,1,15,1
0.08294414629491294,435,39,12,21,0.5533538165829225,0.9762778453288352,1,0,0,0
0.35368354977931604,803,24,23,12,0.02684940002479727,0.21491269227327003,1,0,0,0
2.6918303761619677,6,156,94,0,0.9456892963544228,2.74037098121255,1,0,12,1
0.14860937046330228,1009,36,9,7,0.28524471270222473,1.9355733746423354,1,0,2,0
0.11877846781181493,1416,22,1,10,0.42891896136755436,1.3579878296153982,0,0,2,0
6.193575778778612,10,134,37,4,4.685820402979849,8.106857691175197,0,1,17,1
0.5871062637838595,387,39,7,3,0.3796780037983767,1.2479247819904533,1,0,0,0
1.4174783270770954,158,13,20,11,0.2520257617139669,1.4809470103948708,0,0,2,0
1.8723787915605237,3,27,37,3,4.734365773862098,7.690567093058872,1,1,4,1
1.3168107520581172,1512,22,16,6,0.25850962088819074,1.0487085188407217,0,0,2,0
0.4378045273182993,1309,38,26,20,1.284335623239616,1.8327544090274839,0,0,2,0
0.26693243668458866,152,18,5,24,0.12049269627151427,0.16744246729656043,0,0,2,0
3.3518771400760787,22,79,55,2,0.34910832699060135,2.2915883697812918,1,1,6,1
1.5022802150599242,23,161,87,2,8.59920606540973,3.1620486122884266,1,0,4,1
0.10775083000408872,158,42,6,5,0.033429747720957234,0.14766992823111003,0,0,0,0
0.10544000735833899,928,19,4,20,0.11272248519841727,1.6120408543325124,0,0,0,0
0.30409136831154526,1352,8,1,6,0.07814921761520044,0.855700301409245,1,0,2,0
0.22589678754925896,103,49,14,2,1.0688876264854865,0.7561269168738269,0,0,0,0
0.6245631721582997,330,26,14,14,0.06380300444221586,1.8796745625149618,0,0,1,0
1.4130020004597472,882,15,7,3,0.40469751262625353,0.1953953418753116,1,0,0,0
9.178728907082435,7,28,39,3,4.930893120269755,2.393325709601604,1,1,17,1
0.5,3,66,62,2,0.1398064742827978,2.602175229473432,1,1,3,1
0.7868023444559924,909,24,6,22,0.6706210770923933,0.056913699383967176,0,0,1,0
0.8909948060695697,355,17,8,10,1.0976147005509584,0.900333328102414,1,0,0,0
0.028091784578248458,1238,49,20,22,0.03314223545993865,0.580974998388661,0,0,2,0
0.8380587196249615,433,32,14,13,0.03797422833243033,1.7191899131411588,0,0,2,0
0.33289295402065056,827,14,10,13,0.024034064286260478,0.9143409985803681,1,0,2,0
1.2463499217688208,667,37,9,7,1.5944418168976682,0.22766918375183365,0,0,2,0
0.9538593096458949,111,3,23,9,0.35510497416386916,0.903417435239986,0,0,0,0
0.22692537234359955,1656,40,3,11,0.5915693474888839,0.4049893638210471,0,0,2,0
1.04827540771773,1507,10,20,21,0.5325438615914049,0.7825293549409629,1,0,2,0
0.3401614623279765,1701,33,12,9,0.5290537743102446,0.32124041484408505,1,0,0,0
0.053034538049044205,701,15,26,23,0.17746825026912827,0.22462145814460044,0,0,2,0
1.595531520471371,941,4,20,21,0.05616425059480108,1.9211984827060786,0,0,1,0
1.5163203993394077,1677,30,8,21,0.04013472924305925,1.6653124527594654,1,0,2,0
1.1441315142774293,24,44,71,4,14.174774564533653,4.168932208038787,1,1,12,1
0.7777447350806755,830,20,21,8,0.05789234409093361,0.5902849944172106,1,0,2,0
0.336323453271286,1774,33,4,15,0.34370914105930156,1.381765010493116,0,0,0,0
5.46242533302099,27,99,58,4,2.1338297966736164,9.893890115957046,1,0,16,1
0.5698919931745888,1511,23,18,3,0.09319367313229433,1.6934592834155178,0,0,2,0
0.13301276159600697,1256,28,3,5,1.006285875446806,1.563248886416522,0,0,0,0
2.0673369100342267,22,183,60,2,0.1,7.200316781033084,1,1,9,1
0.08578638237625114,1189,20,4,3,0.042989744104666744,0.3867563566534604,1,0,1,0
1.263218793310462,5,75,75,1,0.734856308523799,7.93289386647132,1,1,5,1
1.4860840364784598,14,173,71,0,0.8586712567102729,6.408567107843553,1,1,18,1
0.21797676730836668,1102,30,7,3,0.17318343006771544,1.2878304171495922,0,1,2,0
1.0796186555842173,937,9,4,20,0.6740129163333821,1.604548646089523,1,0,0,0
0.6259388080847127,756,49,3,20,0.43561542312723295,1.8045391652491551,0,0,1,0
0.03170759755536955,446,25,7,6,0.026215206973227656,1.0475861369680135,0,0,0,0
0.8216655588657973,1337,8,17,4,0.2816018055245643,0.5886253572862743,0,0,0,0
0.13693027607103853,1700,40,19,12,0.4108348099707601,0.18370079928854377,0,0,2,0
1.155851922700519,816,49,11,20,1.0670026620945812,0.36900835979026714,0,0,1,0
0.06099163607206772,1721,33,13,16,0.1196996952907288,1.9242247140032844,1,0,2,0
0.012148930740427532,1151,37,21,3,0.128007027112608,1.7668237604932189,0,0,2,0
0.2599934605720818,427,3,29,15,0.10346929099138576,0.9521499917029963,0,0,2,0
0.22924259169146763,871,14,17,19,0.6168729141088176,1.1706073772291863,0,0,2,0
0.7964905291553204,774,34,28,14,0.5848947006606064,0.7173292286991817,0,0,0,0
0.10321605330377827,1484,21,29,5,0.3428539346196347,0.8930555791703887,1,0,2,0
0.23601029443531157,282,40,9,20,0.41860455755381554,1.8482336075722163,1,1,1,0
0.0793191837344304,441,33,16,11,0.3109786520870395,1.369320463368583,0,0,1,0
0.4338560505970516,827,15,5,9,0.7693619715998987,0.9856741180765074,0,0,1,0
0.5706809492023894,9,82,78,0,2.1906811245137483,2.295573229961721,1,0,16,1
0.544053208021805,906,24,25,9,0.21904840747201015,0.2776707940962182,0,0,2,0
0.036908468501513136,433,40,3,16,0.9663406362720727,1.181111200820679,0,0,0,0
0.2709293227554461,853,13,3,22,0.030225120750374753,0.5292505359056634,0,0,0,0
2.7366173348935434,717,29,28,2,0.105221839077619,0.16938071601821325,1,1,1,0
3.9727589611060266,3,78,78,2,9.564716236396638,6.724533111966,1,0,6,1
11.37560622810792,8,91,75,2,0.29110625394387984,4.279570140918748,1,1,8,1
0.34097585324907626,1740,21,21,8,0.006164178961771717,1.3714772698928583,0,0,2,0
0.7915511115532734,690,47,19,16,0.04038665621072547,1.4736709191997448,0,0,1,0
0.3904597491099998,193,44,24,6,0.3408300311707199,1.8489347804250156,1,1,1,0
0.680496413178296,667,25,21,2,1.2103825214090171,1.9211144478031836,0,0,1,0
0.5563116280790813,630,41,25,1,0.07722854713584898,1.7816778281092274,1,0,0,0
0.15440897817890548,595,2,12,18,0.7758579100747015,1.3519265923662311,0,1,1,0
1.1953670013039552,1387,7,27,8,0.7444178136870752,0.266799700723503,0,0,2,0
0.02007875341000006,342,25,22,12,0.2397194176863341,0.6929612196564892,0,0,1,0
0.8814072362234402,1767,4,20,17,0.10651756406259812,1.83829464641766,0,0,0,0
0.6154114084967971,1190,43,18,21,0.06976626882751545,0.5767539479568735,1,0,2,0
0.21609580973394255,384,8,4,7,0.14068198399603826,0.40302692704467,0,0,2,0
0.08411624667806249,1757,1,2,4,0.3843543219287057,1.5823440666019342,0,0,1,0
0.30391205498475693,1018,48,9,6,0.12471212524353191,1.3690813363973624,1,0,0,0
0.8575867549232842,367,26,1,15,0.9117378052873774,0.4862238741830458,0,0,1,0
0.2912776374936418,1391,13,17,6,1.6939532936858894,0.9689717658709753,1,0,2,0
0.13846591744415068,708,38,6,6,0.08524213472314673,0.6076786149733517,0,0,0,0
0.01596684064652691,86,11,14,16,0.5002763127869982,0.041242153053808295,0,0,0,0
8.893749525807376,22,182,89,0,3.2019011178546237,3.7476024779187798,0,1,11,1
0.03559425313132252,998,1,18,20,0.21037647693611727,0.687414434210327,0,0,0,0
0.49837335340074573,1742,27,20,12,0.09598876375181709,0.7718460731111245,0,1,1,0
0.004328180505526969,1288,34,15,9,0.6219247787776102,1.5898064252565787,0,0,1,0
0.23486177371615255,760,27,6,5,1.081793361508881,0.5556699676365899,0,0,2,0
0.584430454680607,1548,23,26,16,0.35060489397959804,1.992714923429585,0,1,2,0
2.994168604385607,19,70,29,0,1.5601574436769092,2.465685855800289,1,0,3,1
0.24536943501757477,792,44,2,5,0.2095663805195705,1.943451563727182,0,0,2,0
0.13529475387595324,506,41,17,21,0.042742489529355304,1.1350130674842018,0,0,2,0
0.22145979472418362,1537,2,19,12,0.7182284727565766,1.1264279132742847,0,0,0,0
0.20326700090074037,909,46,19,5,0.3328880787042501,1.0799188637561123,1,0,2,0
2.157207118891355,22,43,29,2,4.08500834293057,7.803374665605125,1,1,19,1
0.3360770794699878,757,36,28,7,1.095942958170952,0.6490358681806849,1,0,2,0
0.024706499447150344,230,18,28,22,0.2988944986842972,1.7185385400696807,0,0,2,0
0.4312293655762136,1376,10,10,5,0.39967420912788415,1.4115754661194444,0,1,0,0
0.551016089756706,60,6,14,6,0.19970921720582802,0.35538937769880485,1,0,0,0
0.2690590132204877,268,10,23,10,0.13684153745054164,0.30492454840844174,0,0,0,0
2.3983732969849108,21,95,24,4,0.1,6.108469425346746,1,1,5,1
0.11469352121871297,1244,14,12,24,0.20186012947458176,0.5700828352896654,0,0,0,0
1.1661035248854033,23,46,48,3,0.49680815287291574,5.809094997501075,0,1,9,1
5.221816304654787,18,111,64,2,3.5076873544564324,7.197077230435345,0,0,16,1
0.28726777787232527,1733,15,28,14,0.010496618193333215,1.262584933040424,1,1,2,0
0.02713659459926547,1327,19,29,1,0.2763947744329953,1.1651175878194822,1,0,2,0
7.5576235605952045,0,186,47,3,3.2972695632514055,2.15914628198525,0,0,3,1
0.05281670073437333,176,12,19,14,0.15987088968407595,0.6306947778611718,0,0,1,0
1.5822726396433058,1073,26,1,5,0.26676063246538384,0.5175205752577501,1,0,2,0
0.6605537341168576,1588,16,12,13,0.28041154690389714,0.16871118764113935,0,0,2,0
0.9126394089378682,24,148,45,3,0.648551582531613,6.128943275169668,1,1,9,1
0.35180766404091807,807,14,14,6,0.3020789411988938,0.18403316908134282,0,0,2,0
0.372272177271802,1654,43,22,13,0.008996392964396634,0.9380551256932046,1,0,1,0
2.5730449329089673,4,187,76,4,1.3516245245940626,5.106060458603367,1,0,10,1
0.807176738031259,821,28,21,7,0.08985634993104874,1.2371272448740884,1,0,1,0
0.4837937677094687,79,5,14,17,1.6113259997315503,0.5317374992383992,1,0,2,0
0.17439998763116657,817,28,27,20,0.2985659164312861,0.10257375868530483,0,0,2,0
0.5,28,21,33,2,0.8111238168148418,7.244928593370102,1,1,3,1
0.15413636566016353,896,21,28,13,0.18280554295951898,1.9323821844017581,0,0,0,0
0.5062534181943613,843,14,9,24,0.1399456735028178,0.27188222097976933,1,0,1,0
0.2951929779407672,620,13,13,22,0.9826296196323718,1.3777017702400098,1,0,0,0
0.22169231298440145,1336,43,25,14,0.162276478527364,1.2129388161908137,0,0,1,0
0.2038255291967881,1397,14,15,19,0.4111217410294199,1.529557491191532,0,0,2,0
9.027005500646935,26,182,73,2,1.3261046148163782,2.159124067416915,1,1,10,1
1.8425288394094432,1434,28,24,10,0.09936916150678698,0.2528465114192966,0,0,1,0
0.8307343992442352,1143,42,5,22,0.019006611598482256,1.0679723342891558,0,0,0,0
0.1954928851086151,745,24,17,19,1.184471161429435,0.105501756760644,0,0,2,0
0.08980593310915677,490,38,27,11,0.5185252640957272,1.1023944902614082,0,0,0,0
1.8961556528390346,91,45,12,7,0.5290264081945385,0.7517967065266478,1,0,2,0
0.47440158415414646,1008,3,19,9,0.15652624131312087,0.6638979282236441,1,0,2,0
0.44361149468891836,908,13,28,12,0.055612791919207885,0.7052229877488672,0,0,1,0
0.1111159437946992,405,15,18,4,0.777095006058089,0.6336377414124932,0,0,1,0
0.05566968910601795,865,20,2,7,0.26598797117050305,0.36675430917633256,0,0,2,0
0.012087021586429013,1499,9,28,2,0.41787893419936495,1.2520728966411003,1,0,0,0
0.6095324536910101,1132,17,4,24,0.11511414986462387,1.4541119317306674,0,0,2,0
0.03574263499005983,104,3,25,13,0.22157319391250332,1.4667530586813422,0,0,0,0
0.18784300781151414,1334,21,15,16,0.0877781241744594,0.12432526528963206,0,0,2,0
0.14158190425046666,1207,6,8,2,0.1987356881861586,0.5785602674526775,0,0,2,0
1.7914851884982614,28,114,76,0,1.6616264288701486,3.0210346856457884,0,1,15,1
0.08311260055428343,1785,38,18,5,0.3254288749542776,1.958515056755557,1,0,2,0
0.2691711532773454,278,23,29,4,0.47499037133081673,0.4419404844338204,0,0,1,0
0.21078172415959598,414,36,28,23,0.4043009662546128,1.3790004788802666,1,0,0,0
0.5972814287665406,1119,1,7,6,0.35696685371517406,0.6411645536452384,0,1,1,0
0.046765120906180756,775,25,4,5,0.19117269394098307,0.8081950503339963,0,0,1,0
0.5422091160088954,130,18,15,3,0.052104982989348764,0.9658837357530357,0,0,2,0
0.9825370206894419,1046,35,27,15,0.29626857318720673,0.5651100207272441,0,0,0,0
2.4533131758674385,13,85,41,4,1.4285510418065626,8.503899182504242,1,1,10,1
0.666745151941696,172,38,11,10,0.42664460829025386,0.5146599203668714,1,0,0,0
0.07384415541095352,1768,40,28,8,0.12395058599072975,0.6205000029341201,0,0,0,0
0.9988985809830008,433,5,17,19,0.025724090317696225,0.290686174510963,0,0,0,0
0.5964982786210586,357,30,20,16,0.2585192074786193,1.0621312768074516,1,0,0,0
0.30400499620703286,1420,35,9,6,0.38394164199547265,0.23872561875302467,0,0,1,0
0.7269595411285781,1077,49,13,6,0.5756666332283892,1.1173858530298604,0,0,1,0
0.007023610267775612,801,23,8,15,0.09368491370244157,0.07972991917606276,0,0,2,0
0.3976878752250783,1156,11,16,14,0.8260717006288703,0.5734538458670351,1,0,2,0
0.7368460219450181,487,37,20,15,0.4135388747993771,1.9525075679522599,0,0,2,0
0.7204701335588679,1077,27,27,19,0.007258757172161669,0.5189480517100229,0,0,1,0
1.1080839177282746,541,2,25,11,0.36530125898066323,0.7386143739966389,0,0,0,0
0.4320173596409552,479,24,22,17,0.1673197988428834,1.7195232057343943,0,0,1,0
0.556720641759551,1255,33,9,9,0.35455339419575305,1.923138543099371,0,0,1,0
0.5782963935159129,1529,4,5,21,0.2909238126309401,1.7104781150459378,0,0,0,0
1.3758174116340876,1236,1,28,16,0.5873433457823668,0.4391287837495039,1,0,2,0
0.15779662321674778,1651,23,8,23,0.18898648389771971,0.4379260916323735,0,0,2,0
0.11136793106434514,1643,31,14,9,0.4543443250511544,0.29498862817319393,0,0,2,0
0.2569788210734282,505,34,21,21,0.06866690197604011,1.7796673442877935,0,0,1,0
1.197495484629651,1461,10,12,19,0.3598128233273276,1.6699620088728409,0,0,0,0
0.9385569055162966,356,32,12,17,0.2606041113764771,1.4452115873315554,0,0,2,0
0.5496026185327917,174,43,6,22,0.42026763104281006,0.4598442648213814,0,0,2,0
0.3496670911016173,1067,23,6,19,0.0584350553829828,0.3802645810326033,0,0,1,0
0.026685242839504016,170,32,25,16,0.03523952605340505,0.6517595211101708,0,0,1,0
0.8597631525189313,146,16,15,7,0.354466811636988,0.5207290510043774,1,0,2,0
1.412067333205996,615,38,8,2,0.0371968402472441,1.30844677869478,0,0,2,0
0.33201798269678734,1226,34,17,6,0.3457297564563358,0.8174882370150032,0,0,2,0
0.15717901028996245,1271,16,3,9,0.011358860929357235,1.0340275943319446,0,0,2,0
0.08188214159732543,798,1,7,16,0.2218310676215788,0.45348070104649363,1,0,1,0
1.1352843163810815,885,16,7,14,0.3373746003303797,1.581975438497192,0,0,2,0
0.26137023652531555,972,12,8,10,0.19887979697154812,1.8353870996977766,1,0,2,0
0.06215730792888988,835,7,2,7,0.7534843267297222,1.8416783721875916,1,0,1,0
0.8625929269042907,393,24,28,8,0.042786275544512975,0.12587700287789572,0,0,1,0
0.24445628654586402,1511,4,7,10,0.5756277458039979,1.414844587381421,1,0,0,0
0.20337750546744757,1439,33,15,18,0.3149675670408716,0.8672521670852626,1,0,2,0
0.1445090711393864,260,2,19,1,0.4679797110469004,1.0048038281515421,0,0,0,0
0.15041984850505852,932,36,21,8,0.48179394581132007,0.46020790975427706,1,0,1,0
0.040788476634400925,705,1,15,8,0.38635234603042246,0.33556066347964064,0,0,0,0
0.74122971324484,814,26,23,7,0.21215447388857794,0.2702130141978967,0,0,1,0
0.5,26,56,29,3,3.6587553979160004,2.2220687833308546,1,1,14,1
1.8755104113849368,8,105,16,1,2.8369575968957745,9.660599563834925,1,1,3,1
0.16278967821346488,1093,20,29,1,1.0742373119200435,1.6327344086343287,0,0,2,0
1.0481538129752246,649,3,20,9,0.38655530724048615,1.9916567486494892,1,1,1,0
0.2283888432115991,1745,25,16,2,0.45323274183108864,1.5867761359728931,0,1,1,0
0.09901776191875862,1591,29,23,10,0.3394629367410201,1.5165821657013316,0,0,0,0
0.06403444343923533,702,5,27,2,0.2975757804207937,0.5728168541333456,0,0,1,0
0.46356586970943914,1623,7,2,23,0.09226878059069178,0.6564454089802014,0,0,0,0
0.40411524096566565,861,16,8,7,0.2831254958977167,0.15709183394623327,0,0,1,0
0.1893801907088391,460,26,8,17,0.5527460376386968,1.826831667959195,1,0,0,0
0.7157249288783702,640,31,16,24,0.40523321588891675,1.619654000630278,0,0,2,0
1.5300832869321739,91,10,21,10,0.44830857370227445,1.4895733510370546,1,0,2,0
0.26177327012433343,853,31,11,4,0.27235433584590435,1.5289516176602116,0,0,1,0
0.8213969130368787,436,15,14,1,0.07108187859598956,1.001302080323655,0,1,1,0
0.16597635333402472,1091,44,1,22,0.2736350511500147,0.941349153332822,0,1,1,0
0.029732856393840768,1071,2,24,4,0.21917725051854064,0.2770640105212534,1,0,1,0
0.8512848903479231,1613,48,24,16,0.02886596092115769,0.05700959784115045,1,0,2,0
1.3646107357671353,834,40,9,8,0.275635021380485,0.8241218433232442,1,0,1,0
0.5237038989957397,1265,14,15,21,0.055255157508644084,0.8725677823363258,0,0,0,0
0.3381590199776577,132,37,19,13,0.6970659299868182,0.682259451304783,1,0,1,0
0.7326415451031304,1103,5,29,8,0.6003607619777793,0.5393430032790512,0,0,0,0
3.2400775760068905,5,158,40,4,1.1712935297912528,2.770334058457083,1,1,4,1
0.29263090648417495,428,49,23,3,0.43047409151436267,0.9102446974109328,0,0,1,0
0.23356976263913168,238,40,27,12,0.5127010330412886,0.2018877797195855,0,1,1,0
0.13731423385780148,1586,5,21,7,0.2871135829011013,1.6497936144175986,0,0,1,0
0.5,20,75,71,3,5.526533448682396,4.6681654981549885,1,1,18,1
0.161702370654051,1488,1,13,13,0.30125967739004594,1.9410592014702985,1,0,0,0
0.09863535276191765,446,25,19,11,0.41469454727122124,0.9964872239343856,1,0,1,0
0.02302030497882628,1088,47,14,13,0.3680126115179055,0.9752190997848007,0,0,0,0
0.35275348738864987,75,45,3,14,0.10618979772774229,1.9066081527918481,1,0,1,0
0.17571990836621987,112,6,9,1,0.13316002101715588,1.1486260613912738,0,0,0,0
0.07766533490445192,1244,13,27,17,0.8672925403282566,1.9999442947359647,0,0,2,0
0.4839665143694886,175,45,8,2,1.0950050411659376,0.32579905638559614,0,0,2,0
0.2738954508412922,757,16,15,11,0.24227209768154984,0.48660982823193377,0,0,0,0
1.584398720715974,642,34,14,18,0.6889768099363082,0.9867637279290955,0,0,0,0
2.4994780379511754,1515,35,21,12,0.48804582200457275,0.7459757757419854,0,0,0,0
0.44787306532975646,224,47,17,14,0.5429114990888474,1.7609152029029704,1,0,2,0
0.27746987946679474,1253,27,3,18,0.11565184842385245,0.8511657080720247,0,0,0,0
6.496632731127363,25,50,90,2,5.798797264487158,8.384023199254287,1,1,16,1
0.8081105790325789,467,11,18,13,0.38154885059935995,1.1175109792981175,0,0,2,0
0.10889933042426637,1160,14,12,17,0.04736712702731753,0.5785360160613697,0,0,0,0
0.5,17,102,35,1,0.10063923125247495,8.379908724210226,1,1,3,1
0.068406557923332,1638,32,12,11,0.06455602534886228,0.6904401211083533,0,0,2,0
0.5,12,184,21,2,0.9749104392210226,5.289919541732387,0,1,16,1
0.7114901324549239,165,7,9,5,0.5420909659208799,1.1689424065732554,0,0,0,0
1.086637839731507,1077,17,23,13,0.044106102598330726,1.7347969450765053,0,0,0,0
0.383454791469922,500,47,16,15,0.39840713413896667,0.13220619274991807,1,0,0,0
0.5,6,91,19,1,3.7373492348589865,9.047015099331537,0,0,11,1
16.46705373170437,28,44,36,1,4.144735600604134,6.518544865086747,0,1,19,1
0.40185841283077983,784,27,24,11,0.2144388955100018,1.0134891596757754,0,1,2,0
0.14442744656237738,1066,40,9,24,0.7905705244535716,0.41397044657256443,0,0,1,0
0.5,24,171,23,4,1.5393064807009191,2.4760941103575984,1,1,8,1
0.5230330982140459,587,25,19,23,0.4590637692105989,1.837666584345358,0,0,0,0
2.953994842489285,23,151,69,3,0.12942592206854261,2.5842503114178426,1,1,10,1
0.5819307990668292,1712,21,6,10,0.0664188944174029,1.6291847471264354,1,0,2,0
0.28017780472107984,1271,16,23,3,0.12133343613731234,1.132227905022729,0,0,0,0
0.6576189174934604,1014,36,20,6,0.24742786982373732,0.32421221942312184,1,0,2,0
0.636764097232243,305,48,13,11,0.7418207603049677,0.03049263156071036,1,0,2,0
1.1321213246431157,1585,18,15,9,0.026899953572440707,0.10362384339261355,0,0,2,0
0.20961569920849488,1763,6,11,5,1.1390992688822081,1.5405477778277568,1,0,2,0
1.8700469496161949,8,184,30,1,0.23598303763967915,8.940491365055948,1,1,8,1
0.6779994598574826,645,46,4,23,0.6266107024219365,0.9799096467907182,0,0,1,0
0.5506327516026851,1209,22,8,23,0.9771444860537057,1.4283631836652781,1,0,0,0
0.07163502844895132,850,16,5,6,0.34669065912412955,0.9318243255072176,0,0,0,0
0.5163512938618986,380,24,29,20,0.06224826502494085,0.05630885152505116,0,0,2,0
1.0628498823109442,755,3,3,22,0.2426105787390918,0.03617541377097311,1,1,1,0
1.025064226784134,0,160,82,3,3.536683987151254,3.0107292620736024,0,1,7,1
0.555990360274469,1243,29,11,9,1.374785435075146,1.8687331279838013,0,0,1,0
0.9680595255090652,1735,14,22,23,0.00183943469624944,0.45582948210581864,0,1,1,0
1.070913332417349,1285,31,4,15,0.24734382478196162,1.696060513022904,0,0,1,0
1.9082069746512316,306,25,3,16,0.0763190788834247,1.0200776400537055,0,0,1,0
0.5,8,24,90,1,0.7008030015581674,2.2122677941271167,1,1,10,1
0.5801213827223802,1505,18,20,5,0.5064373132390627,1.5283420533091872,0,0,2,0
0.4865452376765427,955,45,24,21,0.3994780294901183,1.6395136826253975,0,0,1,0
0.35652599627986886,1111,41,23,3,0.36366880089575004,1.7440177069999754,0,0,1,0
0.5580976818077708,0,31,36,1,6.757576478500672,2.861622508967921,1,0,8,1
0.7368249795733673,472,45,5,18,0.019667552058205213,0.5580741501625912,0,0,0,0
3.3421984830736315,3,120,51,3,11.310325948961486,3.430656505038294,1,1,14,1
0.8190991605846757,353,15,23,13,0.005548621046499351,0.7078481796852532,1,0,2,0
1.448085841437218,1073,40,2,10,0.06891343122858481,1.4085868973854534,1,0,1,0
0.09749281834062135,1425,39,14,17,0.09794604154935571,0.9407114725459074,1,0,1,0
0.259870423808171,1664,29,27,8,1.2281645335970934,1.4058293935114805,1,0,0,0
7.073797322211972,24,154,94,1,0.2474081835153963,6.924325981032692,1,0,6,1
8.563421699291514,21,50,35,3,0.5316361771567101,7.076681467966055,1,1,12,1
0.07520872710472859,322,43,20,12,0.5744298017219392,1.1144766357265303,0,0,2,0
1.3190831269770116,1631,8,27,11,0.6097242340141453,0.5972722371079298,1,0,0,0
0.5218028092377419,923,48,14,2,0.1235874863220719,0.08868654772572016,1,1,1,0
0.7819727996389223,12,186,75,3,0.1,9.289894025665923,1,1,10,1
0.5833892980285947,1119,48,21,16,0.3629833374214415,1.0097215567514632,0,0,1,0
2.9220048708201762,2,99,46,4,0.4037055758821697,4.982367523422201,0,1,9,1
1.3571555523709793,1752,9,27,18,0.24867294227978745,1.4986161594024663,0,1,2,0
0.09005090057537746,868,5,16,10,0.7711021828637095,0.04395338574695162,1,0,0,0
0.015429158866952598,681,27,27,17,0.43429655818399837,1.740401062455737,1,0,0,0
0.5062214460021356,649,19,23,4,1.608030390123817,1.9383646078754786,0,0,0,0
1.7925257698570007,8,125,78,1,2.6932480270160037,3.0694088963804393,1,1,13,1
0.44883630720759415,1206,28,15,3,0.30007397830188925,0.4258016820287629,0,0,1,0
0.07218647779765466,376,11,1,5,0.36862130745824695,1.0183196270368948,0,0,2,0
0.13765974568914324,359,9,24,6,0.6927474862642419,0.5558789201860987,1,0,1,0
0.11513900947795176,1551,39,9,22,0.7388943448920083,0.6408176501044929,0,0,1,0
0.9126767516434536,1433,20,29,7,0.2658022381661726,0.4407503649517579,1,0,0,0
0.2497740614418322,131,3,20,12,1.514751878327651,0.9883064471961915,0,0,1,0
0.7461226885690704,1571,43,12,24,1.8597198193614943,1.6637372296476565,1,0,1,0
1.2325610569014234,434,48,19,4,0.15978287176698278,1.929811325651722,0,0,2,0
0.10431378793646341,953,43,22,16,0.15817384105601928,1.6303446073732843,1,0,0,0
0.35253478547030975,525,49,12,12,0.4586900419618517,0.45278429036644785,1,0,1,0
1.6514350531259554,538,12,22,19,0.12856002101916428,1.8805666941644767,1,0,2,0
0.24522465688125655,812,11,28,24,0.3701458096048834,1.4888863123542888,1,0,1,0
0.8024295699451612,90,28,5,9,0.006183257302058996,1.432930754791929,1,0,2,0
0.5260385050601846,179,40,22,9,0.3349645592891018,1.3564010496705161,0,0,0,0
0.008365838868808264,1027,28,23,15,0.17047106367321915,0.9645277666257519,0,0,2,0
0.04738560032525738,817,7,4,14,0.1623319065929543,0.46050906176732975,0,0,1,0
0.2679227257005046,1605,37,26,14,0.2635834666171701,1.902126059445796,1,0,2,0
0.9225755435367259,1369,34,3,18,0.5312685145851075,1.7509116038152805,0,0,2,0
0.5,24,118,46,4,5.064348428988882,7.221336895868427,0,0,5,1
0.4100817285689374,605,11,18,6,0.43148975371934056,1.6244882364138025,0,0,1,0
0.04613563485121593,1007,1,16,16,1.8993684575048655,0.139029884103526,0,0,0,0
0.155447984689443,1311,46,1,23,0.027141271433822303,1.0879981234960887,0,0,1,0
0.669567561186252,824,16,22,11,0.04430611108107803,1.4259281271535331,0,0,1,0
2.222466823166207,1627,39,28,2,0.21281902097317928,1.123742132500819,0,0,1,0
0.031058431806089415,172,45,18,11,0.9822783601804842,0.6723100882041135,1,0,0,0
0.5,5,176,90,3,1.866918543650684,3.1733857287175216,0,1,13,1
0.31163318806382895,885,15,5,8,0.12248011002827722,0.47731870925737563,0,0,0,0
0.5771552624718473,584,34,7,17,0.013060994182261618,1.9965783269797701,0,0,1,0
0.39873065784769646,564,43,20,18,0.20826898320408152,0.6457987039813877,0,0,2,0
0.37713970509697303,658,24,11,19,0.1502664300544404,1.9819366735581887,0,0,1,0
0.04789943309398927,438,7,3,13,1.3021741820991937,0.19967111925364467,1,0,1,0
0.10218445033475797,586,41,16,10,0.02836117510139956,0.3453497289654599,0,0,1,0
1.1130276056242614,1211,48,27,11,0.03205193134006653,0.6190761441766754,0,0,0,0
1.0673389055687084,1324,8,18,18,0.21064410701020642,0.13676495182366755,0,0,2,0
1.6718013149189326,1413,40,10,6,0.021929083622276732,0.22319821144516538,0,0,1,0
0.12769216469929554,908,11,1,2,0.14015526843494383,0.5407208648362452,0,0,2,0
0.7820486666689938,1660,16,16,3,0.18939921119615488,0.7364166817080948,0,0,1,0
0.42825579030609096,1444,30,29,22,0.6262608895439534,0.8266884618653108,0,0,0,0
0.5,0,125,98,0,4.719329317048263,5.604455519692864,1,1,18,1
0.15397455922512934,1219,3,5,23,0.24724129342939904,1.6595391661675687,0,0,0,0
0.019258423892073117,428,11,22,11,0.0660453627940139,1.349535145513256,0,0,2,0
1.7512634614397409,1654,31,29,8,0.22994668712442784,1.6250386811525526,0,1,0,0
0.6234772679962116,290,27,22,3,0.2842060110078633,1.593805366588514,0,0,1,0
0.11312453432593608,1713,42,7,19,0.1427413714280848,1.5284019377035285,0,0,2,0
1.2533462553869499,22,161,68,4,1.0673560047171085,2.254736165285367,1,1,15,1
0.08275525456206086,309,38,5,20,0.2485442980671594,0.8817540016956085,0,0,1,0
0.5944882510155721,935,6,19,15,0.6290049472945032,0.7425502808089766,0,0,1,0
0.11586333469116997,233,37,4,18,0.028329864587388794,1.4558321299986556,1,0,2,0
0.2496937485200119,737,28,16,17,0.3440642697702849,1.2226155307851791,0,0,1,0
0.08155101919082237,812,45,1,2,1.4981242587924841,1.746865346173751,0,0,1,0
0.23315603931530807,1765,37,15,23,0.26256690596238913,0.5557183301399637,0,0,2,0
0.4023913109115993,673,48,23,17,0.40241448669952384,0.2061575652674703,0,0,0,0
2.368960836196165,9,53,14,1,1.6908306245716107,9.594420206401107,1,1,12,1
0.17280973395914967,452,5,21,20,0.19748745316770822,1.9974990233191334,0,0,2,0
0.18905228884398362,661,28,13,19,0.5456630136051754,1.6648475638705136,0,0,2,0
7.448786912805113,6,142,86,0,4.474095775570641,6.999223666825363,0,0,13,1
1.552496419800347,1098,47,22,7,1.3408445522083126,0.15799494442518824,0,0,2,0
4.4616026519290095,2,111,45,2,0.21660628899586867,4.853785719519235,1,0,13,1
0.27895978066118116,131,33,17,6,0.1600137745552226,0.17295720871214204,0,0,0,0
0.8878134324463295,723,27,20,20,0.4875927974177848,0.6023130019534118,0,0,2,0
1.4629040159748974,879,30,18,6,0.09429332395804785,0.16209462392540153,1,0,1,0
12.78011315277712,15,133,91,2,0.7889791598375551,2.8799766896548897,0,1,9,1
0.8127087331620939,860,2,23,21,0.5824443234957114,1.509166235016913,1,0,1,0
1.7262279192059204,11,30,57,1,0.27483551509073456,5.128392673057288,1,1,3,1
0.3185421433947308,891,34,7,13,0.03918986031578056,1.4640613830489138,0,0,2,0
0.29591727283436375,1180,49,14,2,0.048011748405464114,1.2990300619715198,0,0,1,0
0.5,19,42,84,0,6.779015249877557,6.643766403380878,1,1,10,1
0.5588465205528075,253,39,25,4,0.1278738774370297,1.9306308514379462,0,0,2,0
0.462530912905048,354,7,28,11,0.6494174608359817,1.2139993852915867,0,0,0,0
0.5466806364380442,213,41,18,17,0.21892424996575427,1.6231578889016647,0,0,2,0
0.5185719264139446,391,13,21,18,0.4274728146475239,1.8847966626130208,0,0,1,0
0.05715900958138311,1361,13,11,21,0.10141870813494036,0.23227037619917978,0,1,0,0
0.4588748941236248,329,23,25,16,0.21035837447319752,1.7533421985262065,0,0,2,0
0.5575775051486467,1495,33,21,13,0.4856744407361575,0.6794654106900582,1,0,0,0
0.6146843144767957,799,20,8,8,0.3105004371829723,0.019101990932550494,1,0,1,0
1.3290714958562575,735,29,8,6,0.46279885749251115,1.0701163430325042,0,0,1,0
0.13820665406717283,625,25,14,3,0.1634861861187564,1.699066478656764,0,0,2,0
0.10298093873716539,1122,40,17,5,0.7601792696926215,0.8423425100072173,0,0,2,0
0.22347712126266644,1571,10,14,10,0.003312407382633289,0.6011627472112848,0,0,2,0
0.054319689686274784,665,3,3,12,0.8949778840210212,0.2131186428621381,0,0,2,0
0.6030066029224481,1472,49,6,5,0.479147305739301,0.15622087342831503,1,0,2,0
0.5,11,71,43,1,0.24429092759910775,3.5632655529334922,1,0,4,1
2.189507487498043,24,52,86,2,4.634950165710395,9.874333930808643,1,1,8,1
1.2286872372617295,293,44,9,23,0.09489270981892967,0.7420064104285056,0,0,2,0
0.25307402892492514,1492,23,25,18,0.1225462066172357,1.8786462788906595,1,0,0,0
0.26546871574718145,334,23,21,20,0.36072773611116127,1.6598981843884102,1,0,2,0
3.8541260798679806,25,82,57,1,1.2795680590924527,2.0140675408642057,1,1,15,1
5.682964367450219,16,34,39,3,1.9308123042842087,3.2013678468597098,1,1,9,1
0.17695809153208517,1018,12,15,16,0.6937249241851826,1.1139224206129166,1,0,1,0
0.06740046574753866,874,11,14,13,0.05821669526756012,0.32168346983615725,0,0,2,0
0.33895737270445453,1177,38,4,20,0.2320565434830648,0.23657329750620937,0,0,0,0
0.02071614876211336,1697,43,13,24,0.19867582018132315,0.3472384989631152,0,0,2,0
0.5896284320513487,1542,21,23,12,0.46405671446891605,1.1097044841718815,0,0,2,0
0.20875769546610864,679,27,19,4,0.11281360564003734,1.4724354310860328,0,0,0,0
3.963329874981026,22,51,86,0,2.2558914858937933,3.3026515562335694,1,1,14,1
0.08492378198547863,1182,49,6,2,0.18316060760914943,0.052208253134254035,0,0,1,0
0.3813069752526385,934,14,1,10,0.04096022180123574,0.3531367978381179,0,1,0,0
0.42106316821707124,887,7,20,16,0.11758930547762424,1.423170570229352,0,0,1,0
0.23768707771586994,595,8,5,3,0.4822723577887941,1.0247744701900459,1,0,1,0
0.2970779434447734,1723,26,6,20,0.40864852700944587,1.9645919299585723,0,0,0,0
0.4815405385879955,677,16,1,6,0.311757836484267,0.4953080633254343,0,0,0,0
0.003242671116690151,676,15,21,23,0.08038360748521194,1.142337790581813,1,0,1,0
0.21448499864969034,1457,47,16,11,0.4897417783467239,0.924494913064525,0,1,2,0
0.19345997580578914,1096,6,29,23,0.07099725475839382,0.5103092266576077,0,0,2,0
2.8840408075753796,1215,37,5,19,0.6208055416079827,1.200716960481078,0,0,0,0
0.3211521529083448,201,37,16,17,0.25114925239656505,1.0727736946822999,0,0,0,0
0.0626405219231015,1552,28,12,4,0.7116055118677994,0.9160312364902092,0,0,2,0
0.08710512926934542,1731,12,17,17,0.5626301723423877,1.2113965036718066,0,0,2,0
1.7204293230730694,29,155,47,0,5.492900516735611,7.004662568788275,0,1,7,1
2.135495209021745,21,107,25,0,0.4361457780876816,3.4934699978519337,1,1,18,1
12.966246557400686,11,108,79,4,0.3700684434094443,3.6277453850351113,1,0,8,1
0.3810595416972328,1013,26,7,4,0.18965436507484448,0.26538177691331066,0,0,2,0
0.5910690276707358,1780,7,9,15,0.5269680726742005,1.8396055014379977,1,0,2,0
1.8924472381277844,20,135,18,0,1.651744062444218,8.11616630289904,1,1,3,1
0.4838877537814262,522,3,15,18,0.33713964556616616,0.7957282603963904,0,0,0,0
0.20870137687341686,721,35,14,15,0.5322883885022458,1.7327911604171267,0,0,2,0
0.024692827225770996,167,15,29,1,0.4150475893300176,0.6329912841023198,1,0,0,0
0.39800297137668184,1590,8,16,24,0.1179361507202063,0.16067034137542824,0,0,0,0
6.3426433917810865,2,28,91,0,3.0472674811932565,2.6906695405454526,1,1,11,1
0.3377476767819873,1492,7,18,4,0.13471379593669527,1.184349978684825,0,0,0,0
0.013089331370830133,1677,15,14,3,0.7882548361852401,1.6276163769130052,0,0,0,0
1.3460900297228664,944,28,13,15,0.5247398443647866,0.11353916513768691,0,0,0,0
0.8781058708598181,833,46,4,23,0.4625312393451874,1.68548417624436,0,0,1,0
0.5825646375692252,195,34,28,15,0.4582859411056268,1.8109444286978833,1,0,0,0
0.10345507471411734,173,5,8,10,0.30186101379455144,0.17926985911250237,0,0,0,0
0.13199460919587747,895,43,11,7,0.424771230134861,1.1088751529878016,0,0,2,0
1.1450473199153088,11,184,61,4,0.7612921848061188,4.154582259176143,1,0,14,1
0.3592352109670177,1759,21,2,13,0.24951556540078623,0.01781173310327988,0,0,1,0
0.7399035404802575,1628,33,8,3,0.6984800688381374,1.2164545124705985,0,0,0,0
0.8152428480167739,1143,36,4,24,1.172795552774155,1.3529264158081746,0,0,2,0
0.5492068727594814,1754,7,9,21,0.2610676504791755,0.7308952333752461,0,0,1,0
4.148672547779764,24,179,10,0,3.5588202442260735,7.417093610179423,0,1,13,1
2.840611365869143,29,173,20,0,0.3254935900991772,4.754739084218517,1,1,6,1
0.03414469028677538,206,41,8,12,0.331310656663922,0.7153642199193511,0,0,0,0
0.1364592366140808,738,48,1,19,0.5551912958864982,0.4036014576088254,0,1,2,0
0.26353768039866254,896,6,13,15,0.5885910139217544,0.5468375582790941,1,0,2,0
0.33711276151945224,451,24,10,1,0.18115424641401864,1.5224626708132802,0,0,1,0
0.18575542843636159,1238,16,20,4,0.12033395206202797,1.652760256520484,1,0,2,0
5.124356165500364,9,42,84,0,1.6002689623789457,2.136516968025612,1,1,9,1
0.4361027161624753,455,34,3,18,0.11333092231406457,1.5940231998706595,1,0,2,0
5.448306884263863,21,153,50,2,3.021870532647552,4.137206192322055,0,0,3,1
0.34785086494797635,849,45,2,20,0.03738463536723585,1.1558292197043603,0,0,1,0
0.09828164980241955,1096,21,8,21,0.2362447196078013,0.16118545369485449,0,1,1,0
1.4435868406204873,1783,18,24,3,0.029760021058135973,1.6450496366838996,0,0,1,0
0.1216931809890208,422,13,18,13,0.14747052070792901,1.2604172535581697,0,0,1,0
0.4940384644674131,579,8,28,15,0.43363168309497874,0.4600366794299835,1,1,1,0
0.0439391466498047,542,27,19,13,0.7857798309157953,0.8283093617639503,0,0,1,0
0.005168873392039226,258,33,6,18,1.1107964582897223,1.6398287009971515,1,0,1,0
3.8002157402562977,2,156,97,2,2.386916565035938,2.199477366783423,1,1,19,1
0.1246231109903065,1407,46,26,8,2.3809400465501076,1.360729115574314,1,0,0,0
0.16253471168622177,761,20,16,17,1.3255231462737767,1.9493721476878516,1,0,2,0
0.9706747265877194,161,46,4,23,1.1969821136714847,1.7768881435176058,0,0,2,0
0.6331423719156954,101,40,1,17,0.06280066104505506,0.02447004576079359,0,0,2,0
0.3499299609455716,1589,17,12,21,0.4232132280732634,1.3125541485785261,0,0,0,0
0.5,24,125,72,2,3.5680630389197603,7.665001069612252,0,1,12,1
0.5446136239986656,839,26,23,21,0.9609044346498813,0.2673895851643069,0,1,2,0
0.08940125268997047,629,46,18,10,0.40191707116219516,1.9969473690700577,0,0,1,0
0.026607325728560664,1368,41,22,3,0.10293685536929986,1.0530963750368139,0,1,1,0
0.1335644386220155,1707,27,26,24,0.08264929756256412,0.9630791062869017,0,0,2,0
0.14286852989288443,722,31,7,6,0.2768812784157744,0.9906174219802408,0,0,2,0
0.35577105245876955,1228,29,27,13,0.0728441511535148,0.877175104325111,0,1,0,0
0.11974074674672174,1137,13,16,17,0.43314329877984686,1.1122598668942905,1,0,1,0
0.273942092760732,1164,33,23,10,0.44958519910001943,1.2279748142632492,1,0,2,0
0.004177373062622429,1191,8,25,19,1.760206052933988,1.3485373792286333,0,1,0,0
0.020312798281795018,700,42,24,23,0.8362719834940114,1.988375532646935,1,0,0,0
0.4974603286775109,1427,40,21,4,0.18676338647264953,0.5318313588773032,0,0,0,0
0.29804450139727146,987,12,5,22,1.0027107481293276,1.6619529717315973,0,0,2,0
0.4527741002215417,1140,32,29,8,1.8442925593550858,1.3249985225252623,0,0,1,0
0.18010223803736894,235,44,29,15,0.07780769098841074,1.5034310070705148,1,0,0,0
0.5736898503200989,1116,26,1,16,0.1976915511315267,0.4052011623887901,0,0,0,0
0.3391641430948137,813,31,26,21,0.7990697962417801,1.1699369506526736,0,0,1,0
1.21639000748287,860,18,23,12,0.4717774307272432,0.23240125434105807,0,0,1,0
2.155113176255523,244,34,9,20,0.09880620784998367,1.6241775154460751,1,0,1,0
0.012351706872077612,306,43,4,8,0.5974442792184624,0.008159213698809342,0,0,1,0
0.02167420526105625,220,26,17,13,0.6912113342639635,1.968305530634699,0,0,0,0
0.09564644072751095,590,11,27,19,1.2189927025763545,0.5707973227645946,0,0,1,0
1.3094062255622891,567,44,14,2,1.1217973665542182,0.2463400081538829,0,0,1,0
0.4996150401952623,682,12,9,15,0.056443692580090535,0.9123057469525313,0,0,2,0
0.14898937656944827,905,19,24,3,0.517253129505315,1.5260119460524668,1,0,0,0
2.52708145278281,6,20,53,2,0.6816781062378464,4.434494951246302,1,1,6,1
0.4628614675842824,520,32,15,6,0.6397807200001289,0.2726034468516194,0,0,0,0
1.3505449163326035,1252,17,4,9,0.24395798978836944,0.8438456993564591,0,0,1,0
0.9881467017064018,1525,8,19,23,0.17652090040194507,0.691214601274482,0,0,1,0
0.23634476887895328,1479,20,14,10,0.28245855853685714,1.4318454698442484,0,0,0,0
0.3398662732504573,1131,30,5,24,0.438316525244462,0.9220667276880208,0,0,1,0
0.7625150284671462,1212,9,29,17,2.4374984020666983,0.09344994448752453,1,0,1,0
0.08245197577722321,1384,29,19,12,0.18809739653497695,1.92106163450518,0,0,2,0
0.2153967415150488,1672,44,23,1,0.19236809908244534,1.8586019995079799,1,0,2,0
1.511130322997192,28,120,34,3,0.42273966925141565,6.579711784951349,0,1,4,1
0.24266936874952982,1662,37,27,15,1.7030594053807595,1.2948936270436355,1,1,0,0
0.34335085749595795,665,1,18,3,0.4681581702812168,0.17792086756313585,0,0,1,0
0.15718390286405395,869,21,18,7,0.056581830526342074,1.7180172213677154,0,0,1,0
0.34685220309841935,1225,26,16,13,0.8655813693218146,1.1013180927465656,0,0,1,0
0.03803334681005056,171,19,9,10,0.09771805758954194,1.5654830104420951,0,0,0,0
0.8128144490557615,499,46,23,7,0.6406439836531734,1.7084192181734843,0,0,2,0
0.1806823529705549,1763,41,12,1,0.5181087997307916,1.9372491346021177,0,0,0,0
0.27132442614864805,1213,20,10,20,1.1908210097258751,0.21060686605369616,1,1,2,0
0.009085323207082231,407,36,28,7,2.1252275218663508,0.11541339243051962,1,1,0,0
0.38135855217643444,155,33,19,15,0.046514321483272364,0.8403197947332961,1,0,2,0
0.28441933627164817,570,9,28,16,0.33402034997325725,0.8342237204191492,0,0,2,0
0.16552100581501072,438,44,18,14,0.16443057046611975,0.5528984899163221,0,0,2,0
0.5,3,155,53,1,0.1,8.60769217594415,0,1,4,1
0.08690574325757502,179,35,21,4,0.8580517235225815,1.8415290392658745,0,0,2,0
0.0980293200996241,1356,49,8,7,0.24227347419182174,1.1967803795080034,1,0,0,0
0.7983250668763663,1125,35,12,15,0.182672185229114,0.13491329590085255,0,0,1,0
0.14362038674606603,783,37,15,3,1.1333121939045936,0.8408641194034145,0,1,2,0
0.08876302587856959,559,47,19,22,0.007567599855502247,0.40102870153750203,1,0,0,0
1.0533999995445753,5,32,13,4,3.5214051046985406,6.4543954246145,0,1,10,1
1.2338505367588648,24,91,70,0,2.867748270872476,5.530363001377322,1,0,5,1
0.1430362101447174,819,27,13,2,0.04224274491886766,1.44409214636327,0,0,0,0
0.43777688860143427,648,34,15,8,0.2999800612686216,1.768378455599565,1,1,1,0
1.862227511571439,687,5,12,9,0.09571589386302054,0.655742323165037,0,1,1,0
0.2699499559696459,340,1,1,13,0.07427060847091518,1.2732279594312172,0,0,2,0
0.20564253199856808,1240,30,19,10,0.3234348311054197,1.3781631764732383,0,0,2,0
3.9185473728508615,8,99,35,0,0.32411636107900815,4.836832430070114,1,0,6,1
0.3654885868187863,962,18,3,12,0.15290706621129357,1.3854125069308263,1,0,0,0
0.1438229637983935,1010,1,8,23,0.328058745588949,0.4162422548533069,0,0,0,0
1.0971504746539513,16,32,50,4,1.2271587411074771,2.75895093496809,1,0,15,1
0.8422652530929793,568,7,16,21,0.11040594429315623,0.5876387991429457,0,0,0,0
0.6426778759780297,521,8,17,17,0.5316582491215804,0.07538359396069039,1,0,2,0
0.3531668710893937,1160,33,12,7,1.159458739119352,0.7621290771767837,1,0,2,0
0.5253765450662784,128,20,26,17,0.2788772401453338,1.402537158883435,0,0,0,0
1.4377842163998273,1009,3,6,9,0.6147524349947049,0.8652307824391563,0,0,2,0
0.6272003882624176,1356,1,12,15,0.4003420981599633,1.2967749623470521,0,0,1,0
0.5198775432802587,201,28,15,1,0.03567144917950673,1.7813016882836734,0,0,2,0
0.48263729496180663,746,33,7,9,0.2598435216651775,0.3033850743569022,0,0,0,0
0.6264531019127748,1334,24,22,23,0.6099439451866666,1.661905727867725,0,0,0,0
1.0088214958778694,543,11,23,17,0.004862938997301193,0.4237931177879448,1,0,1,0
0.2702823870166949,127,15,24,21,0.09541876364652302,1.5367976436097428,0,0,0,0
0.19305095227277266,473,31,15,4,0.11615103421512307,0.44419241585870695,0,0,0,0
0.7227518996118579,1022,14,7,7,0.11376593465620438,0.25052465870973073,0,0,0,0
0.37271554309504273,236,6,21,14,0.07136203705696799,1.6288205878747752,1,1,2,0
0.43217587067633123,609,9,26,22,0.49670714489526724,0.32961729749407276,0,0,0,0
1.4112030361567942,188,40,24,11,0.17094695153423667,1.4427717582180712,1,0,2,0
1.1543742965925679,27,174,44,3,0.3516193209922361,4.224689764549748,1,1,9,1
0.40493595617380784,720,32,8,1,1.2397903182635794,0.9164843643265399,0,1,1,0
0.2987403418533391,122,35,27,10,0.14278584312836198,0.06075781668831337,0,0,1,0
0.4456986878324723,1286,13,8,8,0.22440207535456805,0.11875128386218936,0,0,0,0
0.14462115619560123,896,24,2,12,0.16763078050672586,0.09516933127567828,0,0,0,0
0.004603906136992443,1463,20,7,22,0.23599640335827968,0.6400626780480159,0,0,0,0
0.059162653805575144,834,29,8,24,0.12948862519219315,1.2785602039698167,0,0,0,0
0.04174826788535746,1533,22,4,17,0.4548605377372379,1.0035183467371036,1,0,0,0
0.02390485293501595,1672,4,9,15,0.3861185363958872,1.5884013565147668,1,0,0,0
0.08933839622727785,702,47,13,16,0.11231517098547589,0.3976973683650329,0,0,0,0
0.6157954975606562,831,33,16,2,0.10284425539966824,1.0677634497594806,0,0,0,0
1.0140303165636086,651,35,24,20,0.09995344180110431,0.2442095852607542,0,1,1,0
0.006543594198142501,1151,45,29,18,1.9156685145785162,1.0850098573467877,0,0,2,0
1.0433536366477671,1189,32,28,12,0.13475106494971834,0.7866540970645608,0,0,1,0
0.4407792820157113,158,4,16,4,0.5211248498768898,0.6397719363466763,0,0,1,0
1.1998382485218566,499,14,7,5,0.6170802921167388,1.0357678402567527,0,0,0,0
6.6950635121889395,13,60,27,1,0.9260406993626282,2.97748057988379,1,1,4,1
1.421007872475774,86,27,3,8,0.487959569366086,0.35062526025048824,0,0,1,0
1.752055868226091,787,43,21,19,0.3948699999448191,1.2754077149557312,1,0,0,0
0.2430329478827,1258,41,17,9,0.2563150968880694,0.5401393680287696,0,0,2,0
6.863292159183253,14,71,67,0,1.300648159550784,2.9080452715961265,1,0,18,1
2.2866712765306025,19,99,80,1,1.4448981068535625,7.4975550332514365,1,1,10,1
0.08014353369979813,1376,17,24,12,0.035916341922076704,0.22341177949051572,0,1,0,0
0.19667776021999342,377,16,13,21,0.03235961550912039,1.3253204298427723,0,0,0,0
0.6696117845359463,1485,20,11,3,0.26506568459421903,0.4405603355938499,0,0,0,0
0.09994750205818287,894,14,19,5,0.04256732691877401,0.28798003182873444,0,0,1,0
0.462912334064396,1674,34,9,24,0.06825190739352166,1.8912436222297666,0,0,0,0
0.16058842778425977,113,32,10,7,0.02830646523534019,0.13546048594205362,0,0,2,0
1.115240552814668,1667,30,14,4,0.04856472666340081,1.2496082934495303,0,0,1,0
0.5,11,42,10,1,3.451380757601818,2.7707115301984278,0,1,3,1
0.2597626301992397,1378,33,2,7,0.02669485994080222,0.22000192079345715,0,1,2,0
0.7465972538187141,1670,16,17,20,0.4167383759369047,0.9629298363336931,0,1,2,0
0.23023875945686148,1023,3,22,21,0.2723450152398827,0.612820100573183,0,0,0,0
0.4329348380491145,1693,3,8,4,0.9325522057919224,0.6843131076200528,0,0,1,0
0.29400949690668093,1742,23,18,22,0.001,1.9947133559394663,1,0,2,0
0.018854897634454863,1245,37,5,22,0.451729384430966,0.6160414755251862,0,0,1,0
0.11809671687481604,1469,24,19,11,1.342937169479475,1.3792032384421626,1,0,2,0
0.2447359659561792,636,41,19,8,0.32785280156555935,1.323254827369251,1,0,2,0
0.8384164232048152,19,169,35,1,0.7743995318475984,3.1441337731465318,1,1,16,1
0.6065711904943016,415,40,22,20,1.0157987497331311,0.04540073150875479,1,0,0,0
0.38531190485584826,1362,13,24,4,0.4171571784484524,1.903888991748486,0,0,1,0
0.830309668864543,1584,33,12,3,0.18282295811216068,1.1319374472746888,1,0,0,0
0.24840966867796527,568,3,24,5,0.3072924247348494,0.6848970083787138,1,1,1,0
0.8085765789807736,1573,32,15,16,0.44687554026435355,1.2241979713642275,1,0,1,0
0.7145270456607442,214,15,25,21,0.5654313859772125,0.17659433933339064,0,0,1,0
0.04444641954546506,877,15,21,15,0.28873120323905893,1.9958425534383362,0,0,0,0
0.3492176621943852,678,10,11,7,0.28576381043823607,1.8092407605401735,0,0,2,0
0.8076563257237441,1146,11,12,7,0.14555276582876528,1.2016699935053834,0,1,0,0
0.17107015194352854,934,2,25,19,0.18122572972957823,1.7029541476049195,0,0,0,0
0.2479007161768635,1413,34,2,12,0.3864364249687538,0.6098323953074485,0,0,1,0
0.5415656775254085,668,35,23,18,0.3358171297313701,0.3111392486712756,0,0,0,0
0.49254249604265105,1149,8,10,10,0.04279245593412216,1.8619389829766941,0,0,1,0
1.470176560891229,1327,27,11,23,0.3907685230551941,0.2310785129421784,1,0,1,0
0.24857844283034058,1337,40,22,10,0.16986018092439364,1.8285814177350326,1,0,1,0
0.2115728767429429,427,11,24,20,0.10361092855556092,0.8971619443656016,1,0,1,0
0.9433386140185174,815,10,6,14,1.057800082177163,1.8328710443526155,1,0,2,0
0.5,7,21,46,4,0.40243429185922247,9.19360854236449,1,1,9,1
0.4022707936999149,1383,46,4,7,0.6534090510432375,1.2143504406580157,0,0,2,0
0.25091318241823746,1456,36,15,20,1.1723531457176746,1.3562528020682927,0,0,2,0
0.0761090612731614,736,3,10,13,0.6972424756019967,0.9063164160673389,0,0,0,0
0.41718323653730177,1196,36,3,18,0.09016048044320768,1.3797654827887131,1,0,0,0
0.13768744912532657,1743,38,13,23,0.11821508054720607,1.3158683483261386,0,0,0,0
0.0037958092657078444,341,38,11,5,0.23843357259499973,0.8948431446314373,0,0,1,0
0.19681745445904222,1172,43,4,15,0.7094789885039761,0.21166039675462,0,1,2,0
6.023677649089475,4,196,44,2,2.7263976527648204,7.418112021614937,1,1,19,1
3.6676752562423998,11,110,50,0,2.609533253788627,9.72239824491629,1,1,7,1
0.42278005648991246,1714,28,11,10,0.18618866951855853,0.8150988601721691,0,0,2,0
0.292936261960972,1622,11,29,5,0.14160347153823974,0.16243176799898418,0,0,2,0
0.043090674253086984,723,28,28,1,0.003472558401409577,1.2555849564006807,1,0,1,0
1.231079644343585,420,4,5,10,0.4294328612859552,1.4908591185837428,0,0,2,0
0.09325078454906963,765,11,23,16,0.3533720332541219,0.8422509462370769,0,0,0,0
0.8140389102622788,491,18,25,13,0.09142561698587429,0.765352334380279,0,0,2,0
0.2530712447375442,110,44,15,10,0.10169627364800155,0.7547895846600856,0,1,2,0
0.13560532436598896,821,45,11,10,0.033286113270676515,0.2756133395738676,1,0,1,0
0.4902467874882831,806,3,6,16,0.574566498299581,0.6128977921855812,1,0,1,0
0.1683708889395092,743,3,12,19,0.23080512544342394,0.19232340726184383,0,0,0,0
0.1661761874013243,303,7,18,14,0.12504541124195165,0.6700859993297841,0,1,1,0
0.4588142734328713,487,38,6,24,0.045326378121520655,0.560220726364447,0,0,0,0
1.5490517492781533,160,40,19,17,1.3666403022177174,1.872432996439497,1,0,0,0
0.12472426472658799,1705,26,18,15,0.011430829575507137,1.8099153848285434,1,0,2,0
0.019147537851351138,875,28,28,11,0.5413494945052435,1.4955673504307518,0,0,0,0
0.39317644317620526,121,46,6,10,0.4605025239601765,0.23788784916009909,1,0,2,0
0.47742371547035667,203,26,7,1,0.12558839018096854,0.372166663281877,0,1,2,0
0.8336397078337965,0,148,96,3,9.765956019803525,9.398589761930452,0,1,17,1
0.03267124019240458,970,11,22,2,0.9962387965744871,1.9956970391178825,1,0,2,0
0.08815246280784558,702,1,3,6,0.3279801320312026,0.8068212006767681,0,0,0,0
3.609046163040926,25,59,72,1,7.2767531606339,9.808039207666347,1,0,10,1
0.07668129811598556,1661,21,8,5,0.0068675884314869364,1.8795354827356439,1,0,2,0
4.4757658383903784,22,167,63,2,1.0281896960742727,5.664497498421793,1,1,5,1
0.15038621173814223,618,2,15,24,0.5621239724370837,1.4450480389357125,0,0,0,0
1.5318943780141123,21,168,76,2,1.2664079060043043,5.877693598522435,1,0,17,1
0.2746352896936128,1252,18,29,11,0.13489291467592462,0.8308906326844461,1,0,0,0
1.2329093890356795,635,48,19,5,0.005014667412020702,1.5220667294468047,0,0,0,0
0.652579373729504,296,46,2,20,0.011473770595862203,1.339045507127291,1,0,0,0
8.680898046125806,1,77,43,2,1.7361514660074484,7.814094719261754,1,1,16,1
0.3290175432324232,418,49,15,13,0.01234610517505149,1.1399142264341793,0,0,0,0
1.0638755849505417,209,46,15,9,0.44245201866626466,1.779641302739301,0,0,2,0
0.0025372185258985013,1524,5,18,2,0.1224721505296778,1.5589042437916527,0,0,0,0
0.2056459571843652,657,18,24,16,0.05281828271028599,0.5568794265413912,0,0,2,0
0.4501606318808089,548,14,14,2,0.37972497954395984,0.7987794096101486,0,0,0,0
0.22848314940464515,1673,15,13,6,0.5365245422275072,0.19323013707932368,0,0,1,0
2.909143441888047,6,71,75,3,8.623271667778717,6.071446202465229,1,0,12,1
0.5964353702629791,1462,30,26,4,0.3758071580846063,1.6821981196077769,0,0,2,0
0.6400996443150788,4,45,59,1,1.0215383159929636,2.8575526408172136,1,1,11,1
0.22223070083903407,1170,33,28,8,0.08518066205145908,1.1095473235539615,0,0,0,0
0.9679168719178844,703,47,23,6,0.037099555454292193,1.053397075825173,0,0,0,0
1.3801719089021536,1300,49,14,15,1.3606120258007375,0.006565840576430837,0,1,2,0
2.7896103062433366,1755,45,21,18,0.030157384930929204,1.4102644313165773,0,0,1,0
0.13803773588850982,1480,48,7,10,0.12232580791561705,0.4692898045948306,1,0,0,0
0.5025687639707752,1201,49,22,18,0.404142621548529,1.6075375665948097,1,0,0,0
0.34119962627634065,1068,36,1,1,0.5244108427752907,1.1817172126290223,0,0,0,0
0.1928430884047426,540,25,23,21,0.4663724753359204,0.24149706856240094,0,0,1,0
0.46050290223474,218,7,22,23,0.2185616808927187,0.1726097669222204,0,0,2,0
0.15952419294966105,1172,26,8,21,0.6485629633516067,1.3571360736648492,0,0,2,0
3.954737268240736,24,157,75,4,0.4989423900015767,7.150988270335116,1,1,13,1
0.3371179737676174,76,14,6,11,0.7479444229691871,1.6726403417502258,0,0,0,0
2.4336072592769398,27,182,82,2,0.8887218694034128,7.466410116954429,1,0,5,1
1.7975923139682064,10,142,48,0,4.438703937743051,3.236560831127023,1,1,18,1
1.0905662846983066,86,48,6,7,0.027274555871162266,1.8178113015469946,0,0,1,0
0.7403521749864451,174,15,10,13,0.35062192449915125,1.0163305437086891,1,0,1,0
0.42662882991864387,583,48,24,11,0.1834046908275845,0.9760727657083839,0,0,0,0
4.960023151640847,11,91,60,2,0.6337591620215746,9.995177198940432,1,1,14,1
0.10316673177727509,1368,38,21,13,0.00283845378044994,0.0013809489640985717,0,0,1,0
0.36730521209301886,348,20,9,3,0.48186923977709645,1.214379766754142,0,0,0,0
0.9535487362639361,1603,29,5,3,0.907960623303479,1.9552408465508804,0,0,0,0
0.37236852448127367,1443,20,4,20,0.2130786543990717,1.9299736472458406,1,0,1,0
0.7687073011258613,1238,3,20,13,0.3397562899838582,0.1277111485321034,0,0,2,0
0.11192481250533612,347,32,16,19,0.07880964733081552,0.5054009825923522,0,0,2,0
0.5931335053787402,1393,17,15,8,0.3793522679184344,1.163285479804531,0,0,0,0
0.06400718186196079,1080,1,25,14,0.7069661160135209,1.672005416559464,1,0,0,0
0.1745088792524603,1760,27,8,24,0.18283784434249536,0.05932148712856211,0,0,1,0
0.008166529251670322,353,43,7,19,0.22668581788993022,0.6571708265507032,1,0,2,0
2.468007870989055,1658,36,18,10,0.07575057962975638,1.1499528838231718,0,0,2,0
0.09820913253210378,1600,26,23,21,0.2148802877268623,1.3283821617636151,0,1,0,0
1.3421528585840283,582,39,10,6,0.00932612220190949,0.09156653032666551,1,0,2,0
0.11918014384206752,689,1,27,15,0.49760433947293525,1.85611994553757,0,0,2,0
0.738387316020698,1521,41,2,8,1.3746415620853176,1.8485357208742719,0,0,2,0
0.45422561670941564,1658,37,22,21,0.057478311114773854,0.13370550713219753,0,0,0,0
0.3490067883069041,105,45,9,8,1.00819335171298,0.986162495649332,0,0,2,0
0.9524105661256395,748,46,4,5,1.7268224300836026,1.5198782980247212,0,0,2,0
0.07594907391031443,655,19,4,8,0.5265672331319696,0.3497695918949253,1,0,1,0
0.10766027222649704,284,42,13,16,0.8057236508872855,0.25537542355433374,0,0,2,0
0.0315114137800817,1545,24,28,18,0.7236903802008418,0.26056684084278037,0,0,2,0
0.15435074883350777,1058,34,16,20,0.611086163469035,0.08665495545938073,0,0,2,0
0.11427681936507678,234,7,27,13,0.3968169727664891,0.5205170807929498,0,0,2,0
0.04986483092402734,783,28,7,1,0.10302843273095495,0.4784319710178231,0,0,0,0
0.7463700701425875,829,9,21,14,0.2305124196524646,0.3208739336483153,0,0,2,0
1.2284442638467785,1109,43,18,24,0.386463596482349,1.4942148171671008,0,0,0,0
0.37041953579135256,1508,46,27,5,0.41153147272689455,1.266923851006641,1,0,1,0
0.19393223202862478,877,38,9,1,1.2071526619095876,0.41896320420151256,0,0,0,0
0.778044800500484,1185,20,18,17,0.07245237736184125,1.921896091975584,0,1,2,0
0.042492478172638556,963,39,19,10,0.30400810403206036,1.12335429085183,0,0,2,0
0.23139255501218486,1530,2,19,5,0.16174937122231703,1.151864908071584,1,1,0,0
1.8567951510635414,1190,30,11,10,0.3153902970568767,0.8641556384970048,0,0,1,0
0.5034788547467605,274,19,6,5,0.6289307835336956,1.3297926111449954,0,0,1,0
0.25612282973951117,1253,41,19,16,1.1477610222005756,0.4341353142766853,0,0,1,0
0.09309311113175608,1669,31,4,4,0.9562558030074286,1.8582199916078481,1,0,0,0
0.4748854457555839,797,36,17,2,0.43169274683891273,1.5727363386888176,0,0,0,0
0.467911111436097,1766,46,7,18,1.145101986157196,1.9297320232020903,0,0,2,0
1.0527491256779877,20,91,62,3,0.1,7.7404695736349245,1,1,8,1
0.5496974686168278,493,3,2,19,0.017223485068199297,0.28651138017907907,0,0,0,0
3.924765849479156,27,183,57,0,1.1306369759422306,9.72005705717098,1,1,17,1
1.684992275703082,1113,22,21,6,0.6481607783281148,0.06772229073458158,1,0,0,0
0.3000963530161353,609,19,6,19,0.16928702148969219,0.8736242321356036,0,0,2,0
0.1378742857110021,1076,12,23,4,0.6205816669727259,1.6869598967243384,0,0,2,0
0.05867189981337925,1481,48,21,8,0.05065242276549641,0.6165424987371007,0,0,0,0
0.8738236881376569,1356,47,14,9,0.15393034953494508,0.40541911660804764,1,0,0,0
0.22493855857565978,377,40,17,13,0.06862275988425591,0.18065401556735483,1,0,0,0
0.4193493406866942,91,37,28,8,0.16828169680343497,0.6980119687113475,1,0,1,0
1.8382896273127105,591,42,23,2,1.0897123634094272,0.5918401802011928,0,0,1,0
5.107905664851074,26,123,38,2,3.113036469814995,8.145430530123498,1,1,19,1
0.798311571580673,1593,24,19,20,0.014064295419263738,0.7884938279155331,0,0,2,0
0.22049136037394088,1542,1,18,5,0.4170140578936905,0.6881644038469161,0,0,2,0
1.7417876106280026,880,8,7,21,0.20455343307574103,1.4933637713034706,0,0,0,0
0.28867454051732977,416,49,15,3,0.36959638382402143,0.7447686758325842,1,0,1,0
0.7650120705942749,1704,43,1,17,0.1700089861850445,1.7696794949993362,0,0,2,0
2.0703868727959165,426,44,19,24,0.7663960533422476,0.37197399919144747,0,0,0,0
0.3469748969941752,745,26,9,22,0.023784502007025827,0.6863881349345815,0,0,0,0
1.6375367405244643,1038,32,13,7,0.5353930287314096,0.9554029895693694,0,0,0,0
0.43042771261440554,1334,45,15,20,1.3271852595067513,0.21024744476871082,0,0,2,0
0.9095901462861123,944,4,15,11,0.1743200350020933,1.1280898869400873,0,0,2,0
3.5837608253225404,7,183,46,0,1.5751662276899188,4.184287609227854,1,1,17,1
0.6257989306347668,673,19,21,4,0.4955574970086256,0.5915287081473906,0,0,0,0
0.06423888373582202,1434,12,16,9,0.07097685897398041,0.4501335316291537,0,0,1,0
0.07497795306042176,1488,15,5,20,0.39115930799724835,0.20170153512445688,0,1,1,0
0.6131162431452706,915,18,4,18,0.13279139397516326,1.1267626412539953,1,0,0,0
0.16722899833187105,524,39,5,9,0.09405899323414868,0.46439075703640165,0,0,1,0
0.34332757772182476,997,42,1,1,0.32913254474151793,1.0046515786603911,0,0,0,0
1.5651107082044258,1008,38,22,12,1.070260315693868,1.4566533374118003,0,0,2,0
0.12431353535850756,873,4,5,14,0.002397104601990262,0.0951330866450446,0,1,1,0
0.9202624611573953,3,115,28,0,1.0046076192310203,3.2746399216155018,0,1,5,1
0.3843777822012223,683,27,14,18,0.37316507704186097,0.13423307652085148,1,0,0,0
1.0571388939487412,1488,20,26,12,0.1986370178810807,1.9762173080154404,0,0,2,0
0.6044911679935314,964,32,13,8,0.6876279509688228,0.6108802647508143,0,0,2,0
0.041114725022456916,355,3,9,19,0.6072251978585196,0.5006179766914269,0,1,1,0
4.755921432135087,26,73,59,0,3.379175557016236,6.640230187886363,1,1,4,1
0.5824490590486503,1703,20,11,19,0.119878160418951,1.2660600406579816,0,0,0,0
0.9325550766240666,1279,2,26,14,0.07856041651275036,0.6019952953673329,0,1,2,0
1.6779021539099546,331,39,5,8,0.31652937858976093,1.202102072457782,0,0,1,0
0.5,22,88,65,3,2.679281798859792,3.0491358727200364,1,1,11,1
0.1804353710296746,643,47,7,21,0.10984289690131735,0.31074097484369556,1,0,0,0
0.3244220083708896,924,6,24,9,0.9924522050753795,1.861412819328892,1,1,1,0
0.12008850417502644,1585,34,28,17,0.35764323441161233,1.9871799944530368,0,0,2,0
0.5428251993587032,1589,37,10,23,0.42935877600171896,0.5503093183745948,1,0,0,0
0.4963141451905937,917,3,21,4,0.8655130586042473,1.0045962227150145,0,0,1,0
0.817683617150949,107,19,29,15,0.07230231514663407,1.4181973599930766,0,0,1,0
3.779224781528688,5,155,17,3,0.4854707162744149,7.341059169730831,0,0,15,1
0.8326830208309165,95,16,13,8,0.25989510733312493,0.34685904004135093,0,1,2,0
0.23313102276943956,1380,29,14,22,0.013345912769890373,1.9790664473512736,0,0,0,0
1.3546239116586558,650,48,8,14,0.11705402468419082,1.649356869511876,1,0,1,0
0.1596944460750306,1447,35,24,6,0.06717385068219704,1.6784176292577822,1,0,0,0
0.001,430,22,11,15,0.14003152912944433,1.6451241825528398,0,0,2,0
0.034405158736248435,1324,18,7,5,0.24839392128303378,1.0535974730782782,1,0,2,0
0.19139185224449948,245,3,14,13,0.11005741841949122,0.10327277525243761,0,0,0,0
0.11423014656553135,306,37,29,19,0.3314030475016419,0.8255691266286487,0,1,1,0
0.5359066440848812,334,44,26,11,0.282963192914293,1.2527531926510285,1,0,1,0
0.6190446949552775,14,186,94,2,8.10509231600083,9.418763800886246,1,1,16,1
0.8173496550579964,1360,13,19,14,0.4421929843591033,1.3857317390705781,0,0,2,0
0.25416830729160345,1415,36,10,6,0.2804721041831597,0.7268536560751508,0,0,1,0
0.8124677976187878,1420,10,17,12,0.3473246896229139,0.15473282820306333,0,1,0,0
7.288094621996489,18,167,91,1,0.7390324391188041,8.579559795290475,1,0,13,1
0.42231879620659013,69,41,17,14,0.2202001867614281,0.09263387829330116,0,0,1,0
1.3619216659524946,12,68,57,2,2.5943500518303835,8.263251138562365,1,0,15,1
0.04797081642572758,1287,33,6,18,0.10004009947746227,0.08729300728737122,1,0,2,0
6.243354087319355,29,123,93,4,0.19106119764312846,2.637547161337733,0,1,8,1
0.5155278391529383,714,10,16,2,0.4370859642103179,0.822583217772388,1,0,2,0
11.734410716336031,15,33,35,2,2.8764684968785343,9.138425237807834,1,1,5,1
0.2557100892725221,1565,9,7,15,0.32880458203498475,0.9388900572112713,0,0,2,0
0.2950515116074949,1403,31,6,14,0.45536438540951124,1.9833388264667942,1,0,2,0
1.500666198622234,737,23,7,16,0.044548442792202325,0.8972300974090204,1,0,0,0
0.09127691290240819,363,7,9,16,0.03236891302866257,0.49932294829868185,0,0,1,0
0.2634444138873776,586,36,21,20,0.773495829407801,1.021209324679602,1,0,2,0
0.04503464512965211,866,19,29,11,0.6025242446137571,1.5789577725819715,1,0,0,0
0.281360579283768,875,7,3,22,0.7749920687388732,1.9150269748906124,1,0,2,0
0.3298260987768963,112,7,4,13,0.058227461932010775,1.7956389836821216,1,0,2,0
0.12175975181309798,842,38,5,20,0.6250944520071289,1.8771411300048804,0,0,1,0
0.12943703291825012,235,4,13,12,0.03708928243094008,0.2944119709471855,1,0,2,0
1.9884828678910107,1787,43,25,6,0.4502293699149683,1.032905826775355,0,0,2,0
19.60963841877583,28,97,19,1,0.5868917581858902,3.4797166147639125,1,1,7,1
0.9958122056344494,16,51,28,4,0.15424912921686235,5.469712322223441,1,1,9,1
0.12717676683527604,1268,17,17,13,0.19383462470153276,1.544712172149086,0,0,1,0
0.7600057938611066,931,36,10,20,0.41941624581219933,1.406470772773028,0,1,1,0
0.18765194369952112,662,43,19,6,0.6615485602824255,1.10220121201915,1,0,1,0
0.9656149226451775,423,35,4,5,0.25346894384358665,1.0977781269914746,0,0,1,0
0.2579024823711498,1529,21,12,24,0.47837660196876225,0.7309306899017867,0,0,2,0
1.075722187944322,213,43,25,4,0.21272291420136266,1.5354328729737838,1,1,2,0
0.42416684810502253,1342,35,29,8,0.46587891913049745,1.2401610358258808,0,1,1,0
0.013445267612158442,1125,5,12,14,0.6892761175074843,0.24568932192423953,1,0,0,0
0.16610780683309717,803,45,21,15,0.08307108012573408,1.7440956999412403,0,0,1,0
0.1444367547596329,87,31,28,23,0.7941820957022536,0.6141738620490964,1,0,1,0
0.1236341184337153,576,45,12,1,0.6730838940803922,1.4481349627954034,0,0,2,0
0.5259469693747765,648,33,9,21,0.2193459603219973,1.5161335663440716,0,0,0,0
0.003745564495861902,1549,1,26,24,0.011900672846262101,0.799184429375037,0,0,1,0
0.7348239702228676,1394,47,13,21,0.3558429604529938,0.5887973340511905,1,0,1,0
0.55077495430252,11,185,20,2,2.7581756458601863,4.627749950091436,1,0,10,1
0.10906734731563372,352,16,8,10,0.34242585626190947,1.3826463211351943,0,0,2,0
0.06378032164282525,1368,13,26,20,0.04879707200848962,1.2789038462534124,0,0,2,0
0.40807981803195736,1502,12,14,11,0.49326055836119576,1.8793515830195857,0,0,2,0
0.39530318159445027,214,41,4,15,0.014691276016730356,0.6506996617752319,0,0,2,0
0.36101457751656385,440,16,12,4,0.021804340137461985,0.21305923241729352,0,0,2,0
0.07690002775422554,1534,34,29,2,0.1498124195216449,0.011234497990882275,0,0,2,0
1.1271951073575557,26,182,84,1,0.8792830326914725,2.483839024309047,0,0,13,1
0.22926365759416947,1389,15,9,18,0.17927595149618855,0.26874485312216434,0,0,1,0
2.921504973249707,16,138,51,0,0.22697192863562213,4.9172749064094665,1,1,17,1
0.4078706631177119,122,26,19,11,0.3071900136258128,1.5172992047075193,0,1,2,0
0.07792475315912574,1448,7,21,15,0.08777719468645256,0.6435573902765219,1,0,2,0
0.8485703175586345,485,34,21,23,1.9643538128313036,1.0378158178890213,1,0,2,0
1.0221413266333093,1324,39,22,18,0.2474738708167127,0.4877135388394267,1,0,0,0
0.8992659336853519,901,2,24,23,0.13062625397922242,1.4986930282880286,1,0,0,0
1.0865762977530828,1726,2,5,15,0.34573248138791435,0.6827045838609991,0,0,2,0
0.34693207914792284,857,37,26,11,0.40350333949318107,0.3849128301711089,1,0,2,0
0.3693267941395078,1599,49,10,22,1.0166984092405882,1.2224505040962934,0,1,2,0
0.011078495994734696,1039,29,8,10,0.11008431364727574,0.815633616559319,0,0,1,0
0.06557892212615533,607,5,10,20,0.42748278974605497,0.06926563612738312,0,0,0,0
0.2514777666913536,670,19,29,12,0.16633293789392697,1.506510783906855,0,0,1,0
7.594974671433292,26,105,65,1,0.7310342314437145,4.316336841829916,0,0,7,1
2.2784440461143087,1225,2,18,12,0.3399748301198247,0.7930044494293176,0,0,2,0
0.29599267649035393,435,39,12,9,0.6758725194650246,0.4606191541726068,1,0,0,0
0.7783545161888956,630,38,28,14,0.10759280486489964,1.3729285887727602,1,0,1,0
1.7770885194307557,1338,13,7,23,1.1793634323036295,0.157884485848808,0,0,1,0
0.7530352131690681,4,74,43,0,1.528875105801847,2.8495022926739253,1,1,9,1
0.13718480800956784,243,3,26,19,0.2577058298843874,1.1811425738207884,0,0,1,0
0.588249189962376,255,34,23,15,0.24813283163737704,1.949588039481216,0,0,2,0
9.929524248510234,9,78,36,4,0.4829643561308742,4.019299428190133,0,1,12,1
0.5343753618595588,1153,37,21,8,0.7712291329504792,0.5938028944504483,1,0,2,0
0.029358768793481184,479,38,10,2,0.2248673399020974,1.2954128698380871,1,0,0,0
0.1491375417667523,290,5,17,13,1.0291073728185267,0.709103345776924,0,0,1,0
0.04392776083430254,1255,35,3,12,0.3148340846067015,0.5767051371023901,0,0,0,0
2.467526940903245,26,67,29,2,0.5266427071573564,4.915308756100763,1,0,16,1
0.3932405144174518,749,44,16,21,0.02854802113455769,0.14180587384247367,1,0,2,0
0.8967692441384976,26,110,58,2,1.4752391370939537,8.680181442339489,1,0,14,1
0.1729262240730678,1276,12,9,9,0.4414238369868736,0.397662372861213,0,0,1,0
0.2977322927819642,835,34,9,14,0.03712584925980585,1.730621048346926,1,0,0,0
0.35139233446428686,955,16,11,13,0.989594940299094,0.4163737380052386,0,0,2,0
0.0665729798585317,402,30,8,11,0.2814605025415992,1.8271861630905937,0,1,0,0
0.5057010774374272,637,3,29,24,0.14117181075389307,1.7862177530997574,0,0,1,0
1.5854929270080929,7,61,91,1,0.569471018377155,8.989998822169483,1,0,15,1
1.2014705925810722,354,39,9,6,0.24324062304401092,0.9963212546458502,0,0,1,0
1.017649073424276,27,77,18,3,0.2915313193354801,7.033658903118321,1,1,4,1
0.030167513037528803,1204,2,18,9,0.040575355414425474,0.9111169781893853,0,0,2,0
0.5225139709923748,395,18,13,17,0.6203135925363666,1.3817977744552619,1,0,1,0
0.13231230349408832,138,37,22,12,0.6230085829347686,1.0518629887218856,0,0,0,0
0.2807730177683868,923,6,26,2,0.1447231407402972,1.4138015796157626,0,0,0,0
0.4521969331851856,1693,24,21,23,0.3469705075816336,1.7760396884929504,1,1,0,0
1.0036349995539973,792,20,20,4,0.7432426653780637,0.8078369067100495,0,0,2,0
0.38066781628736585,427,12,11,17,0.36137814146091096,0.3946927929122508,0,0,0,0
0.20917804499455558,179,17,28,12,0.03408598740062288,0.18505965504291733,0,1,0,0
1.0230030008724245,561,17,25,3,1.2666360229478855,0.5012367166717844,0,1,2,0
2.6872622615171817,21,34,56,0,0.2876831442446707,6.195242467371101,0,1,14,1
0.5419387148993198,251,49,1,2,0.21493384369653296,0.9772771363073198,1,0,0,0
0.30469429625011174,384,40,9,22,1.2245746529032457,0.7501500470084621,0,1,1,0
0.12344393254175555,411,43,11,6,0.3646171488046859,0.3600768913777237,0,0,0,0
0.22061349976493508,457,48,2,11,0.346413118916491,0.5379868132698196,1,0,2,0
0.3104455546104588,822,2,18,13,0.23127334457525578,0.4398443696513348,1,1,1,0
1.5700373348319916,1202,11,12,19,0.21596217426826445,1.4842227172277649,0,0,1,0
0.8503647870053629,1408,40,1,4,0.46533295908477457,1.8561020741703715,0,1,0,0
0.10180825013378586,1059,15,7,2,0.14243559433444192,1.9394721645748585,0,0,0,0
0.23766136101778162,288,40,19,16,0.47302091959986586,0.23662282543207924,0,0,0,0
5.049235285847036,4,180,38,3,0.7446091481347171,8.891613441966264,1,0,15,1
0.04235953125196913,1163,25,9,12,0.15979595613809783,1.7781336594456598,1,0,0,0
0.04502587558132413,1371,40,23,5,0.0017679549229554883,1.8101887419267892,0,0,0,0
1.3434825262166066,952,34,4,5,0.3588392528990363,1.7097568319501555,1,0,2,0
0.18624417520517686,1304,28,13,6,0.21306941958341327,0.11349818030530412,0,0,0,0
0.611805765517529,5,66,33,0,0.40608211857732845,4.921950880689446,0,0,9,1
0.05635653439134802,190,9,13,23,1.915327211243974,0.7154813439440397,0,0,1,0
0.023361742001170603,1199,46,23,8,0.1917389090261333,1.0887399691347641,0,0,0,0
0.2633183749008319,106,15,15,15,0.4634449448401542,0.5846842555677216,1,1,0,0
0.7957762143215298,328,22,14,17,0.5376618671894546,1.8755193400488652,1,0,1,0
1.3251925474799777,762,13,27,1,1.2044674913129996,0.23425586148461996,1,0,0,0
1.058474088672749,1414,32,4,5,1.0265352153730858,1.3206786335031813,0,0,1,0
0.5581617899642531,361,49,25,12,1.5199976783865035,1.1945451322876792,1,0,1,0
0.08228576022456811,1522,22,3,11,0.12834950852450167,0.1876763067017435,0,0,0,0
0.35254070989203523,1687,32,10,12,0.831720113559174,1.097493939015727,0,0,1,0
0.1735806079258283,1317,25,4,19,0.11677223802758918,0.735138049930314,1,0,2,0
0.03437708089506855,1416,49,29,18,0.6461852307890777,0.6301857119330827,0,0,2,0
0.40128991420172383,1206,44,15,20,0.05553474363727832,1.4483465910888844,1,0,2,0
0.6290824545635549,799,35,16,14,0.4333673197518464,1.261427340242226,1,0,0,0
0.22672386088903881,1723,4,7,10,0.6704363462870568,1.2376535892846288,1,0,2,0
0.6516587890408427,1008,34,21,23,0.11303135936937775,1.6037331466522522,0,0,2,0
0.22329251210387235,1349,1,19,12,1.057752340372331,0.8298720418183303,1,0,1,0
0.6062386014385437,1369,10,22,18,0.080943262925864,0.49921790375962183,0,0,1,0
4.22301104173716,6,98,62,2,0.5666106799297653,7.1352881976005165,1,1,15,1
0.4339555274326353,165,37,29,6,0.023338046513761892,1.243939671814009,1,0,0,0
0.6401550328598348,14,113,17,1,0.8914613809034166,7.438939345130082,1,1,16,1
0.3845588014913356,1656,11,23,14,0.9283492139219179,0.6358159817377746,0,0,1,0
1.3098673463521044,240,25,26,2,0.632301243173208,0.46558085630640256,1,0,1,0
0.49206310289100563,1751,5,8,20,0.23670686057955082,1.135240454925657,0,0,2,0
1.4828404979750196,3,172,68,3,2.6777411407742537,9.57529261063903,1,1,10,1
0.16086001089330654,1228,11,15,17,0.5754257091816565,1.10146936531577,0,0,1,0
0.5,22,65,38,3,6.830144906777921,3.054959585727346,1,1,17,1
0.8112253047128231,809,36,9,9,0.20810766321848326,1.3609405243547428,0,0,2,0
0.4778027384912371,1660,43,21,7,0.5037953030310821,0.21820974953607197,1,0,0,0
1.520592755555257,800,15,18,5,0.03981261457556389,1.5410192442942054,0,0,0,0
0.16065806136708288,1516,37,25,2,0.018403547563317822,1.636610088401525,1,0,1,0
0.5191273472827269,1098,17,10,4,0.91412760476527,0.9216495277974628,0,0,2,0
1.1623964288894537,24,149,70,2,0.533250967613487,2.8775735563441014,0,1,10,1
0.13669967101731514,1202,28,21,7,1.8464485226142777,0.10235591812251132,1,0,0,0
0.9223699354910642,1452,4,24,10,0.003758659576969619,1.5474717691617026,1,0,0,0
0.7159001897927629,739,30,11,11,0.9439945951305151,0.9600719150145676,1,1,0,0
2.0542381689356004,1472,22,11,14,0.08649820291387962,0.32666577703028743,0,0,2,0
0.6124998765650025,343,18,22,23,0.594450247575949,0.07850318230061948,0,0,1,0
1.522322122757454,1283,22,18,2,1.4510582152814044,1.7108541613149795,0,0,0,0
0.4244597115474032,1697,32,19,16,0.45886182651818763,1.8165683338351175,0,0,0,0
0.2897803711244036,736,21,9,24,0.19030023304497057,1.3065847233446006,0,1,0,0
2.275868312642863,639,38,7,15,0.05838403945101357,0.3542875074107581,0,0,1,0
0.9368060501598743,21,94,10,2,0.1674382548257048,4.344326584362216,0,1,11,1
0.7554036401443884,4,119,87,3,11.609992299076488,9.02900910173666,1,1,6,1
0.8563582693298919,862,27,7,20,0.17480071376133452,1.9961332632681819,0,0,2,0
0.4129334557098908,693,10,7,20,1.589717239886304,0.4436386869799669,1,0,0,0
0.02652569402128082,1380,17,26,22,0.7199346931002365,0.47678618813571716,0,0,2,0
0.2414993460363014,671,35,28,17,0.40071799985868417,1.2139693488427306,1,0,0,0
0.03273612938626244,612,42,20,9,0.30316026718881006,1.5886613105307328,1,0,0,0
0.14677736194256955,331,28,20,18,0.24433893552052252,1.822198073617315,0,0,1,0
4.142587384536357,25,178,60,0,0.689710634892466,4.213156086525172,1,1,4,1
0.25710501962915,1631,41,3,22,0.0680474145737651,0.02133482139054199,0,1,2,0
0.6668000560401077,246,36,21,12,0.4070034094069954,1.0512369669120376,1,0,0,0
0.5744374362885836,974,37,15,5,0.15210485733848267,1.951194511195826,0,1,0,0
1.097310746119146,154,31,28,13,0.09656575946767569,0.8376059718725442,0,0,2,0
1.3387441526102108,5,46,49,0,6.354098988950515,6.661946141641741,1,1,9,1
0.4901265265759135,654,24,2,20,0.4506945128038667,0.6495332286780373,0,0,2,0
0.12967997284335336,1609,45,22,7,0.935049910834033,1.5893238501086069,0,1,1,0
0.888386744444031,18,185,69,2,1.162419499278129,2.0664564885552084,0,1,10,1
0.09871592316682497,385,27,15,9,0.27234916000005577,0.4753789700498683,0,0,1,0
2.340573070419885,2,97,58,0,3.6351899668686793,8.207144946931354,1,1,12,1
0.17738991139896798,460,26,4,2,0.209494680706587,0.6240767026637895,1,0,2,0
0.5,7,198,52,0,0.9820426634173731,8.668414454105502,0,1,12,1
0.5384556178581311,646,36,24,7,0.3967664410036097,0.0793817146996203,0,0,1,0
0.1853919148579818,137,38,4,22,0.9111038453858354,0.4386672842340291,0,0,2,0
0.3115292994020494,600,32,2,22,0.1551659488721174,0.699065081758165,0,0,0,0
0.9472290154571346,644,24,24,14,0.017382953127217837,1.2537546906015429,1,0,0,0
1.0078404909353613,1659,33,28,13,0.24204440998690951,1.5712262582275731,0,0,2,0
0.09246263575109331,568,48,7,23,0.13870785389550588,1.0721345337772505,1,0,2,0
0.17085060709710603,640,41,13,15,0.23256857141180204,1.2065860558768975,0,0,0,0
0.11819576504639685,1405,22,21,4,0.14950709881525537,0.060995876168564056,1,1,2,0
0.16597195097022185,813,41,13,23,0.04143100441740741,0.4146078088122329,0,0,2,0
1.624545930753377,423,30,4,23,0.11089248833830073,1.3699348727724108,0,0,1,0
0.45240966204447286,843,33,15,18,0.17737160651590894,0.7125166808222054,1,0,2,0
0.5098028970901515,509,27,5,2,0.6159077844057471,0.8106899786190205,1,0,0,0
1.888227277052711,11,102,66,1,14.49369841459312,9.418864383262473,1,1,18,1
1.4031231299839462,257,45,10,23,0.18237844493552607,1.537172009945208,1,0,0,0
0.026887670368048906,259,16,17,1,0.02147283101506616,0.3018590812258388,0,0,2,0
0.015243008731011755,425,22,22,14,0.5935496515673943,1.4087219396360875,0,0,1,0
0.056515441760235215,672,7,15,3,0.2857076626214083,0.025577788504177468,0,0,0,0
0.24610527213058944,970,40,29,11,0.0011053853421055142,0.1718783825682766,0,0,2,0
6.116028276828297,20,122,75,0,1.6875183739652233,2.8886987814759975,1,1,18,1
0.5396951748483992,1617,9,12,7,0.09943066539724084,0.07822497612213675,1,0,2,0
0.41658437107397916,1690,49,13,8,2.6497994993081275,1.9160808482076621,1,0,1,0
1.268153970481638,639,3,2,12,0.10990040437534279,0.1536139921958315,1,0,2,0
1.7866571432594425,11,100,12,1,1.408983388985057,7.840476875843596,0,1,14,1
16.726281497583123,21,87,50,3,1.742744400700268,3.518305963531531,1,1,17,1
1.497478126869888,1650,45,28,20,0.08901881215789303,1.2517242602170002,1,0,2,0
0.17924204741859723,1563,12,5,7,0.1895134800096221,0.8175325726310558,1,0,1,0
3.823313143702963,24,113,73,4,0.2533375619504079,3.7876992494068977,1,1,12,1
2.5308463088031545,22,95,64,4,2.4138835588376764,7.937135047700326,1,1,3,1
0.8229356540329731,322,20,29,19,0.21542208226000398,0.4349665862754619,0,0,0,0
0.12120717671570604,376,19,29,21,0.2169084847961723,0.10634421549905038,0,0,1,0
0.10451693535511437,310,38,19,11,0.14848065002423333,0.42288653850134894,0,0,2,0
0.08762921736478159,1504,10,18,3,0.06562756348090962,0.569746676526163,0,0,0,0
0.3544402147474845,1058,10,19,24,0.041734578087754645,0.17442080183790942,0,1,0,0
0.0053865599617956865,1084,42,25,6,0.39650037547485056,1.2629587707975831,0,0,2,0
0.3437563063057698,1200,49,19,8,0.5241525214284097,0.260565157295199,0,0,1,0
0.2337696901076391,213,2,28,3,2.02497225833417,1.3293123981778774,0,0,0,0
1.1817606351034766,1458,33,10,6,0.11532183330348432,1.113974790963279,0,0,2,0
1.6691113632334766,10,138,67,0,4.250879056020774,3.669035177315391,1,1,4,1
1.1900743100649076,134,35,14,19,0.17648362524288375,0.5513805422422777,1,1,2,0
0.2904480325070695,1405,13,5,7,0.8460540426922689,0.2321354087406864,0,0,1,0
3.27049599088122,22,91,55,2,2.231378702066292,7.233237198799422,1,0,15,1
0.7410505156158739,1453,21,17,16,0.34464177751290176,1.0099284994059017,1,0,1,0
2.1242209257520304,24,109,73,0,0.6262959632308327,8.49402987360267,1,1,12,1
0.20389261636121575,459,2,23,4,0.01527031095400431,0.30049472917825226,0,0,1,0
0.8529205127799828,1231,10,11,6,0.3760204070999573,0.6211566242490929,0,0,1,0
0.5,6,84,29,4,3.211693308908204,6.340722451436321,1,1,10,1
1.025578801850155,473,48,8,6,0.6074407942827874,0.14887379230619646,0,0,0,0
10.828010115466043,9,190,75,4,1.6820027137312843,5.175946499482743,1,1,16,1
0.13065290624194523,347,13,23,5,0.0074723116602406735,1.8669823400712247,0,0,2,0
0.10893995535625647,579,48,20,12,0.1214485020048365,1.1715917445766117,0,0,0,0
0.6057652560462551,560,19,20,7,0.623001095968254,0.14018355640053315,0,0,2,0
0.48096742777547075,1153,21,8,1,0.04263269657447353,0.7267675820957669,0,0,1,0
0.3168798660887132,1507,2,6,3,0.6599346270727224,0.450563981282746,0,0,1,0
0.705929375608539,1770,7,6,24,0.5220933943679792,1.05197802859237,1,0,2,0
4.602104289901591,17,160,59,3,7.512803516401729,4.62261032732312,1,1,12,1
0.8342382971308798,1461,15,8,4,0.10698293736757457,1.0087639216370603,0,0,1,0
0.434451191892636,1767,4,25,8,1.6595291161519168,1.4026065689949623,1,0,2,0
0.7108796719587375,29,64,41,1,0.10509435321727151,7.860965448171475,0,1,5,1
0.10133839384611737,1723,43,17,21,0.009526022079789396,1.6067124558400143,1,0,0,0
0.11104511412505431,646,6,23,14,0.06513915326440106,0.5100576068244227,0,0,0,0
10.271566082160493,23,134,83,2,1.5563566551936001,2.138750434305437,1,1,4,1
0.5501253208091015,1633,19,5,11,0.11644570443348529,1.7063681441615617,0,0,0,0
0.5,12,83,55,2,8.173009659907166,9.113531887428476,1,1,12,1
0.007757311732207487,570,9,22,23,0.29323656175780155,1.3291477175116917,1,0,2,0
24.110314191828518,3,131,29,1,1.7368489974248145,4.828320576215614,1,0,15,1
0.029961950051907927,1536,13,13,1,1.6235161834092269,0.3868420256671006,0,0,2,0
0.05147845922390663,1173,49,9,17,0.9269563084775824,1.0790468430525542,1,0,1,0
5.3812118824511455,12,193,23,3,0.525718902450994,8.869974368631048,1,0,8,1
0.009923570344335414,1403,28,17,3,0.99364315131158,1.3950392611763083,1,0,0,0
7.026974455687894,4,101,24,1,0.7059228580694987,2.634199961750916,1,1,16,1
0.2462076496909344,1540,21,15,6,0.3830258453640159,0.8182634355161753,0,0,1,0
0.13171135655118324,1677,44,29,7,0.3541939110837391,1.1273181208689171,0,0,0,0
0.06850921203350356,304,44,18,3,0.4038111210216597,1.6678079017244505,0,0,1,0
0.5058150931618789,244,3,7,20,0.26605724430265953,1.999781129262785,1,0,2,0
0.5175830313402491,697,16,26,3,0.04344550893304311,1.8970330195391472,0,1,1,0
0.10933877928111208,764,21,17,12,0.5167784740757778,1.1177425871206486,0,0,1,0
1.6853151712305863,384,39,5,20,0.5219846120427983,0.2348947631877667,1,1,1,0
0.4487523606548803,116,10,13,15,0.0247597791026906,1.8489445504875557,1,0,1,0
2.641569454190879,8,179,30,4,4.119884766441949,6.509860839616357,0,1,13,1
0.13865696764311988,692,36,17,24,0.8389306243500605,1.5478621404289596,0,0,2,0
0.5797024320124432,1142,7,12,1,0.1329586995271787,0.9446941065237571,0,0,1,0
0.12863275910884153,976,20,1,20,0.9798109777855187,1.878848817817811,1,0,1,0
0.05372510663319602,1176,30,24,17,0.1455426899471482,1.591151095553037,1,0,2,0
0.13930975820572364,169,19,26,18,0.17567655175411123,0.7052199662521486,0,0,0,0
0.6271001562513528,283,11,5,10,0.517802620222062,0.7198017794040998,1,0,2,0
0.7273188279549896,489,30,19,15,1.376150817298384,1.557131650681107,0,0,1,0
1.4151734737778954,18,83,74,2,0.8818455407778457,4.501757452147951,1,1,8,1
0.9571243274335699,1001,15,28,9,0.2995493937737869,0.9222303263527682,1,0,0,0
0.05180557284981379,577,33,12,15,0.017796268713503795,0.33529096072618847,0,0,0,0
0.025264505675110942,182,2,3,10,0.04354223001634852,0.0779869058037288,1,0,0,0
0.12890700112906384,133,45,28,14,0.8248746270505187,1.624645559684091,0,0,2,0
0.3480938595079946,1512,37,18,8,0.052945627107062056,0.41986991665795226,0,0,0,0
2.218756309265487,28,24,89,0,5.876280021981324,4.376252007798029,1,0,11,1
0.724311724577362,1411,39,25,4,0.049062708065182585,1.2880052012993355,0,0,2,0
0.04586182028618881,1626,22,16,17,0.7911283768086546,1.4492541836475423,0,0,2,0
0.4155344844754279,1623,3,16,12,0.26291444179066875,0.5168646694652002,1,0,1,0
0.22920815360351002,293,34,23,3,0.052700053577244,1.4082922732902379,0,0,2,0
9.704581215659463,11,190,31,2,1.430029828887088,9.452133847280866,1,1,9,1
0.5887098451314484,236,13,20,18,0.3049480452783757,0.5411358561714741,0,0,2,0
0.5895362876599073,954,45,22,12,0.026193142507124362,0.028332521924269827,0,0,2,0
1.6140437439062418,611,24,15,21,1.1957678795715962,0.11793405385814792,1,0,2,0
0.5889473191581442,525,44,17,6,0.12164527522879907,0.3124482673694635,1,0,2,0
0.5327376833625832,437,16,11,14,0.7734665059254122,1.0997968919483752,0,0,2,0
0.0035033759673622307,1581,11,1,8,0.23028729850980803,0.04134589280750056,0,0,0,0
0.1195376300823429,539,16,10,14,0.48989753894037186,0.09713046312023321,1,0,1,0
0.31213739138816177,1509,34,12,18,0.1222729040190662,0.8997650461044815,1,0,0,0
0.10874105401548079,730,1,24,3,0.12385635940672371,1.4364658761617413,0,0,1,0
1.396145181457003,1063,41,4,18,0.3271140205731797,1.64652348885698,0,0,1,0
0.20035517767770356,420,25,17,5,0.41195305672871385,0.15691800108174636,0,0,1,0
2.9257643808284897,1481,44,25,10,0.05996596897228908,0.5001354257562582,0,0,0,0
0.7794155159243709,1656,3,24,14,0.17577139203851286,1.4651284297417826,0,1,0,0
2.716055147367517,4,138,67,3,1.5264208129134162,5.555773271830447,1,1,10,1
0.5119746021987464,570,12,15,20,0.12991666494038204,1.8339247014589788,1,0,1,0
1.0272516610714677,1145,29,12,22,0.4317124486964806,0.7518303863706162,0,1,0,0
0.04556050505828779,1115,27,15,16,0.9745042420086544,0.560192490522913,0,0,2,0
1.2223079809183182,765,14,26,22,2.0758346150934144,0.058057944409429574,1,0,2,0
0.00836347377923531,1578,33,5,6,0.131776085486242,1.5955049001918011,1,0,0,0
1.3049887246049576,1237,34,16,23,0.020299897758781826,1.4666888998322192,0,0,2,0
0.5421480957021663,1533,23,23,19,0.2696693624118848,0.3993647891839107,0,0,0,0
0.8817481254885438,671,3,16,23,0.46757725510649106,0.5304956249366408,0,0,0,0
1.7685895117032975,1501,12,6,17,0.16456303337150494,0.8916418639446537,0,0,0,0
0.1418192407260406,1326,47,8,9,0.057456427276463995,1.409824736869326,0,0,0,0
0.0557528160241138,323,6,1,23,0.5985447179054256,1.342861921516396,1,0,1,0
0.8647144627595175,529,11,7,17,0.1759839439456287,1.3764717571957839,1,0,2,0
0.3094629674196398,1372,33,23,13,0.3870098284537238,1.6921762154682043,0,0,2,0
1.6229991361362133,990,23,28,2,0.708781309939588,1.8553354184971522,1,0,2,0
2.4824254234537424,14,23,87,0,0.1,2.300855738704062,1,1,18,1
0.36658024670382466,1159,31,18,18,0.7097609692774838,0.492147302476583,0,1,0,0
0.2735931591839002,797,17,15,12,0.07888131266337936,0.520967430393096,0,0,2,0
1.3058161122364977,1028,6,22,6,0.08692162403937717,0.9453152381853849,0,0,0,0
2.9421898334380643,26,59,57,2,2.3687208901443313,5.402851113419169,1,0,19,1
0.5,14,89,98,4,4.091668890777768,3.5015749147278443,0,1,19,1
0.3995056249968056,418,47,17,5,0.674691681900412,0.9486861017335111,1,0,2,0
0.013771639318440762,1321,10,2,15,0.6229446713181179,1.8857801226713853,0,0,1,0
2.864477430328924,21,120,41,1,0.6161235989923057,3.5416726619855137,1,0,9,1
1.3324840065913937,693,37,25,9,0.04735199270957205,1.3858813078042589,0,0,1,0
0.41615015295124913,1583,25,6,7,0.5274897965973702,1.74474286577107,0,0,0,0
0.6112324536560376,1689,47,11,7,0.40717888765763227,0.3907414690269453,0,0,0,0
0.7416102966226095,11,84,86,4,5.5606328264821645,7.1199059280333215,1,1,16,1
0.41062209228317115,1302,13,16,8,0.8105907384202364,0.21632636059699917,0,0,1,0
0.0679290921662971,1282,29,28,19,0.4777688064255761,0.5760349281331887,0,0,0,0
0.2160219394899083,371,32,11,10,0.5518087349647555,0.17282410423773653,1,0,1,0
1.5709552562720572,1662,7,11,19,0.014842692081490257,0.7116431287022278,0,0,0,0
1.0065392812131746,494,22,26,11,0.18302709192165234,1.7608260403804827,0,0,1,0
0.4349046948153205,299,39,18,14,1.7093882522021133,1.3610048857478239,0,0,1,0
0.10695666091172404,577,11,26,20,0.3314613405912964,0.9320150975499948,0,0,1,0
0.5,12,128,33,4,0.1,4.473082465905419,1,1,14,1
1.2664139883222811,29,147,47,2,2.467546496272896,4.130085094291821,1,1,9,1
0.18199343898886206,836,20,19,5,0.2377296234633927,1.3999402203595228,0,0,1,0
0.13713560915406764,1310,7,20,6,0.00822148985828655,0.4450746542328625,1,0,1,0
0.6170442248531405,297,7,13,6,0.20175381817799778,1.8644785527022762,1,0,2,0
0.18689560884289394,1167,38,11,3,0.2926672589861716,1.4760122924026942,0,0,1,0
0.020483324931462432,1555,31,12,14,0.0504656989587629,1.840526518057328,0,0,2,0
0.7805221276493058,1788,20,7,22,0.13717046119449292,0.31177007253201894,0,0,2,0
1.229904116448158,1106,36,10,17,0.4804548170951588,1.8404085628379903,1,0,2,0
0.7035287263312928,129,29,8,19,0.6860478140224202,0.20573116560830917,1,0,2,0
0.20718279596100067,1421,46,18,1,0.62178862892983,1.9427891596987439,1,1,2,0
0.7375476489171356,1733,43,11,23,0.5536240983099557,1.3135918005757845,1,0,0,0
0.18403404400689044,1737,4,11,2,0.25869950723694657,1.8799966352608752,1,0,2,0
0.8644972556836357,1356,28,14,16,0.39703084344525624,0.2652860480532031,1,0,0,0
0.6472769270301935,272,48,15,19,0.1837121454716112,0.5742419897444699,1,0,2,0
0.7900006978401335,295,13,24,6,0.20784318225521645,1.8555807429278528,0,0,0,0
0.1933709303249422,1021,12,23,15,0.023468155771155793,1.483125077817026,1,0,1,0
1.3623416747176256,552,13,29,10,0.4753568888026716,1.2995074101934903,0,1,2,0
1.0781404464833193,1023,48,10,5,0.14251620744234517,1.7815509015661883,1,0,1,0
1.3482205126989522,1029,16,12,12,0.2363451199388957,1.8915548262798096,0,0,1,0
0.043577012666828674,1158,35,1,8,0.23262702947790445,1.365954469151842,0,0,2,0
0.025816640790778313,974,49,9,4,0.7273554687411443,0.44195265819626917,0,0,1,0
0.1484975182355447,1453,13,2,23,0.11598940681590815,0.8489119894101653,0,0,1,0
0.38403921720604495,478,28,7,11,0.0971116631506797,1.4080819748773081,0,0,1,0
0.12133071296641869,1202,45,25,9,0.5502889898935585,1.0559674505569983,0,1,0,0
2.5982296858791063,23,154,36,1,7.9165943342757075,3.1526787579206728,1,1,17,1
0.37239224986605,1296,8,2,19,0.6219416949887661,0.4178328336845536,0,0,0,0
0.22444687599057744,1667,46,19,6,0.2870961976913197,0.4077466184642302,1,0,1,0
0.30018102421227144,777,23,27,7,0.11622252875885478,1.6610143059987816,0,0,2,0
1.063301765554761,3,50,55,0,3.1415947140756844,3.867345043127469,1,1,12,1
0.04181785629600008,883,18,29,2,0.0807495846689818,0.8938469037003329,1,0,0,0
0.10395656616596674,491,48,16,2,0.0643877049632565,1.9825981573573068,1,0,1,0
0.806506294247618,10,113,15,3,1.1078221058760274,2.735507955772296,1,1,11,1
3.7208614548522028,747,46,5,23,0.4961427992828121,0.044727349294163776,0,0,0,0
0.2122345657556806,581,43,22,20,0.0310173905836445,1.7421864016043822,0,0,1,0
0.9242744726844311,80,21,8,13,0.006210156474467143,1.757738470373008,0,0,0,0
0.3524608069197645,1655,16,18,16,0.04956045451623557,0.6227863616350306,0,0,2,0
1.5125272562192738,1416,40,13,23,0.14422896853610995,0.09202271526282924,0,0,0,0
0.2057610159140955,945,35,9,11,0.47507587701163834,0.09506653966032497,0,0,1,0
0.08873682705024419,320,46,11,2,0.00384938134994237,1.228208749640598,1,0,0,0
0.09419596552954859,405,2,19,15,0.5996158391556902,0.8937159340757572,0,0,2,0
1.2091505459995637,1611,35,9,13,0.33381761645603447,1.8863032984220154,0,0,2,0
0.5,9,164,24,2,4.395547961913299,2.031111268890055,1,1,11,1
0.3088981019500748,790,29,20,22,1.5635120024813656,1.546649958028924,0,0,0,0
1.5555512648309409,1117,30,24,17,0.024777817695818893,0.36490909545161765,0,1,0,0
1.0935201676366475,1366,9,29,17,0.22844880543862703,1.0516985581459624,1,1,0,0
1.5542790315111499,1042,1,16,7,0.4690748626653929,1.184672960200147,0,0,1,0
0.009795960013547654,1082,44,5,16,0.5487097314027023,0.5871057550711924,0,0,0,0
1.6882375513656627,60,14,11,16,0.6494557212906679,1.2519970127063011,0,0,2,0
0.41635773197169884,794,26,19,3,0.7953065803731196,1.6065200298084181,1,0,1,0
2.967268569408253,17,137,60,1,0.8148600658842238,6.560258402297175,1,1,18,1
0.22710259553626413,826,23,13,9,0.02995217062728492,1.2736259713168572,1,0,1,0
0.014801829901126069,1391,24,22,19,0.004166240649353976,0.8239624122970597,1,0,2,0
3.3304276121533807,1,135,73,1,1.703580755058698,4.742781769180071,1,0,5,1
2.280187605284221,7,126,24,1,0.2963080452033996,5.1562258652243225,0,1,6,1
0.01283880477073719,1638,33,15,8,0.08228255950993463,0.8288256615773055,1,0,1,0
0.24216587117935565,1389,23,28,3,0.3886867423668003,0.4631349565578542,1,0,2,0
0.9909867500789175,439,14,19,18,0.5747150679026244,0.3506200294479145,0,0,0,0
0.08323477506425034,507,9,4,22,0.1364376653460784,1.951760941096427,1,0,0,0
0.07000608453811547,616,6,15,6,0.23713204691747572,0.29418810279372476,0,0,2,0
7.670041603725961,8,177,75,1,6.403639072379111,6.369607171726821,1,0,12,1
0.2596832420887668,73,19,24,19,0.1165300211701421,0.6684881385835522,1,0,0,0
2.058650525056161,170,4,4,19,0.3081415543153185,0.14446134662729992,0,0,1,0
0.46851640553577745,164,49,24,22,0.30594990446112025,1.3218378036161975,0,0,0,0
0.9208349225171542,316,17,22,3,0.3702424647110745,1.4803888382592354,0,0,0,0
0.15782381391324318,1273,47,2,19,0.1070965693904201,1.2553904942935723,0,0,2,0
0.7701112707213975,1148,14,29,4,1.0223028032668386,0.43588980180306836,0,0,1,0
0.06287505991455382,1451,38,12,4,0.14403230561661903,1.7532536632275073,0,0,0,0
12.513927074273528,3,94,91,4,1.0935707337582699,4.848516986094535,1,1,9,1
0.41913370195906036,1015,34,28,21,0.04643099492756461,1.4920666288595776,0,0,0,0
2.804373115354528,1646,40,14,14,0.12218032216931643,0.8047578764735424,0,0,2,0
0.020863606358782653,1485,27,23,14,0.6784812354412441,0.8875266030187519,0,0,2,0
0.5657300669910428,1769,38,24,14,0.35445078726962426,1.7847397964506941,0,0,0,0
0.0722680136876162,578,42,14,2,0.3682581295151798,1.4655877094421539,0,0,0,0
0.15266006958956374,1676,18,16,16,0.720531588283452,1.0051626176275783,0,0,1,0
0.25539866066122807,101,45,21,7,0.03489726868967078,1.7608440648398067,0,0,1,0
0.11410043063078187,437,8,23,16,0.4842961117650414,1.4661427403350364,0,1,1,0
0.7770369982367988,222,14,18,24,0.004837368684721941,1.3025428072500593,0,0,2,0
2.780838618074186,725,43,11,10,0.16358379269751552,0.4204570369405476,0,0,0,0
0.1812707995578756,1180,35,28,20,1.3787870169212109,1.7648704804956237,1,0,1,0
2.1334875443081804,27,174,16,1,3.625310792787797,5.135298758123102,1,1,11,1
0.19207859414743425,1058,33,12,22,0.1219588972857981,1.9964694471221622,0,0,1,0
0.10196236897517547,1038,33,15,23,0.8350608654880199,0.015853557336417357,0,0,1,0
0.27204246914178964,929,6,29,21,0.04184257103560493,0.5268832093738269,0,0,2,0
0.6707351485804723,1386,12,6,23,0.22712168345989703,0.3034628798478538,0,0,0,0
1.0261150041501146,916,31,29,24,0.26638444784091947,0.46192286249908765,0,0,0,0
0.16817431412409148,1355,45,25,3,0.6829294309609775,0.07613336613235577,0,0,1,0
3.266128153160266,3,53,36,0,2.2426477302591854,7.79517572160392,1,0,4,1
0.05084726612342599,772,34,20,21,0.2998602539801548,1.6458701229454813,0,0,0,0
0.6705633929263293,1264,30,18,16,0.48993198866711896,0.24991370929356682,0,0,0,0
0.15800147346499277,899,39,9,5,0.18563127967431156,1.3895192800867928,0,1,2,0
0.009123276329167063,1150,18,21,2,0.055444025163446514,1.9493671659726344,1,0,1,0
1.2519779908948434,619,42,6,6,0.17822057705299615,0.3817829308309888,0,1,1,0
2.3761183813779616,9,112,97,1,0.6587650937017311,2.1221213739940987,1,0,13,1
0.8466072356685055,18,77,97,2,2.152056533437777,2.78548182353133,1,1,17,1
0.21331000750506188,487,21,27,22,0.049088363921109573,1.6150584273523316,0,0,2,0
0.7248585953335793,125,14,4,9,0.8939932470183085,0.17551844103862124,1,0,0,0
0.2746850198663241,1387,33,17,15,0.09905567473590735,1.1113653690163845,1,0,2,0
0.32393289459699315,1660,33,29,23,0.4824444363009599,1.9285971370335246,1,0,0,0
0.5954951573057113,1200,33,20,18,0.23255239770148772,1.4464159910065635,0,0,0,0
0.8367580234466766,493,49,22,6,0.24982997617899236,1.983015798949094,1,0,0,0
0.757173166988026,940,31,24,12,0.6290438553926981,1.7560650335618568,0,0,1,0
0.043610198332734024,273,18,24,24,0.3091855014155493,1.18484764415561,0,0,2,0
0.010749432080130657,1176,38,15,4,0.03176368436156835,0.20770194886425553,1,0,0,0
0.37433800512140974,182,49,10,5,0.366221119371769,0.5631163220613411,1,1,1,0
0.2579515444072381,1263,10,11,20,0.0553506401402723,1.234294362001045,1,0,0,0
0.19017317661905872,189,36,23,12,0.6257500054139382,1.8740025312281618,0,0,2,0
0.2150118883764553,1588,36,3,24,0.286115247417195,1.1182976569805998,0,0,1,0
0.4311464212746629,1053,40,2,15,1.0762773717099452,1.5396106334974944,0,0,2,0
0.28518003051334884,464,39,16,3,0.11357455902113532,0.9123636423142156,1,0,1,0
3.978211842577597,9,110,71,2,0.1,2.092991450649494,1,1,19,1
0.15946310321501753,261,43,11,21,0.11529896641253548,0.7068605965797659,0,0,0,0
0.33181165307975946,567,3,28,14,0.1341061583105394,1.559917656386632,1,0,2,0
0.2520660979608902,1439,29,24,24,0.4228777295013559,1.580963557326728,0,0,0,0
0.9951063609473775,1143,32,11,12,0.0868686138546611,0.24200243336240468,0,0,1,0
7.676441282438211,16,29,57,3,2.818106996375401,9.32620715567065,1,1,16,1
0.4419615289356868,1317,37,4,5,0.07416103013639387,0.1950781871614482,0,0,0,0
0.5659258671336744,446,12,18,13,0.6440379730557025,0.3146371879225405,1,0,0,0
0.030907543652254076,239,37,19,9,0.02926361704759502,1.3764536659450857,1,1,1,0
1.2317549423169207,1363,27,8,4,0.3874358650827067,1.3223778651111187,0,0,1,0
0.09241200570057446,435,42,1,22,0.2348096720514935,0.031070125967896045,0,0,0,0
0.03130116848326052,1299,24,13,8,0.5166481011945083,0.14449652525538648,0,1,2,0
0.3174280685649471,1188,29,14,19,0.24322020516077691,1.1197916215931596,1,0,1,0
1.4340729435735742,1464,19,4,20,0.20583366349832294,0.6516539487661037,0,0,1,0
0.2137191404536912,602,41,27,22,1.0070106728100856,1.6937933928925177,0,0,1,0
0.1364270832034604,1547,22,11,9,1.2189357685013817,1.189235706182099,0,0,2,0
0.0959721653030698,1594,26,15,16,0.3945237417744698,1.907844954723612,1,0,0,0
0.5,8,25,77,3,7.389595045839531,9.772191352079378,1,0,8,1
0.39077063902928405,1691,28,10,13,1.7586215643889151,0.7776449037738198,0,0,0,0
0.5,9,132,65,0,8.64191108142418,9.557091694042352,0,1,12,1
0.24453797115747514,839,42,9,8,0.24614748261352026,0.5466390946081572,0,0,1,0
0.5651100182756406,1714,25,13,16,0.12384868633645905,0.6290140119382308,0,1,2,0
0.808159605838844,105,6,24,22,0.6727724469156277,1.4902791248766465,1,0,1,0
0.9954647641652644,295,3,5,21,0.3786269534558963,1.0691404167309433,0,0,0,0
2.7418343360572313,10,164,66,1,0.3595001773658447,8.5788672427718,0,1,9,1
0.9219751379574996,215,19,7,14,0.2088355310248584,0.33148066691314515,1,0,1,0
0.5,27,75,24,1,1.2712704463011568,4.685889271482877,1,0,6,1
0.08804520582092211,1562,27,29,2,0.999040484841232,0.1031019579849155,1,0,2,0
0.06730349460559665,447,46,14,12,0.057480668057688804,1.9557330559009942,0,0,0,0
0.7317633943115004,909,11,26,7,1.09251038225083,1.9311851889478862,1,0,1,0
0.010137680375157257,914,31,4,15,0.019706818408108794,0.8228276048367258,1,0,2,0
0.593692057194593,531,21,7,11,0.039929456600551215,1.3610191342606697,0,0,2,0
0.29488178371113805,1507,48,16,11,0.08950603311248664,1.449181436421831,0,0,0,0
2.0096008642189274,27,151,94,0,7.1934844739820205,2.659341374379486,0,1,6,1
0.4731572594850991,1460,31,10,22,0.35158644043559906,0.4426744161562788,0,0,0,0
0.08343539423031891,1229,48,1,8,0.7088509830796768,0.7473553403447641,0,0,1,0
0.26683316697955106,1419,31,18,4,1.426791841440629,0.4608231412380439,0,0,1,0
0.6695087024376132,610,30,6,16,0.053096475910257436,0.16292277679178158,0,0,2,0
0.06449941183205865,1722,47,19,9,0.7818987385481012,0.17730168098824528,0,1,0,0
0.8929787854022802,495,5,9,1,1.9752399951928379,0.08284108617740049,0,0,2,0
0.10604346500803508,760,9,14,9,0.1168138226935207,1.2321338473201233,0,0,0,0
0.7559666651918515,1007,31,25,17,0.038734102838569276,1.6661857829009035,0,0,2,0
0.10248618804199439,122,37,27,10,0.04266167026403739,1.991775813728122,1,0,1,0
0.014298173105807197,580,15,29,7,0.3018812321441844,0.20976308656356424,1,1,0,0
0.8237375949786276,11,20,55,2,0.13823255872060752,7.741313856014678,1,1,18,1
0.02766678841507926,109,21,6,1,0.7463327524950226,0.11803328852748352,0,0,2,0
0.25604910063746067,778,24,1,23,1.1048690793618814,0.7668103207356769,0,0,2,0
0.525275582368631,1058,37,23,12,0.805680238861715,1.4732383157574003,0,0,2,0
0.149275559000476,80,28,29,9,1.2223810110764546,1.300544873427553,1,0,0,0
0.547984494834845,425,2,25,13,0.4055284592468918,1.6824119967163538,0,0,1,0
0.009194943923616852,176,23,7,22,0.48220062415098186,0.7125837743898984,0,0,0,0
0.21553495889210467,687,13,25,1,0.6939453362220971,0.977135158452235,0,0,1,0
0.2431137075872818,422,29,16,6,0.21590295019764083,1.785288219138791,0,0,1,0
0.07621648459481406,1362,33,24,9,0.399918710234471,0.5072686408476452,1,0,1,0
0.38077221126473876,685,37,21,2,0.243161214973521,0.8562822853445489,0,0,2,0
0.5,2,195,30,4,1.398291435053529,6.442788760365673,1,0,12,1
0.016258734365268104,1467,48,4,12,0.04634160617343786,0.12399375463184348,0,0,0,0
0.4304278785462037,1166,2,18,1,0.6936787614569773,0.01596375668707961,0,0,1,0
0.5920027268512381,939,21,17,21,0.04263979144715415,0.4761576847037614,1,0,1,0
0.15603085490763643,770,12,20,17,0.5876680183147468,1.7028048941786327,0,1,0,0
2.3574925060926972,7,24,42,1,0.5397966624101768,9.318252265992006,1,1,12,1
0.5481472331643602,18,135,63,1,5.33536765673749,2.975688933829579,1,1,15,1
0.9240509767863399,1455,43,10,5,0.08845370426020371,0.5865402432373092,0,0,2,0
4.226119623055614,8,29,56,2,2.446542190879738,4.940591237152377,1,1,7,1
0.5532951387243615,206,45,29,16,0.3201709254983232,0.3489877158127266,1,0,2,0
2.747582319994996,4,185,93,2,2.972957279634183,4.1634218468184265,1,1,16,1
0.08028582566820947,1741,39,6,15,0.27170236975398776,0.7061543568863615,0,0,1,0
3.6025255210260703,12,171,25,0,5.849571582830803,3.6764671046522936,1,0,8,1
0.370221966590522,1227,48,27,21,0.9687057247745285,1.56612332714956,0,0,1,0
0.46541650423360464,156,2,17,3,0.07607867509469235,0.9577161570561068,0,0,0,0
0.27097717833508667,207,37,11,10,0.022686022099932132,0.6010870246195681,0,0,0,0
14.115621251930495,19,106,88,0,0.2797738136798817,2.4152657291235,0,0,19,1
0.43997311566443226,1610,22,13,10,0.10231187092627139,1.9322152463135323,0,0,2,0
0.633729623674889,1581,16,5,19,0.10793501736844209,1.4069455442606622,1,0,1,0
0.06935233048470016,997,49,20,15,0.03951510942848364,0.8858095028365573,0,0,2,0
0.022446354450078514,987,48,4,12,0.037835391258067126,0.08953017076623282,1,0,1,0
7.91021875028105,1,151,41,0,1.678176957680819,2.023207179659676,1,0,3,1
0.20776104476451934,1425,40,1,1,0.044488959276218876,1.9362396030548612,0,0,0,0
0.9794287172239418,1720,40,27,11,0.6501987848650873,0.3312734759370728,1,0,1,0
0.19331879770000196,722,24,21,15,0.5450099310821005,1.0474156878295082,1,0,2,0
0.05099735481909057,638,26,8,2,0.33662646159783916,0.606272806220445,0,0,0,0
0.3081881033331773,87,29,5,15,0.611674047430598,0.8696016981185006,0,0,1,0
0.8190442374357614,899,33,13,19,0.4564009163817276,0.7514343939678787,1,0,2,0
0.3651190431518456,1609,19,9,14,0.09846859886497711,0.9924342194056308,1,0,2,0
0.5315994361736103,1229,3,9,15,0.28342570893216473,0.20831726883880375,0,0,1,0
0.18962634533008838,680,47,23,10,0.09844558008479054,0.18003804370433873,0,0,2,0
0.39910782807304046,1481,12,9,13,0.45862239144415656,0.13434372501568426,0,0,0,0
1.0508411412198089,1466,18,11,4,0.2523031616018575,0.17874955576984086,0,0,1,0
0.7943097374771024,302,34,21,4,0.04273237909831807,0.0900356371062665,0,0,2,0
0.3077531430257138,1295,46,29,21,0.6855253160627255,0.7899002223627563,0,0,1,0
0.06770207286243114,1630,9,3,6,0.01544270056111114,0.08198862815377783,0,0,0,0
0.4000217093010911,388,40,2,4,0.3532929080636837,1.290228468360339,0,0,0,0
0.22906474122836576,1349,30,7,23,0.012115447225696033,1.9117076617528854,0,0,0,0
1.6789037301867955,10,78,47,2,0.48178455599498077,7.50572169568516,1,1,16,1
0.25698795693722026,1582,17,1,16,0.28910600354300503,0.4650128448134667,0,0,2,0
0.2684504922951864,634,26,9,15,0.3179092784545341,0.28192820520428663,0,0,1,0
0.6453334733188847,1579,48,22,15,0.058552128881391996,0.661583939432401,1,0,2,0
0.7181363889985874,1052,37,11,24,0.7491205254099835,0.09954122164442136,1,1,2,0
0.5328450673998246,1358,27,8,20,0.13772735942892214,0.5291284548296509,0,0,2,0
2.6115522118164636,17,42,41,1,2.386810072062398,9.682566906999229,1,0,4,1
0.30394522498211757,184,16,8,2,0.6048072902153588,0.6466811376563995,1,0,2,0
0.07743265081481421,1213,34,23,7,2.7511784862437714,1.238774711938603,0,0,2,0
0.18712112949002624,345,24,9,22,0.33292186598836904,0.5859058142763542,0,0,0,0
0.09867390743107393,1392,36,18,24,0.13965531783599452,0.8654620722706499,1,0,1,0
1.2082698923069854,885,39,8,24,0.28642859057653863,1.2963428383626479,0,0,1,0
0.5547162726056704,989,44,21,3,0.34761600388290387,1.0330077531552626,0,0,2,0
0.026260448236362702,321,28,21,17,0.11758329443634635,1.8912187009565777,0,0,1,0
0.14916368503074445,389,7,29,12,0.9579417506012334,0.30443673270859883,0,0,2,0
0.06610671744528562,301,38,4,14,0.1866973028689169,0.942547356875346,0,0,0,0
0.24896933703682148,1528,35,8,2,0.014926767112217666,0.8626987557326646,1,0,1,0
0.5054326549630213,441,27,19,22,0.9078464891450807,1.0274260638538872,0,1,1,0
0.41155729049007356,66,36,17,8,0.2287090177623341,1.3121588779380513,0,0,0,0
0.1429846184879255,341,41,9,14,0.5943302055541454,1.1261541900949423,1,0,2,0
0.5346286922585514,988,40,5,22,0.041724706713543905,1.2825285543777722,1,0,2,0
5.257128916356335,24,62,45,4,1.0114197084205598,7.816167630504222,1,1,4,1
2.5250264298576583,29,59,10,3,0.25649223469323,9.74531224073064,1,1,15,1
0.12155900171495168,381,46,22,9,0.5962037537092798,1.1289280554303347,1,0,1,0
0.23152763023765624,1503,49,14,21,0.34548590646683863,0.05853092227149426,0,0,0,0
0.5309990905711034,1665,43,12,16,0.8522714352346918,1.7974986741101155,0,0,2,0
0.3000464482161465,105,45,7,18,0.9097367997375514,1.1564313627460756,1,0,1,0
0.3627792786442844,603,21,11,21,0.7961415496387713,0.4906555946692106,1,0,2,0
0.17827969781233705,1348,28,26,13,0.10354421062202167,1.1654583185006206,0,0,1,0
1.2531249964185862,823,39,15,19,0.10111600456284836,0.7733763364883115,0,0,0,0
0.07707134085511085,1041,38,20,11,0.2239562246722965,1.1611715125693385,0,0,0,0
0.011226502847869675,651,11,1,16,0.36031055016490526,1.9737373154603253,0,1,1,0
7.206955684716889,21,106,48,1,15.65959250952897,3.7615501241819773,1,0,10,1
0.016513000311971313,586,38,20,19,0.2887822284707985,0.35305795330322476,1,0,0,0
0.1570211432581741,569,35,1,1,0.6511609036509887,1.8198097478179398,0,0,2,0
0.012761014326196361,1234,6,26,21,0.14921049944655151,1.8708944592994226,0,0,2,0
0.22143871430334208,1266,16,5,21,0.14000942831582452,0.2927983641722567,0,0,0,0
0.3424662419588268,276,9,26,10,0.6673466606755882,1.2717469614678336,0,0,2,0
1.0954831739603526,956,25,25,17,0.006804758682794162,1.063073040565215,1,0,2,0
0.3983953241566573,526,23,3,18,0.5723059548395979,1.5540739638793906,0,0,2,0
0.09982152737757895,525,48,12,11,0.28378677675066516,1.9225847830198688,0,0,1,0
0.31525637222570446,958,1,6,8,0.009051584120844528,1.1327424538947473,1,0,1,0
1.4712147782308955,20,155,92,4,1.567853623966215,6.662402292324064,1,1,13,1
1.0594561744885316,1554,2,12,8,0.04508532968208559,0.7257620686789479,1,0,2,0
0.20913640258451602,1145,40,21,4,0.18927624672850774,1.8702324823787786,1,0,2,0
0.5,24,133,48,0,0.24740968900289403,7.128643858173673,1,1,9,1
0.011996652324404326,1613,42,27,20,1.4237050055074898,1.0092337652802512,0,0,1,0
0.0920323962319994,303,5,2,17,0.44638095832866376,1.901969640223318,1,0,1,0
3.679545954562344,25,52,70,2,1.85773866367512,4.965673712425384,1,0,10,1
0.6752381898139078,1615,47,3,22,0.2200849658774045,1.6525328549579816,0,0,1,0
0.11532333715965667,739,25,12,10,0.2719797753104464,0.3757947339851502,1,0,1,0
0.20679876018768098,568,3,22,1,0.142134963088086,0.36886380372271743,0,1,0,0
0.3563925457469414,1079,27,23,10,0.5580727383832572,0.5151836987874152,1,0,0,0
0.15645027388824334,968,3,3,4,1.8814583276210535,0.08056397706430851,0,0,0,0
1.0434668577712702,965,29,27,1,0.03817526675189875,1.582243540674619,0,0,0,0
0.10130571141612853,1208,30,10,5,0.001,1.5626904801922747,0,0,2,0
0.1789652300395234,315,11,4,3,0.12066997693052153,1.286617605459259,1,0,1,0
0.3327664871115796,589,19,9,4,0.1546716964813325,0.5468472939953357,1,0,2,0
0.3574380796692779,1793,11,16,10,0.14286695649789466,1.8775786617094943,1,0,0,0
0.06898195370187782,288,40,2,3,0.008249873916682204,1.5623209474494688,0,0,1,0
0.2629080743038325,1563,1,25,13,0.291637997531572,0.48938310926028183,0,1,2,0
0.1675089645121938,1051,32,18,12,0.5894729144073333,1.8865572090281935,1,0,1,0
0.6178845313685549,1046,39,7,22,0.1426812999310566,0.46434597061661576,0,0,2,0
0.10173255125667337,786,36,23,20,0.10470840814561125,0.6919846923226851,0,0,0,0
0.15409787154150284,1167,1,18,9,0.06633986869731599,1.2180470460195654,0,0,0,0
0.44622325228501614,1151,29,5,15,0.06482072562920257,0.4821802990747095,0,0,2,0
0.44425452346212496,1136,5,23,2,0.04754542043322538,0.9825828450904481,1,0,2,0
0.08392587362282147,154,22,6,9,0.29111237063749423,1.1656818839881666,0,0,0,0
1.7630537954409564,6,118,43,0,5.476684307744249,3.6961655299781055,1,1,11,1
0.5006818486725115,686,32,16,22,0.1395916923676119,1.1944065645042006,0,0,1,0
0.05397759475397189,209,44,11,5,0.06910521536224794,1.890374107355651,0,0,0,0
0.8789987215553503,575,25,25,15,1.056094820592007,1.5107288741565417,0,0,2,0
0.47976474718186923,252,23,6,18,0.15866205388700788,1.4403733591951358,0,0,1,0
0.01687630960528036,193,11,19,10,0.09092152257901265,1.635665557482948,1,0,2,0
0.45230864856457315,1429,34,12,6,0.11831944931274752,1.1466916168399424,0,0,1,0
1.9494135965414328,349,34,24,24,0.18448259305332115,0.2310758464125835,0,0,0,0
0.6518794009673784,1093,24,9,17,0.40880173066936765,1.8203947615931046,1,0,0,0
0.49099289432611753,682,43,3,8,0.04276421480695991,1.230601041880886,0,0,2,0
0.5,12,168,46,2,3.21834040989099,3.6836889740091685,1,1,10,1
0.6991555226448245,368,7,3,16,1.482471477384084,0.05284475018795187,1,0,2,0
0.3181802484135376,936,46,22,2,0.3591833589615908,0.5076781631717873,1,0,0,0
0.18822249106318525,1330,17,25,21,0.001,1.2866903306130724,0,0,1,0
0.5,13,171,30,4,1.9224518141361056,9.493519868140002,1,0,6,1
0.16409020612627184,434,23,12,2,0.3707471652143642,1.115433570301505,0,1,1,0
0.14221685722856123,1229,48,25,12,0.244929279769964,0.21269733129966428,0,0,2,0
0.09766664802022348,345,18,9,17,0.030888904877667735,0.5847986272477514,0,0,1,0
0.3359044828019839,664,39,9,16,1.2163441960537194,1.5466024176339412,0,0,2,0
0.13068812059864285,641,5,7,3,0.05224183942075361,0.6133564700880225,0,0,2,0
0.7809430762942224,1741,7,6,16,0.49022775491607934,0.8015818899689873,1,0,2,0
0.33767304482344684,1720,7,1,23,0.19820731396949678,0.22321933322373577,0,0,1,0
0.9006935435811958,1744,3,26,21,0.0938878598260531,0.6200508667425693,1,0,1,0
0.13067832621562808,263,27,22,23,0.08460591025367566,0.36925708662944934,0,1,2,0
0.27707227503491527,647,43,14,18,0.2965136660414325,0.4458129285640797,0,0,0,0
0.2796157563870309,1326,41,3,11,0.4282163251424124,1.708962190534145,0,0,0,0
0.07250045038303667,353,16,16,1,0.5243440237767963,0.2899558908535136,0,0,0,0
0.3009388867461697,260,37,20,22,0.14764506144626066,1.8076070323384354,1,0,2,0
0.10948462850360546,82,9,10,18,0.6525307745803942,1.8104102636351254,0,0,2,0
0.033713793909555256,69,18,22,10,0.11262272670790521,0.9306717238272215,1,0,0,0
3.4269515920759295,19,175,43,3,4.6264422261419575,4.053424849735207,0,1,9,1
0.14972888842034304,85,28,29,6,0.06290930213182498,1.3273583387130559,0,0,2,0
0.2707668195564177,1522,1,2,19,0.9146522194345755,1.4978963765053146,0,1,1,0
0.39893978583499823,1325,17,25,2,0.005359666583406054,0.7532511280969365,0,0,1,0
0.011191546944112198,1739,37,12,23,0.024761203952702943,1.6075446027045914,0,0,2,0
0.363127936279084,1249,35,24,11,0.3861802720222645,1.0390743521134074,0,0,0,0
0.603939982992444,1166,13,14,24,0.1717804400725484,1.040105483074427,0,0,2,0
0.25348687125828057,574,37,14,23,0.39281265002476373,0.15762459940395535,0,0,0,0
0.03512382514555415,571,7,17,1,0.41603730487146084,0.9875478411373115,0,0,2,0
0.43170701330471734,1624,5,21,3,0.6777160613922949,0.17758621483381853,1,0,2,0
0.5,25,147,17,0,0.9906480434302016,3.1671755091595664,1,1,14,1
0.4170616230474973,1790,7,14,22,0.304349437799016,1.3435193568088404,0,0,2,0
0.2546095554848561,1580,9,8,19,0.5451205766685232,1.8943612996526626,1,0,0,0
0.5438765375510782,1498,8,9,23,0.014441185143364454,1.8146334399590867,1,0,2,0
0.5882690535499077,1286,27,7,15,0.5226678355191431,1.2032931123531339,0,0,2,0
0.32819354537865886,571,23,6,3,1.6088409674265973,1.5884677712948305,0,0,1,0
0.18570236523790748,1570,3,27,11,0.25013651802663145,0.9707889195283765,0,0,1,0
0.3502790480793469,1471,34,24,4,0.07777191078923157,1.899165697891504,0,0,1,0
1.399002329675527,1779,13,4,13,0.05883393308403759,0.2281811655465511,0,0,1,0
0.26050711974117824,639,6,23,9,0.4412900010699652,1.238518293872912,0,1,1,0
0.35223972788543007,65,8,22,9,0.25942217495142156,0.8648152975865913,1,0,1,0
0.7484050472130261,9,147,74,2,0.5750335677619366,5.2731805714652085,1,0,5,1
0.32317989334513086,1443,45,25,18,1.3187077848509632,1.279475994756749,0,0,0,0
0.14161839422852346,1741,45,24,23,0.5750843321852849,0.12830289473046963,1,0,2,0
0.011362794738770058,721,10,8,18,0.8849980760398941,1.5785415761245727,0,0,0,0
0.6277842512395934,28,192,37,3,5.578713997037456,4.440586214896922,0,1,14,1
2.8800628198560476,406,6,15,19,1.452560204154258,0.07175459275995943,0,0,2,0
2.471701329353366,11,26,15,4,0.4490311558739042,8.076372020250922,1,1,13,1
0.13748093444425483,1735,38,5,8,0.19455750270703953,1.762520652536465,0,0,2,0
0.24548923925152416,1029,15,11,3,0.3896044184444644,0.6413533607014772,1,0,1,0
0.27901896679742383,514,9,5,22,0.528712299296035,0.7640384278259773,0,1,0,0
2.2989580116281476,21,118,70,2,1.2839301724873289,9.951529939063976,1,1,6,1
0.12621539459054631,1679,18,17,16,0.04974301235892342,1.1309946104141912,0,0,1,0
2.3857762743172564,485,13,19,10,1.3007252295979843,0.9612302404094162,1,0,2,0
0.11378596725190913,1573,39,11,11,0.04611653570672457,1.2078077417507798,0,0,1,0
0.8741555120494632,978,36,14,12,0.427989170493696,0.7832126130491592,0,0,2,0
0.8126136784533081,1473,43,15,2,0.12973747114766185,1.0027518790915666,0,0,1,0
0.001,1346,24,2,22,0.05016247887385862,1.4141682024296873,0,0,0,0
0.36532902099460907,638,18,15,2,0.5032087334388078,1.7493578077963507,0,0,2,0
0.10496615010677705,822,46,6,13,0.20778405390532867,0.5562872179570657,0,0,2,0
0.3942037371518962,1635,48,28,5,0.673628179177485,0.8664208034292176,1,0,0,0
0.10748560735327195,138,29,19,5,0.13364095559061628,0.3539923827808906,1,0,2,0
0.7156265334138119,255,16,1,5,0.10387381457724432,1.27115307474915,0,0,1,0
0.5196671340724831,709,22,15,19,0.6969628885991808,1.5732533292871986,0,0,2,0
0.020180585026108793,1047,41,23,22,0.699024715825502,1.8624893931482718,0,0,0,0
0.6528314543939995,1315,15,16,2,0.1451458226380485,0.24657962351005613,0,1,1,0
0.5521733194204588,1083,5,14,11,0.20926525044685385,1.2278961133870376,0,0,0,0
0.5903238627443741,1200,29,26,21,0.2258900728678107,0.07631794710808015,0,0,0,0
0.07715382727105968,820,20,19,18,0.2578769036421366,1.9272630241596747,1,0,2,0
0.2500708965940357,749,36,27,17,0.2658554552511129,1.3984088555036622,0,0,1,0
0.43944546318912164,1079,8,5,18,0.13989693649858323,1.9650090470468953,1,0,0,0
0.24061726657540597,1321,42,11,23,0.4394933600824622,1.9069677757558365,1,0,2,0
0.6224112211387216,1195,43,11,13,0.039197100643844345,1.6689010800894657,1,0,1,0
0.29128077913034045,542,36,21,16,0.18083589370312356,1.528669625706892,0,0,2,0
1.0779732650770166,722,2,3,23,0.7407803194206074,0.0570570178595573,0,0,2,0
1.4105415736366516,149,48,11,3,0.1404832401928627,0.7769555003681963,1,0,1,0
0.2120915968966317,352,47,16,7,1.26128775558859,1.8419449384223048,0,0,2,0
0.007613006942445557,1119,8,11,21,0.5726982244834627,0.429069556453227,0,1,0,0
0.02639763904988734,506,17,10,17,0.9665734374990793,1.920803637721637,1,0,2,0
0.4600914975811219,685,38,19,3,0.010406303206737914,1.8275210484641613,0,0,2,0
0.20932793851026205,664,6,22,15,0.05423651039594412,0.9158792786400316,1,0,1,0
0.06412330583295656,301,10,9,5,2.268223582750532,0.1576477909067,0,0,1,0
0.31293646399120445,1089,24,4,16,1.4462795924436909,1.8889915226943597,0,0,2,0
0.30741315921204126,393,48,7,8,0.5896642838652396,1.4617137416292232,0,0,0,0
0.6687680215078304,1472,1,19,4,0.17861005954310016,0.8968012508294823,0,0,2,0
0.787166721608737,912,39,26,24,0.0401226386882229,1.9398628887513214,0,0,2,0
0.18342595080194485,327,40,15,16,0.18467956999787571,1.1074105533515022,1,0,2,0
0.43622081917139954,1529,18,15,16,0.5296852939036188,0.21396241747461464,1,0,1,0
0.2738493506770124,292,40,17,16,2.1872526350148105,0.29141954573745776,1,0,1,0
0.09301932724919808,171,41,21,10,0.10826871196266455,0.09323152969134973,0,0,0,0
0.36027755154531166,470,36,9,19,0.02648903909345114,1.31409011553724,0,0,1,0
0.48162082224924857,277,10,11,18,0.07987429647109323,1.132555809233325,0,0,2,0
0.3958383335604154,274,2,21,3,0.667611643276397,1.440476151890241,1,0,0,0
11.842425500271496,11,141,64,2,0.8632541095655631,3.812357207681627,0,0,13,1
0.5,20,135,85,0,0.5144923664288922,3.3886779427938984,1,0,17,1
0.06950631687899746,1106,42,15,11,0.3340279014281128,0.6364023318861323,0,1,0,0
0.38827734557429733,1030,34,1,7,0.04288193682194574,0.7663116175252269,1,0,1,0
1.8862817378428323,1635,38,6,17,0.1653704935657534,1.2190763062758985,1,0,1,0
2.2781895003212815,15,105,18,3,0.5959615636823267,9.90698171087849,1,1,12,1
1.6623599942560743,181,32,4,9,0.6962622598520543,0.5314967150060084,1,0,2,0
1.1504599685044135,1416,28,18,10,0.08100734897473992,0.715161737391171,0,0,0,0
0.3951018022246207,253,9,16,15,0.11969489184912536,0.07329244763825793,0,0,1,0
0.5640633958087998,1189,36,16,17,0.5357693224142386,1.8505796696201766,0,0,0,0
3.781209905215019,23,187,36,1,3.036244064838151,8.830281780946821,1,1,16,1
0.34668635507154194,756,45,10,9,0.20311424816179807,0.10794327298999251,0,0,2,0
0.12934337306969068,1338,20,12,21,0.19601901026192192,0.8598921179135457,1,0,0,0
0.0853364082776158,319,47,3,7,0.28087479021707124,1.3854269277524933,0,1,1,0
1.0920657427566516,1785,17,26,23,0.15390191395849406,1.741587092154166,0,0,2,0
0.22966675313330256,1610,13,26,17,0.3039978945463931,0.10640840371539895,0,0,1,0
1.912177646436783,7,68,69,1,1.5974667843185986,6.772071733370791,1,1,17,1
0.43233176760201775,708,17,5,24,0.6287468696933094,0.07901443890790971,0,0,1,0
0.10677549049754753,1695,49,23,6,0.5207464666081244,0.028998035646315756,0,0,1,0
0.2704371135146974,334,44,19,18,0.5129590075084951,0.6672261975281266,0,0,1,0
1.3434772397732366,11,148,21,2,0.8743903359901424,7.375181936604134,0,1,5,1
0.7307016166744829,1165,3,22,15,0.25355868028321804,1.0045123089295211,1,0,1,0
0.33382017593608565,1391,9,21,16,0.1635155729424379,1.0678468939821466,0,0,2,0
0.5347336628591614,13,75,23,0,0.4730216763889975,9.040759876007282,1,1,10,1
0.9996265959284821,386,28,22,6,0.40437074277835,1.8525496466860263,1,0,1,0
0.58412212568912,558,29,26,21,0.2940551440034724,0.10021887808213514,0,0,2,0
0.9426060119679296,478,33,1,11,0.43088493820332624,0.44321515462481753,0,0,1,0
0.5894107541012077,234,39,12,19,0.44739436373870944,1.000050705125391,0,0,0,0
1.3403906033051407,744,47,18,3,0.10018612450403608,1.6356249277645245,0,0,1,0
0.9220385706607389,660,22,10,2,0.0769165463563116,1.3269691302179227,1,0,1,0
0.33574020519313374,611,18,20,4,0.8326357911074983,1.5725466264624182,0,0,2,0
0.34295297801309443,349,8,22,13,0.8858493706401727,1.4942855798923114,0,0,1,0
0.2996821481518088,1579,42,9,3,0.13551008219499383,1.3600051830635354,0,0,2,0
1.2086624997884363,12,184,97,4,0.22467388679348105,7.7144392804576825,0,1,4,1
0.5506981585861535,427,21,19,2,1.391671349530601,0.8725718896206431,0,0,0,0
0.6595285534958936,1019,18,11,2,1.1262707801238807,0.04269219885672704,0,0,0,0
3.685422921256798,7,44,32,2,0.36158478453688087,7.421286660276964,0,1,9,1
0.13332426819546542,785,9,11,15,0.10957339824159754,0.017845610163129022,0,0,2,0
0.01453546083980355,360,15,9,11,0.29747827189063797,0.29060126536231556,0,0,2,0
0.03000125530714296,1583,32,3,2,1.0453644533431439,0.47982860644396474,0,0,2,0
0.08818637500620277,624,1,1,8,0.02837705031399388,1.4780305793646993,0,0,2,0
0.22984952708610068,595,43,22,20,0.06914281669003361,1.308689498273189,0,0,2,0
0.5087825088650514,581,27,4,24,1.2852620324297621,1.675436597050167,0,0,0,0
0.07462864465715478,1772,19,10,3,0.5663037285440631,0.8434535913746306,0,0,2,0
1.975116872077444,25,137,67,0,0.6178434395482326,4.191897397216174,1,1,7,1
1.5194435146123066,8,96,79,0,0.6910465859163131,7.829671789963789,1,1,12,1
0.4554128628821411,1130,45,27,23,0.04121179932497842,1.2417223727953206,0,0,0,0
0.6986314234669494,107,19,12,24,0.20053677061636904,0.7294092644461287,1,0,1,0
0.001,1616,10,6,14,0.19883032157412964,0.5512560379042024,0,0,2,0
0.391147292843563,594,29,6,8,0.7685384514974991,1.4913336743120968,1,0,0,0
0.6351367952496542,1170,28,1,8,0.06470136690841675,1.1476646351743531,0,0,0,0
0.6492457117101071,824,39,1,1,1.945403288472125,0.05636709462546463,0,1,0,0
0.028907826423977497,1251,29,23,14,0.6833951663011892,0.8876308357641005,1,0,0,0
0.4748154952106525,220,32,22,7,0.17062103472632495,0.3267867813169538,1,0,0,0
0.5,19,52,25,1,0.1,4.565305145409255,1,1,11,1
0.18229906097380108,1488,39,20,10,0.03328918020318851,1.4939383372458614,0,0,2,0
1.4123980180792615,1277,13,9,2,0.02073426835578337,1.8668386232544318,1,0,0,0
0.01288857719833833,343,24,6,3,1.0434835286714452,1.3585226453086952,0,0,0,0
0.27601656265248686,1616,31,28,23,0.10387820616983041,1.2864620053219333,0,0,1,0
0.2180736200608797,1746,30,16,12,0.6156723634654787,1.8252416861694993,1,0,2,0
0.35212508737789183,579,32,18,22,0.07039318231326828,1.788552647048614,0,0,0,0
0.0670436574455666,293,19,25,23,0.5266798714849056,1.4059863684462008,0,0,2,0
0.04781847327015972,1198,12,7,19,0.003372373091324224,0.937795089024392,0,0,2,0
0.5165824677438626,19,45,20,1,0.3603448175794095,4.3351314474144464,1,1,11,1
0.22555741273731172,393,14,25,18,0.32390568600530106,1.832239166867466,1,0,2,0
2.9359267299804666,1245,18,24,20,0.813687954764327,1.3353068551557616,1,0,0,0
2.335801232092294,380,32,14,14,0.5260849856426545,0.3560170189411971,0,0,0,0
0.220899500324707,606,42,16,10,0.9952955606446084,0.6816692549320229,0,1,1,0
0.5907951561905151,123,39,14,4,0.11818725995726292,1.041919923207436,0,0,1,0
0.9496201427597034,561,11,26,3,0.03707611292208232,0.8517923243427434,1,1,0,0
0.39033492307586826,885,16,21,19,1.1039578663559406,1.1960443755639167,0,0,1,0
0.29262527747851663,757,26,28,11,0.494360044229025,1.3728724870788298,0,0,1,0
0.015722522362918268,1057,46,23,15,0.9687532588461562,1.2472554990357314,0,1,2,0
0.2894321310163358,709,49,10,14,0.15367808835336977,0.12132658786959927,0,0,0,0
1.1307970678633341,1251,8,2,16,0.2831279371359314,1.6885529799783596,0,0,1,0
0.41298376851761176,1680,3,21,8,0.30543585860398403,0.45853085930761517,0,0,1,0
0.4621011094925578,1694,36,15,6,0.626529662453545,0.6810732231471792,0,0,1,0
0.13194833147064441,1086,33,23,5,0.1759771017665852,1.266875637739437,1,0,0,0
0.9404515398126733,98,22,10,18,0.5360040429601187,0.767937235912783,1,0,2,0
0.16427795745700968,1292,17,19,18,0.6041379541529973,0.554670774446151,0,0,1,0
0.5554345367167047,500,27,24,11,0.49695127234803005,0.9645560547121306,0,0,1,0
0.6055880891461214,11,127,74,0,0.40912888863443414,7.3224403058876435,1,1,8,1
0.40648887250415977,1343,17,20,23,0.7158122137208216,1.2858042163085042,0,0,0,0
0.3812069290245141,1311,28,7,22,0.29289467808000685,0.8994102897673544,0,0,0,0
0.0754254552689986,1518,1,11,6,0.08445889418616648,0.14940432179205487,0,0,1,0
0.6861013164893697,1077,12,24,15,0.15523978326920843,1.2906509188391762,0,0,0,0
1.0050908730809611,870,21,2,7,0.924060559782001,1.6093695929061043,1,0,1,0
0.7151425779672395,1788,8,9,6,0.4393730548912066,0.12447861424811935,0,0,0,0
1.2989381065270587,1220,26,4,12,0.1331920874704771,1.6824236738120286,1,0,1,0
0.6134562872142879,1076,40,28,5,0.001,0.9113948522259077,1,0,2,0
2.1176361892871625,187,20,19,23,0.4593259022978014,1.172380709591852,0,0,0,0
0.5144011549014362,1405,13,7,13,0.18653821881242286,0.2279465042740183,0,0,0,0
0.18000686241447333,1387,40,7,13,0.33778370953051295,1.9704513354508122,1,0,0,0
0.14940550440639475,367,6,24,21,0.047624243957971206,0.9264786945047208,1,1,0,0
0.32786944681838515,377,12,9,9,0.3516802679775372,1.5442797602368319,0,0,1,0
0.5072309117561081,872,16,19,16,0.3656778391873754,1.8590945686496625,0,0,1,0
0.2635019740558731,1160,24,27,12,1.0857924367369998,0.3811058846994382,0,0,0,0
0.00901780141597453,1350,12,24,1,0.5902462701891521,0.43322331636211153,1,1,2,0
0.02719426910483822,1348,35,18,1,0.9373328098202315,0.4746315179018239,0,0,0,0
0.5629859393851313,67,17,26,22,0.16337509354995414,0.05728929593931187,0,0,1,0
0.8594225529880499,27,22,80,3,0.6953427675583769,4.9890436424755205,0,0,4,1
1.668782581026049,968,17,20,11,0.7998167450991395,1.6568760054874447,0,0,2,0
1.2211619524350301,227,19,6,20,0.27923475182829,1.6226080213788954,1,0,0,0
0.36532030486212863,1418,28,2,8,0.01474283376828203,0.7912255950545095,0,0,0,0
0.16814185856311029,1611,17,17,20,0.34637915982170175,0.7320143776788424,0,0,2,0
1.0155203773885002,998,10,8,4,0.12617131973960768,1.6099061790174984,0,0,0,0
0.2474568184908619,714,49,23,2,1.069878117429123,0.6361201409717709,0,0,1,0
0.03721919846375493,904,23,11,10,0.20378528103821347,1.1417405134132674,1,0,1,0
0.22835633342589992,976,45,27,18,0.07412207983255552,1.2749505154152996,1,0,1,0
0.6588038895652368,1472,43,6,9,0.3442569408517228,0.9385358489745048,0,0,0,0
4.209666723302304,24,83,34,1,5.578763415931686,6.449826554758169,0,1,8,1
0.10155582409906039,924,24,3,11,0.043888642460321106,0.3387878447197581,0,0,0,0
0.2734862969378544,204,37,4,16,0.2568834603931715,1.0034793154140675,1,0,1,0
0.6319764045182417,1350,31,4,11,0.08268698708326251,1.033650440048039,0,1,0,0
1.6358548756225146,482,38,14,2,0.018801062319174486,0.787451170471799,1,0,0,0
0.22821728131459307,1015,24,7,6,0.4287366495020648,1.5243962109866178,0,0,2,0
0.4901418991912105,1103,5,1,1,0.733762077290091,0.9877697885266516,0,0,2,0
0.05934651069514229,980,26,29,9,0.1678667529609455,1.6844822781514028,1,0,2,0
0.5,17,48,54,3,3.3098117722954097,2.5518280908647544,1,1,18,1
0.5720706755101758,1443,25,18,4,0.7879397585395312,0.7488271679428236,0,0,0,0
4.694838607487361,2,193,47,1,1.4147075812131313,6.402119114614031,1,1,13,1
0.02092074777258201,1427,36,2,19,0.5959527955113996,1.382382173305492,0,0,0,0
0.09362781064946929,960,11,20,14,0.8120395719340637,1.746657905819851,0,0,1,0
1.4662259804712816,1022,46,22,2,2.0104590783636502,1.870063315265713,0,1,0,0
0.2518793515606484,901,37,3,21,0.12242544309419766,1.947951062573395,0,0,2,0
0.27791006249478595,1271,44,15,18,2.0605103524641306,0.35553256977728775,1,0,2,0
0.16788030681875032,714,35,27,13,0.005732631681258573,1.5008217973025344,0,0,0,0
0.7579194241744998,335,35,24,21,0.510458130164042,0.17348838269589528,0,0,1,0
5.564250604301813,19,29,58,0,0.4472584007617774,3.8003483137699225,1,1,4,1
0.4581710517459567,1259,31,24,16,0.11220642954019758,0.43988687466597165,1,0,0,0
0.4882937419034039,1643,39,28,20,1.262966568223999,0.9634326385050966,0,0,1,0
0.15516466455118114,1727,44,12,17,0.30033620029768526,1.4478055997869306,0,0,2,0
0.22274617115747455,191,22,13,2,0.6581979274721483,0.3195098844359694,0,1,2,0
0.3300311490037453,502,5,24,8,0.17441667181600945,0.9972875017792524,0,0,1,0
0.5903054343219857,1543,34,8,21,0.17460499922629197,0.26044214507984265,0,0,1,0
0.6407393106517775,1180,30,24,1,0.7916431883630229,0.18424682965753592,0,1,2,0
0.7062187429746098,563,37,14,9,0.7777718103621472,1.6483280797423314,1,0,1,0
0.4536575662909962,876,42,5,24,0.3138132885229414,0.2713751926305761,1,1,2,0
0.12982388548195847,920,9,5,1,0.04717086014715176,1.6076321592725902,1,0,0,0
1.9918490454528397,786,2,7,23,0.2269888659778938,1.6598704067575105,0,0,0,0
0.08237995077833649,1252,17,28,16,0.07121932300994159,1.5247949550922968,0,0,2,0
0.4871545980434359,1278,7,26,12,0.2403300587046763,0.7297822321701901,0,0,1,0
0.9937398381162951,410,23,23,23,0.540775415258238,0.8201285652757662,1,0,0,0
0.29156708954102706,1079,16,22,10,0.12474046839179967,1.3241944326917259,0,0,0,0
0.6299636365570295,451,21,25,7,1.446681257302119,1.2352756343755757,1,0,1,0
0.5,24,147,36,0,1.6906792921601943,3.2559606002714014,0,1,5,1
0.821776142717993,727,19,19,5,0.5386168716329724,1.0771116549062318,0,0,2,0
0.0625306819020371,232,11,17,12,0.5974571763206651,0.7244944608736996,0,0,0,0
0.1482134737918257,1154,9,1,16,0.061357730620682595,1.553759652861148,0,0,0,0
0.9812844846287538,109,42,25,1,0.8247795220749364,0.8229174741855299,0,0,2,0
0.2536289968712152,1558,11,4,5,0.9985547432253175,1.632830768162546,0,0,1,0
0.0960534092700986,1732,4,13,21,0.7366001778022164,0.956115897650764,0,0,2,0
0.11983004068942896,1542,45,20,15,0.552180547806957,0.6220069726042363,0,0,0,0
0.3152933847693525,1156,32,1,5,0.6080000519687562,1.9273802365782304,1,0,1,0
0.47518474426559437,1061,42,24,6,0.1181250471978877,0.44135119458442706,1,0,2,0
0.09091403749788478,797,17,21,22,0.25903047040036736,1.28500814561181,0,0,2,0
0.12010852277966627,921,46,29,21,0.04222661667743531,0.9215334444395029,0,0,1,0
2.067994798000141,1539,24,17,24,0.26224795696801756,0.5706470525399225,0,0,1,0
0.01486862227897426,1267,6,15,10,0.5113800571090875,0.7594236711384403,0,0,2,0
0.5574615488044748,650,15,19,14,1.2371643063944913,0.784342691444323,0,1,1,0
6.966428292628885,7,183,64,1,6.456001024820522,5.090606817808017,1,1,11,1
4.569805403758816,4,70,99,0,0.34325261795711076,5.932776613544208,1,1,5,1
0.17346679430625842,1559,13,12,9,0.4515362249634789,1.7006913229337326,0,0,1,0
0.526166020205132,780,9,26,14,0.1925821364857124,1.863440793216736,0,0,2,0
0.6258082217665366,448,31,4,17,0.0177228022196921,0.04787893314954883,0,0,0,0
0.48572260744959167,638,29,29,8,0.04101518272189991,0.6181134320603783,0,1,1,0
0.3264394486785307,1007,6,24,3,0.19888522893629657,1.120136759675656,0,0,2,0
0.28214297415654244,916,20,3,19,0.534175305053359,0.6784266969843993,0,0,0,0
0.444503206867631,573,5,20,12,0.4127909033044329,1.7460965515739437,0,0,1,0
1.3042483675159762,7,188,47,2,1.0690866607639686,3.9579555216229902,0,1,10,1
0.03809726391944544,985,46,11,9,0.04307685346708331,0.08142194736827313,1,0,1,0
0.24952685018443055,118,28,27,7,0.22868591891709855,0.3838885757260484,1,0,2,0
0.18963063511938427,660,40,10,15,0.7935447004741801,0.8988311763731651,0,0,1,0
0.6405474065485159,1566,30,3,9,0.2953660287001757,0.09668581287611411,0,0,1,0
0.45479707497006283,1487,41,11,2,0.458092435740697,0.6069552836161285,0,0,0,0
0.26806979995637875,1641,32,8,16,0.39668380535204717,0.11533869565569344,0,0,2,0
0.30553519731613243,726,38,22,23,0.5858436241799112,1.634202640350319,0,0,1,0
0.28803765409826504,1616,8,6,19,1.5553179185213832,1.1168211845514229,0,0,1,0
0.27853291154740617,585,29,15,22,0.14380450560325528,0.20812901717749477,1,0,1,0
8.600720449683847,26,175,57,0,1.60088617928623,8.412733821859735,1,1,18,1
0.10542697055766685,1267,28,9,2,0.5368512166045156,1.9757789339674532,1,0,1,0
0.5017431369788298,1019,8,17,9,0.03466095365567851,0.09958084584320792,0,0,2,0
0.4950042355320459,339,37,21,6,0.21180371408947335,1.6636851260884546,0,0,1,0
0.48742810127701885,253,38,27,2,0.41328644961659483,1.865288492632968,0,0,2,0
0.1566663983062287,790,29,22,24,0.19992759880065028,0.42138269369216896,0,0,1,0
1.476878517772499,342,48,10,20,0.11677582687093363,1.1932187299972168,0,0,0,0
0.28899171563665066,1352,5,21,13,0.495589327567872,1.827117388380487,1,0,2,0
0.4354494712378506,1004,45,10,6,0.4124958880774277,1.284139999197459,0,0,1,0
0.02097504704036516,954,47,24,8,0.22650333360776664,0.20949141787796322,1,0,0,0
0.14957867357159796,1603,18,11,7,0.3136990205722407,0.8047326860388035,1,1,0,0
0.22216210155004065,1682,21,9,17,0.40341295257402376,0.7090799195038946,1,1,1,0
0.5558684917512197,97,39,5,14,0.21608068402491454,1.9750230812622949,0,0,0,0
0.28349651529765896,650,37,7,12,0.21980890196658281,1.5172117025560057,0,0,1,0
0.8759360493377886,905,4,27,21,0.6437625490455813,1.887731346172126,0,0,2,0
0.14361975777006006,503,19,14,8,0.5561405081116496,1.8941184474172346,0,0,0,0
0.10989581923801033,1764,25,29,6,0.5180700377312223,0.6139521298871908,0,0,1,0
1.392774722954687,994,25,11,23,0.1582827363435927,1.920064910938157,0,0,2,0
1.0360215818686789,1291,19,25,7,0.4904611967271466,0.6443686289761144,1,0,2,0
0.5447639199060925,1244,13,13,1,0.21255647035119707,0.6389030034254986,0,1,0,0
0.45494220136248836,1081,40,5,7,0.1506165009733324,0.009685357526560079,1,0,0,0
1.2770302977453767,15,169,39,4,0.1,9.998928535897505,1,1,6,1
1.4999826688249271,1304,12,19,9,0.6340856026390893,0.7688195943371288,1,0,1,0
0.7725817788744433,1070,3,25,11,0.12040922231598848,0.8826884930857217,0,0,2,0
0.004980066673638775,909,33,22,2,1.227538561171276,0.35317862106763864,0,0,0,0
1.796083130004628,842,6,20,17,0.08104963602617997,1.8211866650511679,1,0,1,0
0.06368619680775095,1360,22,26,19,0.3146623824557997,1.733885012691529,1,0,1,0
0.17064715619972592,1084,24,20,19,0.20886714578491913,1.2686185426454681,0,0,0,0
0.7176044555729651,110,33,29,3,0.2527794896584467,0.6520234233035225,0,0,0,0
0.7536963185145713,11,73,81,4,0.3505864490384924,6.404732569183859,1,1,6,1
4.5224131230406535,29,149,79,4,3.160542450526998,4.534910044334804,1,0,3,1
0.4776431677739809,927,12,10,1,1.4548549569364075,1.8021797233195895,0,0,0,0
0.4382619835734714,184,7,15,1,0.6441957517645973,1.291004443677065,1,0,1,0
0.06457362922081376,1536,4,11,15,0.06483002838375364,0.739306739584739,0,0,1,0
0.03905525289612351,1510,22,29,22,0.3909122581832657,1.5611505464876934,0,0,2,0
0.1480536495158969,464,28,29,14,1.3800031650635594,1.2993910351688047,0,0,0,0
4.755860764712799,9,178,67,0,0.9885561162461155,6.233470838520373,1,1,7,1
1.1610888745885164,1519,45,14,24,0.4692875339457485,0.6428039833156887,0,0,0,0
0.20270744958722076,1766,10,14,18,0.2659393833205396,0.7992046845422711,1,1,0,0
0.1304215155550323,1297,34,18,7,0.3175714472857114,0.23154206958916212,1,0,0,0
0.33103082979245463,1742,40,15,23,0.7943514638273763,1.3382858553894024,0,0,1,0
0.028150263925654836,1492,9,19,16,0.19261885561078623,0.9700772183086894,1,0,2,0
0.3857621107536396,1714,33,28,13,0.10370784224499868,0.3868366760769175,0,0,1,0
0.43227208579105764,1081,29,25,13,0.4565404627713309,1.141170995729605,1,0,2,0
0.6881144701949212,821,19,18,6,0.2807419753080937,0.7930586056624682,0,0,0,0
0.5912848094443427,577,49,14,15,0.4080972013909501,1.2639485383042297,0,0,0,0
0.47126988129455,1060,28,2,15,0.3709310784929096,0.41263078988742685,0,0,1,0
2.4227070263269304,1215,25,15,21,0.21066973412731907,0.9364788882567345,1,0,2,0
0.2341535055413361,1458,4,25,21,0.03576035050148938,0.8739403398865302,0,0,1,0
0.5,10,69,61,4,0.4406282238989221,7.664175915428912,1,1,11,1
0.1724173575372291,766,27,12,5,0.4339550146783664,0.018297071452074487,0,0,0,0
0.0034882045908253235,208,48,12,3,0.8307585634049899,0.5682436255499574,0,0,2,0
1.283835665928019,923,38,8,15,0.8837993622304441,1.531111442082522,0,0,2,0
0.03165610447526569,65,35,4,6,0.28351328820072697,1.942727716269051,1,0,2,0
0.004621743663778181,1049,29,12,13,0.5687784451557711,1.7022826384818066,0,1,1,0
0.18973288306166458,1492,21,9,16,0.7993116057552783,1.2168914520024354,0,1,2,0
0.7247583134383784,428,3,24,1,0.041413543200905734,1.549182062221199,1,0,2,0
0.5189783790103036,525,5,13,5,0.03832661996896627,0.9628253495203822,0,1,2,0
0.4533467781591341,761,41,9,7,0.16226717534161594,0.059227934982363895,0,0,1,0
0.3369787326945151,1668,33,16,24,0.28181849204532816,0.39578538352580006,0,0,0,0
3.9265438436774245,27,132,47,0,2.1088947618714933,9.650386475599479,1,1,12,1
0.5821929417789845,1172,12,16,13,0.3751219376880721,1.0003946917290074,1,0,1,0
0.3484466251876125,1095,33,3,17,0.5426116826587924,0.49873689948539757,1,0,2,0
2.2914270994588413,4,43,73,4,5.428396856630671,9.075384751258692,1,1,7,1
0.3034451838415383,126,46,22,6,0.2104131895086681,0.9007626462913483,1,0,0,0
0.2807585082092952,434,30,26,22,0.2740831483844243,1.654730707055993,0,0,1,0
3.854969836297423,2,78,50,4,5.495478423864723,8.415397645770788,1,1,5,1
0.0641709208320572,1454,43,3,15,0.03618669187695917,0.35999269513173804,1,0,1,0
1.0720924021142206,1146,13,14,20,1.3300886829096594,0.5945817684220733,0,0,0,0
0.28646269754555603,469,9,3,8,0.8086190005988301,1.5757781415513468,0,1,0,0
1.0238517762273804,601,40,13,15,0.5986151808906431,1.6513417206862986,0,0,1,0
0.1226006039278473,1538,32,13,5,0.3962968341567587,1.6748179397568406,1,0,1,0
0.15345029413501968,896,13,7,14,0.0371385340176947,1.08738813493272,0,0,0,0
4.364270082801319,4,192,70,4,4.492818675489186,3.6094495448098716,1,1,13,1
0.020212508198851578,193,15,25,19,0.10163695263331603,0.6113723049224453,0,0,1,0
0.25344584071430387,1100,3,9,12,1.3074016907241026,0.10613973123518017,0,0,2,0
0.03794485110692194,1111,24,29,22,0.5171224543926126,0.6492457820997448,0,0,2,0
0.4800494582867339,381,45,21,8,0.25438846275261173,1.1573014568304623,0,0,2,0
0.8625112205608029,1373,11,24,13,0.13440059360001996,1.2644008182023234,0,0,0,0
1.049166853580497,1076,7,8,13,0.08191690739988622,1.315349650257291,0,1,1,0
0.0990128426000182,1352,27,9,20,0.6962314328240105,0.37433514043836347,0,0,0,0
0.1851425549203286,538,36,8,23,0.5033018580886891,0.18200181136943816,0,0,0,0
0.769542190897927,13,76,28,4,0.1,3.657575473058306,0,1,12,1
2.161837532160093,27,118,27,2,1.6766514608086016,2.0113702882246782,1,1,7,1
0.027136176272557683,323,31,18,7,0.20086514566223018,1.6719117989921795,0,0,0,0
0.31810556818619967,516,24,13,7,0.7743346801968547,1.0591609008762901,0,0,1,0
0.12464819983522059,1753,18,7,17,0.5425828662037357,0.5301833379850778,1,0,0,0
0.7223942284153874,12,191,94,4,0.7266763597603896,4.307561788172179,1,1,8,1
0.863491419891449,1122,19,12,8,0.07716636270090255,0.4501937078247167,1,0,1,0
0.3551862353500476,1223,1,1,19,1.3797773208011272,1.1664746077244041,0,0,0,0
0.16092300980850546,1295,36,25,22,0.06297922147943551,0.9656010496048959,1,0,2,0
0.26373577558486444,517,41,11,19,0.02005742825244708,0.7239238724582966,0,1,0,0
0.14161695467034185,1292,18,3,4,0.17738594509151753,0.4407596287324742,0,0,1,0
2.4305587544568388,24,128,27,3,6.164970182079216,9.530221711674503,1,1,17,1
3.0573118688654355,22,136,75,2,0.7272095227062104,9.126867128451234,1,1,16,1
0.3284291801348973,1777,20,2,8,0.32433777129637,0.14562398424972178,1,0,0,0
0.545648631893166,985,4,2,12,0.07484924457561355,0.8854239596796045,1,0,2,0
0.47575944147069743,493,26,12,2,0.30935631393363905,1.8379041201415685,0,0,1,0
0.5043720997085617,958,13,1,8,0.7984046773257677,0.2647061837145255,0,0,0,0
5.6511800142076325,17,50,67,4,4.188777800593777,4.386938843115016,1,1,15,1
0.4669386315128416,1125,12,3,15,0.013876479256794678,0.2527110360287197,0,0,0,0
0.11374696431004255,1126,42,4,13,0.112226806222195,0.4385227544306365,0,0,1,0
0.03285703865134671,1415,12,6,24,0.005103773406601173,1.3283646388712742,0,0,2,0
0.8722375347333888,22,78,47,2,4.3347875491697,2.77335620714568,1,1,9,1
0.09851930272406105,547,28,26,10,0.006519445293622382,1.713785198817138,0,0,2,0
0.5288236504251445,986,39,18,9,0.34689856607358854,1.6044835297961977,0,1,0,0
0.2217541096230726,921,31,21,20,0.05207583528702719,1.383358685226222,1,0,2,0
0.3763818602347772,674,10,3,2,0.3914596171948984,1.8453870268858659,1,0,0,0
0.9382902669376879,729,3,19,14,0.33493191191853716,0.7593200317866249,1,1,0,0
0.9695046841351823,944,19,17,1,0.04855420596785655,1.1469534143003268,0,0,1,0
1.43220101145545,230,6,1,20,0.24688599738561987,0.8312256732017336,0,0,0,0
1.0089750236839574,1192,45,11,4,0.31926010062191645,0.4409591907355703,1,0,0,0
0.37052932239272174,1307,3,11,19,0.11675587580535951,0.9748473969509062,0,0,1,0
0.14291182327326565,1148,16,14,3,0.457813317916174,1.7119240668665083,0,0,2,0
0.5,11,155,74,0,0.9025567463143535,8.610546699733828,1,0,5,1
1.877886636113732,586,32,29,15,0.016512667816814357,1.0192436781151157,0,0,0,0
1.3194979266596996,16,75,13,2,2.1386096687567573,5.876794366875562,1,1,13,1
0.4751970862882183,489,22,16,9,0.15978402794830787,1.3904729084899816,0,0,1,0
0.6803996102227103,1684,29,15,18,0.6148129148066852,0.7718511366355156,0,0,2,0
0.001,1450,33,17,24,0.41828425184950774,0.7217089350479884,1,0,1,0
0.8590030038114677,1257,16,26,20,0.30424731264006794,0.12682136497137986,1,1,2,0
0.40517299694791775,125,24,29,17,0.31819410976919094,1.5359809366448922,0,0,0,0
0.5577531266739928,623,39,14,15,0.3822126581661014,0.5597882033498003,0,0,1,0
0.07338243481399348,1165,19,21,13,0.1589254538111186,0.7359655647340941,1,0,2,0
0.6766964373321207,1217,33,14,8,0.1725207483323974,1.2400300014551202,1,0,2,0
0.5054458292639605,1273,45,29,11,0.01801359509867007,0.8566139598218221,0,0,1,0
0.06049991349774558,1018,29,17,16,0.5974545510667427,0.8104157229157525,1,1,2,0
0.32890675587788964,497,47,16,16,0.3987767742965858,0.5516995741104194,0,0,0,0
0.19196238022691656,1150,40,25,8,0.06702007794968526,0.5861245385647478,1,0,1,0
0.5231244208494754,1696,32,1,23,0.11648317512861911,0.47331805688924056,1,0,2,0
0.4956487874967038,1743,17,12,22,0.1512253229990321,1.4582175368256953,1,0,1,0
0.873015111074391,1657,49,4,16,0.19240031227839882,1.3355108813787122,0,0,2,0
0.653261689668063,1527,24,4,7,0.41423869961677084,0.36866635744336884,0,0,1,0
0.3351995776638009,1228,24,2,22,0.8217664706392583,1.5208970413896383,1,1,1,0
0.0716555586537885,77,38,12,20,0.20346240434374774,1.3219773902896244,1,0,2,0
2.319482619614794,1330,8,14,8,0.07996424230802274,0.8204970697626859,1,0,2,0
0.714162340857189,1112,7,22,17,0.741135042465658,0.7047585826118625,1,0,2,0
0.5471068195079845,998,22,15,18,0.3820637762210941,0.5235330354584264,0,0,1,0
1.4752649925309993,1499,17,18,6,0.02355717775134642,1.5677373882277028,1,0,1,0
1.8744533776833783,1338,33,29,2,0.139272516996717,0.5791803688474673,1,0,1,0
0.8858007855018075,448,44,11,7,0.05303248883652539,1.386740796546913,1,0,0,0
0.12150777348314862,238,20,2,18,0.17140370533104132,0.12393612187826175,0,0,0,0
6.885485005222317,10,71,83,3,3.0113834033411697,6.495476271111072,1,1,14,1
0.10612785050278499,490,8,24,19,0.3935197899115458,1.882272085883863,0,0,0,0
0.047920477802918,1685,28,8,2,0.024739134680455896,1.989985250609476,1,0,2,0
0.19368649544732372,1459,19,25,7,0.09018232328022666,1.3345737081276743,1,0,2,0
0.678768952374661,191,47,14,19,0.010784167337462005,0.9408008392890563,0,0,1,0
0.09608815422728964,1258,31,10,2,1.6278713016969015,1.1886482245724326,1,0,0,0
0.1330416822487637,1021,42,22,12,0.21982996417438733,0.6589385960938954,0,0,0,0
0.7581357835465926,156,14,15,1,0.050166320192174645,1.1811732120943672,1,0,1,0
0.2306799069853607,863,5,12,20,0.06582401532823,1.1025667920587368,0,0,1,0
0.2391756824494026,969,43,13,22,0.4875830124866565,0.4889271964621922,0,1,0,0
0.5414245088142516,1701,42,10,12,0.4519984410893718,0.9645682661749102,0,0,2,0
0.007691273349944534,122,10,8,7,0.2143924691568894,1.484678783826772,0,0,0,0
0.09344348818922593,1462,32,17,12,0.922770711560358,1.0615352196818473,0,0,2,0
0.03480055326070639,1718,42,18,23,0.6109108501516896,0.014827117627919995,1,1,2,0
12.430489297080792,4,155,48,4,0.1,4.270762195536178,1,1,19,1
0.42606180065650184,783,5,24,19,0.21829710939636338,1.6236258347927488,1,0,0,0
0.08990199930991673,1021,17,4,23,0.06399939682793954,0.07527417950385629,0,0,1,0
0.8332808389512327,1194,39,17,11,0.005268281164396218,0.17047679033461582,1,0,2,0
0.001,976,48,27,10,0.47295426846795907,0.377707591444854,0,0,2,0
1.089851540550276,1138,26,7,17,0.21121313988832247,0.2526672828437193,0,0,0,0
0.047937265009403304,1478,22,21,5,0.29532433359793764,0.2599933712563989,1,0,2,0
0.876386775688192,737,8,6,1,0.1859096494507839,1.2256363762221676,0,0,2,0
0.35781260303149065,1732,44,27,2,0.14075530559989355,0.5818592656243153,0,1,0,0
0.5361562999787077,11,194,41,1,4.552209713162064,4.385815193808018,0,0,17,1
0.30748571244227707,1359,16,10,16,0.4876615065292662,1.213999966690117,1,0,2,0
0.3438296392319236,671,6,7,5,0.06262482504119994,1.4949969695068728,1,0,2,0
3.684866460769837,24,123,81,4,2.0247104059299077,5.9066096576520275,1,1,10,1
4.559262088210987,11,122,90,0,0.5644862370958305,3.1487158639997768,1,1,19,1
1.785020511355982,351,24,11,23,0.07212096634466493,0.5545292048802721,0,0,1,0
0.02059375297847147,315,16,18,3,0.17335359707086517,0.8379587113524753,0,0,2,0
1.0496624056457118,893,3,11,8,0.30554514478108996,1.184261702688597,0,0,0,0
1.6041737750956166,840,16,6,7,0.050130196424219044,1.7834417514799272,0,0,1,0
0.040461142216592395,1475,9,9,18,0.5319306669226815,1.623194474930924,0,0,0,0
0.5139040211595745,1679,39,21,6,0.012505111646083492,1.6565616373769116,0,0,1,0
0.2336510937375693,564,44,10,13,1.599190048077837,1.260096973838899,1,0,1,0
0.24128007830491346,590,31,9,15,0.6839597315465541,1.3475962259378127,0,0,2,0
0.4892811227735438,1261,13,18,8,0.6803762397990336,1.607468150882979,0,0,1,0
0.09997790485039884,839,5,22,23,0.3307600207936442,1.5578201254111526,1,0,0,0
1.892869392429678,319,36,10,14,0.036559102390294376,1.88526159275664,0,0,1,0
4.803539779267975,21,123,89,2,0.1,5.036078456548512,0,1,14,1
0.5288495444602884,1601,24,29,5,1.027020663433857,0.5880185276547001,0,0,1,0
1.495780157913983,23,47,66,1,0.33331221306164144,5.394829442055611,1,1,7,1
0.02519863236322508,458,36,3,11,0.06811437430417483,0.43277401328410026,0,0,0,0
0.8470293070364204,1037,47,4,8,0.02927335801316497,1.4028275484749215,0,0,2,0
0.03107995096936032,808,9,15,20,0.6143758217937685,0.0819986963192616,1,0,0,0
0.5,27,154,82,1,1.3692698882985774,6.70105743482099,0,1,6,1
0.4317286613479134,1411,23,2,21,0.08872283896919093,1.852900829294078,1,0,1,0
0.423397397516337,1703,45,23,10,0.2901983384371404,0.3594448238242973,0,0,1,0
0.23525895735232832,1542,27,25,18,0.15380376544478147,0.30275611212092324,0,0,0,0
0.9038838210575313,1003,43,23,18,0.031119259975345138,1.9482298354770653,0,0,2,0
0.0060911900048979855,247,2,17,7,0.7900296212942308,1.6820591442036683,1,1,0,0
0.47301523601871753,412,46,29,22,0.021195093403205332,1.6712918755157404,0,0,0,0
0.19781102311442497,1754,19,29,8,0.06998101136734923,1.7579715863381489,0,0,0,0
0.057169551053874335,529,2,16,5,0.3695459715730335,0.7315850370005241,0,0,0,0
0.9115997865791446,170,36,24,12,0.5780986182255726,1.1827904883970612,0,0,0,0
0.037311515557303006,1266,25,17,24,0.10562898303999245,0.2718271020961276,0,0,2,0
1.3208726346577158,23,57,31,2,0.1,8.019178530063122,1,1,3,1
0.44379360028573406,458,44,18,5,1.0940184516992335,1.7482382841961956,0,0,1,0
2.3912128759787827,228,39,23,16,0.6744941801385069,1.118851762053183,1,0,1,0
0.0646967965959302,1057,24,15,13,0.3749490053177541,0.1355646814259086,0,0,0,0
0.3649872968592603,1021,5,10,24,0.07343485630077393,0.28639747585072795,0,0,2,0
0.9671015168078293,1157,27,16,13,0.25698848720121736,1.6647736670994082,0,0,1,0
0.07209390029505175,914,16,10,15,0.4789640354647882,1.0720571657917222,0,0,2,0
0.019558367769317235,240,2,23,7,0.05013495551877633,1.1619278360251264,1,0,2,0
0.3480921887755996,1550,26,22,13,0.16886640792065363,0.6493325581448779,0,1,0,0
1.7061586182015416,1096,8,12,8,0.20354142107042206,1.4202564797261537,0,1,0,0
0.013484388158165902,737,26,7,13,0.16275123012394957,0.16514620710263395,0,0,0,0
0.3526551181781096,696,18,12,21,1.8126499804142573,1.0408654600570337,0,0,0,0
0.3838654101381316,1104,42,12,8,0.3571432703842005,0.10767608393389994,0,0,0,0
0.37600738745406886,1173,38,17,13,0.09634860077784844,1.273911008314889,1,0,0,0
0.04292729095505401,579,12,4,9,0.2145187125332623,1.4950389896819722,1,0,0,0
0.6335116394606259,143,49,1,6,0.7109607151758353,1.2301077281082198,0,0,1,0
2.604360676448325,14,179,29,1,2.62778061333673,3.0765256804169834,1,1,15,1
0.8258289084967905,1539,17,12,11,0.1503386481874829,0.30753549984272843,0,0,2,0
0.31810089422309273,180,21,21,14,0.04318646615416516,1.2057319504489181,0,0,0,0
0.1875489395772082,505,25,4,17,0.4848628073981755,0.5815506951974272,0,0,2,0
0.1950098570529894,1568,15,15,13,0.8301864768497564,1.3393783861233741,0,0,1,0
0.4255350505635326,1205,34,3,11,0.011520529188556916,0.7226208311581517,0,0,1,0
0.23469200232753076,292,31,16,3,0.764316179958355,0.9567663952755829,0,0,2,0
0.21258855544539504,1495,46,3,20,0.23444953321205483,1.1349313215398011,0,0,1,0
5.801272747254945,14,79,90,2,0.3898082049134665,2.447928441437446,1,0,18,1
0.4031263347435887,883,32,17,9,0.995453367187942,0.19249175758696757,0,0,1,0
1.263102904748308,1557,40,3,19,1.0817023848781526,0.6670236893968189,0,1,0,0
0.7408994031594318,83,46,29,14,0.5934967975394619,1.013055905079522,1,0,2,0
1.008746712286573,1435,30,26,21,0.7784377264718847,0.0028889318306426492,0,0,2,0
0.20266386418564203,1630,11,23,5,0.025071683477353852,0.8627345796030912,0,1,1,0
1.456598463699748,1389,33,19,19,0.3351804436105903,1.8145928398414564,0,0,1,0
0.11076972025294297,768,17,2,4,1.113834423547415,0.4292781597068116,1,0,2,0
0.1949015452525012,528,19,7,10,2.873182347789273,0.8096686058393179,0,0,0,0
3.7881283411134565,28,158,51,0,2.5613747325965646,4.646610111613831,1,1,18,1
0.906781216436373,106,18,27,17,0.3435632743255545,0.5984549002789932,0,0,0,0
0.8680727484869858,1395,12,5,1,0.1633711782418668,0.4521563504580597,0,0,0,0
0.11691934191971594,686,4,7,5,0.18131832907832207,1.6960186136063122,0,1,0,0
0.11040485206746449,1155,37,9,1,0.07848057427533711,1.6106010173187437,0,0,0,0
0.7606418635973252,27,34,15,0,0.7187167983545988,3.7093872603898506,1,1,5,1
0.07927198310638528,1167,47,13,15,0.09093124461307232,0.9148559596711137,0,0,0,0
0.0974905495293219,1723,39,14,3,0.3510953298312144,0.7202068936210344,0,0,1,0
1.0785650325194625,551,49,13,21,0.6034075934388,0.09031162421520067,1,0,1,0
1.3653169554078681,1532,44,23,23,0.032815427960446765,1.3364256144999997,1,0,2,0
0.035303681352055104,388,7,5,16,0.26348769784933274,1.1637017681889317,0,0,0,0
0.737284866529631,1608,37,11,18,0.15933792416905088,1.3067968108586008,1,0,2,0
0.12214516334426968,1061,21,3,22,0.971101109489268,1.012233909693032,0,0,1,0
0.9788483684779266,585,41,27,5,0.4461289559488768,1.4363499640050972,1,0,1,0
0.5765040094108894,873,33,1,9,0.1423587308493797,1.6466306177029997,0,0,0,0
0.7056283292712283,1700,35,17,8,0.17902678385802728,1.4302063571141839,0,1,2,0
0.36172846647348394,1193,7,5,22,0.914860897720619,1.765365634684717,0,0,2,0
1.0330570375537262,133,34,28,24,1.023746444323608,0.5493478550096949,0,0,0,0
9.700247303763724,14,23,89,4,1.6361795460588782,8.344789731799676,1,0,12,1
0.15601961536535675,1392,7,29,10,0.09028179347958315,0.3888823542360005,0,1,2,0
0.34877343282911305,914,45,26,14,0.1865012600329311,1.0423822546746804,0,0,2,0
1.7095046312453892,16,62,34,1,4.099830196048227,9.129167889888059,0,1,18,1
0.07287522306612641,1532,45,5,14,0.12672162170318974,0.5175179134597458,0,0,1,0
0.44388958896773933,1648,23,24,3,0.0867155945913676,0.13148080487910785,0,0,0,0
0.11450543335802255,1763,46,13,8,0.7546245001830594,0.41036412508459796,0,0,2,0
0.8497420363196106,1700,26,5,23,0.7587490149796591,0.22505358062559777,0,0,1,0
1.1432892748977166,852,18,21,6,0.17169267993397275,1.4724302977080528,0,0,1,0
1.955270286358609,1068,36,13,12,0.7554638710932735,1.0103081897023667,1,0,1,0
0.8723665796475989,87,9,8,6,0.2635539217724015,1.499340718483819,0,0,1,0
5.359179821755377,11,30,82,3,2.336782585430752,8.598556271481728,1,1,3,1
1.7188979966063866,1298,14,6,17,0.16072089388701316,0.1204089238997974,0,0,0,0
0.5272979294379948,1057,8,5,14,0.1965923979551163,0.8836906465141914,1,0,0,0
0.17701804031342938,716,20,16,16,0.4311992184742656,1.8692744136436474,0,0,0,0
0.25139177196934487,1045,39,24,3,0.5593183247270593,0.09045058615537838,1,1,0,0
2.134386969800992,762,37,6,1,0.12007720839995367,1.6768788463947033,0,0,0,0
0.08047345215509004,750,37,21,17,0.0780979315099346,1.5658962454691006,0,0,0,0
1.4845849090365855,696,15,17,14,0.4529108780968251,1.3888332245213022,0,1,1,0
1.5866898233462192,1592,27,7,8,0.28601817235550636,0.8213832849776956,0,0,0,0
0.4033948211457837,167,36,16,3,0.05930556796709729,1.3219458658906837,0,0,1,0
0.28459912786061886,904,43,9,24,0.13292143819219013,0.026928812462635676,0,0,2,0
0.5,27,141,31,3,1.6037956001625364,6.028586743277463,1,0,17,1
0.18084654916895054,1195,35,8,16,0.1897937394194058,0.7990181554738718,0,0,2,0
0.6767860683394994,1170,15,25,22,0.5343237717285233,0.06505951457298864,1,0,2,0
0.8061878595553796,1193,47,8,10,0.17104170077419115,1.4205437077882372,0,0,1,0
0.28031395544308074,390,9,3,14,0.04221049545007908,0.16872186983521553,1,1,0,0
1.825767045973905,9,164,15,0,0.9098531105632359,8.971038699278449,0,0,6,1
0.20498014385587537,1036,9,23,4,0.8787565409525868,1.249828072274236,1,0,2,0
0.11889761909378166,1308,45,28,5,0.15399124738890158,0.35124553283711224,1,0,1,0
0.061089996024209434,1748,42,12,18,1.8832718733322453,0.2824306696415049,1,0,0,0
0.011855936462175008,877,4,29,8,1.9541891284833097,1.6649873997471925,0,0,1,0
0.09832371549431605,256,3,13,9,0.6583964782909948,1.3089687813647404,1,0,0,0
0.13019651122237547,889,31,9,13,0.283028760099208,1.26180044079325,0,0,1,0
7.435978536500679,13,164,90,2,2.3124958319143847,5.742777549193449,1,1,6,1
0.874287386642449,959,26,6,1,0.4388812418224906,0.7153255101964178,0,0,2,0
1.518928043359221,552,34,21,17,0.004979337193894477,0.3636709439650989,0,0,2,0
0.46221869130694465,250,49,5,22,0.26907602520123475,0.23485733574695034,0,0,1,0
2.0879557385639558,9,124,57,2,6.701752715884135,8.786350445936268,1,0,19,1
0.2300069707485566,436,49,13,3,0.12369997346843659,0.38798527405209127,0,0,0,0
1.972485425772694,219,32,12,18,0.31562901564933593,1.1340040571920338,0,0,2,0
0.033093151720620044,1491,23,2,21,0.6195688780210933,0.42198684524183583,1,0,1,0
0.14381233464810095,1121,32,5,7,0.24608103461308017,0.47936536283007136,0,0,1,0
0.2541467179883082,384,19,28,14,0.1517457647812167,1.5028640382297724,0,0,0,0
0.24939150011702382,1703,14,2,13,0.5039499427653041,1.0499310065096992,1,0,1,0
1.0520550602560892,28,26,76,4,0.1,4.802219889436684,1,1,16,1
0.040918844804043626,1577,36,29,12,0.034264432677309796,1.0866254781950424,0,0,0,0
0.18076158425404137,1281,10,20,6,0.19326645446910573,1.0534854274432333,1,0,1,0
0.7633433018244213,821,43,3,2,0.140007628858741,1.1785069964237394,0,0,1,0
2.1936905167534158,12,77,78,1,3.5373388778981214,2.756705424927171,1,1,19,1
0.4809228852534038,1575,3,4,5,0.6026576088089812,0.25518978730256103,0,0,0,0
8.66685044736631,29,81,23,1,4.873396554905204,5.475099593466437,1,1,11,1
1.6805470429497533,1319,9,13,2,0.3337527574727265,0.4854006397386035,0,0,2,0
0.5691443173395632,156,17,24,19,0.033900154890225236,1.5926379127413313,0,0,1,0
0.776233999694114,485,26,10,7,0.16786397939892292,0.43105462180878495,0,0,0,0
0.18295358843611612,1210,2,4,9,0.3011882643167304,1.540008826504865,1,0,2,0
0.41622990373407776,1635,42,21,11,0.1007474490004713,1.9021677625302071,0,0,2,0
2.5825917805680834,383,4,5,21,0.018920063707005986,1.7121571962607869,1,0,2,0
3.8714574202792407,28,42,97,0,2.0762062090431237,7.662676803779086,1,0,8,1
0.4534903218186328,133,12,15,19,0.027846422979204883,1.1106483390257182,0,0,0,0
0.7186821742735029,1573,10,6,20,0.7424297357651275,0.39659036504055933,0,0,1,0
0.052400461785254024,218,24,17,7,0.5228955246869872,1.8627601771659328,0,0,2,0
0.2191731722567041,299,43,21,1,0.016459530567321162,0.07686628698029807,0,0,1,0
0.3606456018583588,1729,14,6,10,0.16192580199731213,1.5932365694547286,1,0,2,0
0.12288082367478782,1528,6,11,23,0.2938401042581494,0.7999136477499993,0,0,1,0
0.20766300653428352,1746,38,23,16,0.31542525760407125,0.944355765295017,0,0,0,0
0.38030339952764497,62,4,14,3,0.44030019664724157,0.7253641401352293,0,0,0,0
0.03248662835363941,674,25,13,9,0.13379019053897329,1.7323528030813733,0,0,2,0
0.4500381775050319,1278,37,4,18,0.3120572114305609,1.9481939374895774,1,0,1,0
1.201730014798798,1101,45,26,6,0.0012411381712266745,1.1179791564932038,0,0,2,0
1.0564714800704267,192,31,5,21,1.0718081209644221,0.9480516694553354,1,0,2,0
0.30191732514681086,120,7,6,15,0.2517655664085711,0.5520869819607535,0,0,2,0
0.4373843643721833,116,24,13,2,0.49970743445027427,0.19639433149756802,1,0,1,0
1.1375616125972614,373,12,12,16,0.2695840295833435,1.0690348484594043,0,0,0,0
0.04005213927508818,1203,3,18,17,0.18453010738620643,0.19017575674707277,0,0,1,0
0.030734192931961085,80,46,21,10,0.016186131151588845,0.2535620133680623,0,0,1,0
0.7683190946985041,958,39,3,12,1.6217764659866543,1.882663976810347,0,0,2,0
0.07767011751116064,758,5,12,8,0.12375522517941014,1.7211943547392115,1,0,1,0
0.07088528236200342,935,30,9,22,0.6909056669080997,1.2446062809350282,0,0,0,0
0.5,11,30,18,0,0.44720179260591286,5.567933558349706,1,1,10,1
0.9506177471315552,1086,11,29,7,0.06313676052171224,0.5391388635386862,0,0,1,0
0.9888937636116724,1482,43,12,10,0.30364165848875574,0.6248626893367615,1,1,2,0
0.5319708449568727,320,11,14,12,0.45250923096572804,1.365199175205116,0,0,0,0
0.3651321022712423,1259,16,1,3,0.07295594831926333,0.0041040830412824025,1,0,2,0
0.6371690202989126,192,30,4,24,1.1683944363221246,0.015315275308178,1,0,0,0
0.22516577001477903,760,29,27,4,0.6771600418977055,1.921084559802103,0,0,0,0
0.28353575840115564,1526,29,20,23,0.4459271841835604,1.2636890132849516,1,0,0,0
0.5246083635576149,811,37,2,18,0.6581889310306065,0.8266708936992113,1,0,2,0
0.18507749491469944,791,49,15,1,0.5331737341978966,0.22551397584281507,0,0,0,0
0.14283480927441897,402,4,28,15,0.11287308218590175,1.2610480865572635,0,0,0,0
0.15762481924437802,1731,31,10,11,0.1355018018223085,1.5621390738104248,0,0,0,0
0.07573304104734127,521,7,26,15,0.03690828315840863,1.1069739024274399,0,0,1,0
0.13111751402598132,1778,18,11,9,1.9638894321160127,0.6795372755765283,1,0,1,0
0.9052868889069898,1121,49,28,13,0.25973475444234534,1.3088612227601926,0,0,1,0
0.1148242959594831,810,31,29,8,0.07560202118090008,1.4225047868257248,1,0,1,0
3.437496404150184,16,199,60,3,0.20680891539331048,5.514679573040123,0,1,15,1
0.47957772839878915,647,46,24,10,1.2974309537900361,0.5656000951243882,1,1,2,0
1.2899501098208295,881,4,17,23,0.1702240035542174,0.37879930721241495,0,0,0,0
0.7181880019041758,1787,46,17,19,0.6223502396238804,0.8213495884216706,0,0,0,0
1.7486939155616992,1453,16,6,12,0.08897881117138148,1.6789074318865516,0,0,2,0
0.8045092136481208,1537,40,27,19,0.8842120949684316,0.8285641494468123,0,0,0,0
0.7295779858065249,952,29,9,10,0.403494437430695,0.08566920299707848,0,1,2,0
1.6883011987369367,1329,2,23,15,2.219131053230741,1.360119054057867,0,1,2,0
0.17635150258873603,1488,16,9,6,0.438344896191061,0.6773490285986301,0,0,0,0
0.5404756723183329,366,31,19,1,0.29807427148713533,0.47125551257109954,1,0,0,0
0.42220277534164563,1727,30,15,15,0.10298443973733606,1.3230451023344838,1,0,0,0
1.1022186196516779,918,21,13,16,0.5497570703361837,0.18652408969264833,0,0,1,0
0.13419028332078364,1499,37,28,14,0.14843066944222025,1.0645441542315115,1,1,2,0
0.001,1691,21,1,13,0.11108098864867269,0.47487071857017926,0,0,1,0
1.927483250230163,19,74,16,4,5.493291132626396,8.223320412267999,1,1,5,1
0.2745653493256675,1186,47,29,10,0.1681671905432452,1.0176884856116362,1,0,0,0
0.04274541536937936,454,4,11,11,0.03186134641219025,1.7199405154171223,0,0,1,0
1.2350062687041654,427,3,28,23,0.21518272384775436,1.3378119973745546,0,0,1,0
0.1857941985900969,421,7,21,12,0.5733220830558272,0.40093422884297003,1,0,1,0
0.27533689777829196,977,15,23,9,0.15330169033870458,1.8350967689775273,1,0,0,0
0.15208465100279395,1078,14,27,10,0.08837735217499874,0.16959245090187425,0,0,0,0
0.3217344793413903,1075,30,13,3,0.019472696746907676,0.8687923921468295,0,0,2,0
0.14857180746479343,815,15,1,5,0.8742429527223632,0.8818101074326601,0,0,1,0
0.40391775770349264,1109,24,11,19,0.4004211100194609,1.1706225279004585,0,0,0,0
0.27123997473157785,982,41,6,3,0.02229078596618421,0.39583606270118765,0,0,1,0
0.4594898805376317,943,4,13,11,0.28916515760584705,0.5798858337278681,0,0,2,0
6.61982215928831,10,146,71,4,0.1690248888529589,9.439977644372695,1,1,19,1
0.2858156256583508,901,41,6,11,0.1447850585512407,0.8543668541946099,1,1,1,0
0.3896468595696304,432,42,27,21,0.41784120821222787,0.9113943020761222,1,0,2,0
0.488425669370165,90,39,24,10,0.13912901523026047,1.4532265583669683,0,0,0,0
0.08798854342037746,697,35,4,5,1.07963462519237,1.0983553842581228,0,0,0,0
1.5864496757970012,123,38,2,5,0.026300752056785427,1.536099448538413,1,0,1,0
4.390734406580919,3,74,94,1,1.9452386065654237,4.001110607826048,1,0,18,1
0.8528660519464122,974,45,13,20,0.49382124934265026,1.7759310384677793,0,0,2,0
0.1680190133763775,131,27,19,6,1.0393981511981414,0.20534649089507107,0,0,2,0
2.6314069659946475,1465,17,22,12,0.976236262699935,1.9833754753122508,1,0,0,0
0.11560126375226792,1221,22,7,5,0.4365551199723961,1.0107353656407325,0,1,0,0
8.227767559545134,4,125,82,1,4.882327626450379,7.84191050889334,1,1,15,1
0.3085928539260571,1292,10,26,14,1.1615707054242053,1.7303225467530923,0,0,2,0
5.195605549713042,8,43,90,3,1.5083483114168625,4.661943218044301,1,1,15,1
1.105387428405059,581,2,9,2,0.2744374151752527,1.3168140587577912,1,0,0,0
0.8017941425137587,26,170,46,1,5.45857898930961,3.848216155124433,1,1,11,1
0.07706648613371263,1126,49,19,12,0.11718519243590482,1.8973246742465408,0,0,2,0
0.3785098187566613,1586,13,28,2,0.008362276778916872,1.8578365211118204,0,1,2,0
5.789560928295259,26,44,60,4,1.1920363469739501,6.47744198741065,1,1,7,1
0.25517915896387655,68,41,4,2,0.012083327096528795,1.8298304836177104,0,0,0,0
0.031125015659507538,837,47,3,22,0.06122796135140593,1.4775491861196504,0,0,1,0
2.320623025304948,22,120,54,3,10.175584610685348,2.559770638270072,1,1,18,1
7.526096325842414,19,109,38,4,1.561707801546571,9.633923108632363,1,1,12,1
0.1973889012717029,641,49,14,6,1.2290383899539787,1.5290363331616625,0,0,0,0
0.3826433555246808,780,42,14,17,0.08952004551629353,0.6516809339959508,0,1,0,0
0.029414873934559167,1260,6,11,23,0.25024359062391827,0.9555272493198792,1,0,0,0
0.7342544524046479,1572,19,22,19,0.5835619308820393,1.1896497521304825,0,0,1,0
4.6698882364083625,19,131,95,2,0.2677595123376958,9.302583582048081,1,1,12,1
0.8117961443897677,1195,16,24,6,0.5040380755726351,1.1093561880361773,0,0,2,0
0.48726527722878155,974,48,24,19,0.5806475787263013,1.6666972231089516,0,0,2,0
0.8107597621666283,942,16,19,20,0.47306811222158196,1.7552464071317022,0,0,2,0
0.7815391457141174,139,11,8,22,1.5023685722428681,0.8081651999225266,0,0,2,0
1.8936091599326856,1,108,93,4,1.828870328446831,8.94078622269537,1,0,11,1
0.6518853983771997,376,12,25,23,0.3468035713344335,0.7941084723708465,0,0,1,0
0.8718701601398675,1429,15,2,19,0.9920966538662296,0.03135045695179506,0,0,0,0
0.2701686572364474,236,8,24,6,0.843437449626528,1.8847954445616002,0,0,2,0
1.6188548211409137,769,14,14,21,0.44255706825887586,1.0465855112198033,0,0,1,0
5.184434754060707,27,29,40,4,0.1,9.311551862472136,1,1,15,1
1.252259064202468,1017,21,25,15,1.0140172018317128,0.2830615977033284,1,0,2,0
0.6598818093235882,86,37,24,16,0.6493297472918234,0.9069489078417619,1,0,2,0
3.5650417898377054,10,48,28,4,1.662719485056957,4.730004158733344,1,1,8,1
0.10701534770501978,1448,9,9,9,0.2683652086838823,0.8145556481566292,0,0,0,0
0.9289287130413296,171,44,21,22,0.16289202134180503,0.0323883519939232,0,0,1,0
0.36960622046693653,656,6,13,13,0.24210563148291353,0.7605240520232699,0,0,0,0
0.36076251403616055,1299,1,15,10,0.5936663385043097,1.8187245893654713,1,0,1,0
1.4467161936901365,280,15,5,6,0.6113143510597714,0.040655800291179656,1,0,0,0
0.33070534120651934,1070,21,12,2,0.38225399127892234,0.9434547464024012,0,0,1,0
0.3927694138728509,1212,18,4,8,1.598501821709049,0.765041680165365,0,0,2,0
1.9561481012919684,1375,10,12,7,0.7618126992654558,0.6937239590043693,0,0,1,0
0.3834204519712299,899,12,25,5,0.14987222099491312,0.3876932468643217,0,0,1,0
0.5,24,49,32,1,0.6812392900816595,4.271698997548516,1,0,4,1
0.13823052658091772,64,2,22,24,0.0984713487312379,1.7622868684536812,0,0,2,0
5.3174292639509755,14,104,31,4,1.3443820282638828,8.887558431948289,1,0,4,1
0.025948371804906174,1729,10,8,8,0.7859696562594211,1.4792363325739493,0,0,2,0
0.4173765997207439,1046,35,18,14,0.12056275222397637,1.6740143775167633,1,0,2,0
0.2642596050254687,722,12,13,1,0.611557510479364,1.8227030050977036,1,0,0,0
0.03230384428183206,1225,41,17,15,0.22020095598893763,0.46672074016121323,0,0,0,0
1.2315820702687368,1697,1,12,9,0.5310101813487128,0.6944268874440855,0,0,0,0
0.05013081151833449,1203,16,5,24,0.0030391567247921194,1.18891580921328,0,0,2,0
0.32407917843438244,202,3,16,16,0.05709251127153358,1.5845337450450938,0,0,2,0
0.06356511128522883,378,34,6,13,0.048866839650677604,0.41977088351167624,0,0,0,0
0.037468685917146645,75,38,7,19,0.8905214602590003,1.016869175240548,0,1,1,0
0.2717361033171202,1615,10,5,12,0.372983220584951,1.9726910461806944,1,0,1,0
0.40737707154040603,645,35,29,12,0.010718281074239132,1.298734875044214,0,0,2,0
0.03267618441525057,1393,43,1,19,0.16961281223316318,1.535600346696622,0,0,1,0
0.045466047258727924,1398,48,17,2,0.2025148100828454,0.6103383436190981,0,1,2,0
0.001,240,9,10,23,0.8169446195016994,1.255077236890456,0,0,2,0
0.19059111005669158,1140,47,24,7,0.19334612705975174,0.8175916366851912,1,0,1,0
0.4247925841036066,687,29,13,22,0.07370019685803411,0.3479022791550661,0,1,0,0
0.31659759108498403,1231,35,5,5,0.3259216812300108,1.3890534645213126,0,0,1,0
0.6880619413033578,1366,28,16,5,1.0181918454359515,1.992920028838569,0,0,0,0
0.4329335735985363,1072,20,17,3,0.5338345387988129,1.9722036864550785,1,0,0,0
0.45043097494400036,317,1,24,7,0.1413562315037613,0.6240330061009605,0,0,2,0
0.16021329622501307,375,6,9,7,0.13419090268017209,1.0397288575732346,0,0,1,0
0.017449939386423967,1114,18,3,4,0.2166453711277967,0.4569059997437064,0,1,2,0
0.4407813802699802,694,32,8,16,0.6201706860037334,0.9114403741017989,0,0,1,0
0.12268687309126555,853,19,12,18,0.48949589810739735,1.5377688377262086,1,0,0,0
1.4161338022406764,740,19,24,7,0.36496843512536337,1.8519632704163678,1,0,2,0
2.0831769525211152,23,81,34,2,4.8290117554686764,6.657109157663954,1,1,4,1
0.47713003310132657,710,16,3,13,0.5625346771441049,1.4629091165744506,1,0,1,0
0.429587781246959,523,43,3,11,0.33554395462393755,1.095169621126331,0,0,2,0
0.03318152539672983,1339,46,16,11,0.6051800464941967,0.6282670338508098,0,0,0,0
0.2022798664248152,575,46,22,14,0.3388311063447107,0.9746099852616359,0,0,2,0
0.5932244098545607,1436,6,14,18,0.031466922447118156,0.568285235459052,1,0,2,0
1.1382923547395158,1455,14,12,24,0.513277849178803,0.5592220221682316,0,0,0,0
0.8254435402422847,1343,24,21,13,0.19438175392149026,1.0178486706573235,1,1,1,0
0.07547724906151043,1615,13,19,21,0.0962269937727143,1.829577726596416,0,0,0,0
1.1178849196435585,1391,33,14,10,0.5336683367630336,0.8584568230659073,1,0,0,0
3.5183491731087653,2,135,46,4,0.22591368316567817,7.050394295429955,1,1,16,1
0.9018223971231485,1276,16,14,8,0.030376887694623284,0.13745640314479957,1,0,0,0
0.028079029470381957,568,3,29,8,0.2971565333155199,0.9421928085811269,0,0,0,0
0.23120203811650064,1044,39,17,17,0.0950232472224851,0.1388009933847114,1,1,0,0
0.45492215509824624,625,38,8,13,0.09607477775637385,1.2277121388413494,0,0,0,0
0.27884203958921566,1596,31,16,8,1.1093181198336244,1.8680467621794496,1,0,1,0
0.051354261045602444,601,23,13,4,0.5371884935807019,1.9180354196227218,0,0,0,0
0.39559579776970216,1572,13,15,24,0.5527549138839816,0.5511684410736841,1,0,0,0
0.961944095446393,261,33,21,24,0.2509872377847085,1.6377551022734238,0,0,2,0
0.05239959709907937,337,36,20,13,0.25831440999800914,1.536786986451436,0,0,1,0
0.5344749114938969,1549,42,14,15,1.6039105642112546,0.05704239440842862,0,0,0,0
0.33797832592429083,1488,21,12,1,0.47137331070246935,0.8580451849784523,0,0,1,0
0.3923978137800509,682,7,11,6,0.12390555407060176,1.1283299647572422,0,0,2,0
0.0720520731939603,1401,14,29,9,0.1157771026379241,1.8098632161175143,0,0,1,0
0.099769607645218,1192,22,21,24,0.5943997871842305,0.37860707298289764,1,0,1,0
0.25770094340727695,1532,47,12,3,0.14850745081986017,1.3554742935498745,1,0,1,0
0.5,11,43,86,3,0.8226187573551126,8.698012831143465,1,1,6,1
0.057853713909882254,1670,39,7,6,0.5603942697244324,0.9158906695487097,0,1,1,0
0.4493972620934595,1312,14,23,6,0.503425136955464,0.16680666993314164,0,0,0,0
0.29883921674176955,819,43,19,23,0.2699445449972095,1.6381185747776417,0,0,0,0
0.48760980932824644,1662,14,5,22,0.20332656782435654,1.9842988453922525,1,0,2,0
0.18169093479589338,1056,8,1,4,0.09606663614794003,1.8550967602186095,1,0,0,0
0.11298262711589632,1250,11,24,22,0.03252965901404871,0.587945234690852,0,0,1,0
0.7689996178639589,1157,21,19,20,0.24170693759353218,1.2771536402313897,0,0,0,0
0.41828492838827497,673,12,13,4,1.1027834792723048,0.8240003666502076,0,0,0,0
0.6569879462315672,1380,43,1,22,0.8486402999342012,1.9087810561030223,1,0,2,0
2.54521578650388,23,74,12,2,0.1,4.540971292942399,1,1,5,1
0.4346661025577768,1049,23,25,21,0.02911465831328043,0.651652484680272,0,0,1,0
1.503222939453051,1203,23,4,6,0.269628807512327,0.25609896964736145,1,0,2,0
0.17208843914408747,986,6,12,4,0.11329345406037922,0.23503365896756612,0,0,2,0
0.5,4,148,62,0,4.358551836467938,6.156758525846765,1,0,13,1
1.3496909824771477,1739,44,1,2,0.10669485791262301,1.0874808173998394,0,0,2,0
0.5,18,174,12,0,0.9721404041818004,9.199849260761956,1,1,16,1
0.34062083719308234,1412,47,29,17,0.327155095387358,1.8004080472120427,0,0,1,0
0.595197892248194,808,12,13,20,0.12401874264257207,0.6240214313866801,0,0,0,0
0.1652789918877025,1264,5,24,4,0.28072534711423763,1.6421348776226214,0,1,2,0
2.512963907287128,29,91,94,0,3.3846146393884293,4.238916071512819,1,1,11,1
0.4631768441807948,557,19,11,22,0.31480732284048024,1.7978551745018505,1,0,0,0
0.20644694615775414,860,10,18,13,0.002255501682690329,0.8114190577647051,0,0,1,0
0.15675282647530253,293,40,24,24,0.5783927293466516,1.5040174915597293,0,1,1,0
0.9751392575475923,1378,7,23,11,0.9939878245652216,0.7370573339474289,0,0,2,0
3.3044002961841255,20,66,82,0,1.7294424379803566,3.1979252707074854,1,0,14,1
0.22649055775545926,720,23,28,15,0.6803338728865806,1.0277234237001027,1,1,2,0
0.43462860222180266,1034,28,13,8,0.02864174472114986,0.9588983078739719,0,0,1,0
0.3594258762962206,1237,13,3,20,0.24537611757865838,0.9404702470719877,0,0,0,0
0.6786319068245167,1310,40,20,22,0.27828586881567813,0.31571087279736276,0,0,1,0
0.8241566034893647,1474,33,29,22,0.06634424710489444,0.9446436154477089,1,0,0,0
9.494745783078832,6,126,40,2,0.3867607276173551,2.3292452142080826,0,0,10,1
0.21912215353974535,1047,25,1,7,0.23866220611591138,0.2055210708834756,0,0,0,0
0.229261399632152,1754,21,24,2,0.31837910608910946,1.2516674004489188,0,0,2,0
1.1441152500887528,1336,16,27,1,0.04752609717062366,1.8543857475282315,0,0,2,0
0.7661732790278647,367,21,23,12,0.16426532280797268,0.7068159594618868,0,0,0,0
0.10679205237388774,275,1,3,15,0.3745627328306544,0.8954853628747499,1,0,2,0
0.29426065689005443,1192,9,7,22,0.46644549095197824,0.3692685896181669,0,0,2,0
0.6177675616784138,1554,10,5,16,0.2422151445915985,1.914313844736014,1,1,1,0
0.32923396731342,438,47,27,16,0.46457176731513494,1.4138819881189766,0,0,0,0
0.24672366484581093,1332,30,2,16,0.2289177830006538,0.48339467159488403,1,0,1,0
1.122626253424066,1006,47,23,22,0.410815336946583,1.8557741909473293,0,1,2,0
0.6765559085835281,9,191,81,1,3.9793854693682764,9.357867268593019,1,0,12,1
0.2747214115099548,1160,6,7,7,0.026315489701099645,1.5538203047686663,1,0,2,0
0.5,18,161,91,3,2.9987544001495356,6.961477622497183,1,1,16,1
0.08117876472440923,731,12,29,14,0.008659271489248223,1.9416059768370828,1,1,2,0
0.5147325847658848,1360,24,29,19,0.3114049334378035,1.7517781283768912,1,0,1,0
0.18886731341513113,1190,16,27,10,0.39953959501623637,1.8530234927781593,0,0,1,0
0.03202226218904918,270,23,25,5,0.7143400504167445,1.367490126575682,1,0,0,0
2.022279749457288,469,27,11,20,0.6568930673448671,0.6020140806456766,0,0,2,0
0.39018215946856777,127,48,20,15,0.16939762159139346,0.3981368211445375,0,0,1,0
0.08492078318230081,117,49,10,20,1.2422325981866116,1.2327291296150045,0,0,1,0
1.8199033704277434,1352,33,4,24,0.7878942179121182,0.12897022947560055,0,0,1,0
0.38856763145234596,703,34,5,18,0.1728406793167059,0.3397081733028484,0,0,1,0
0.2397861072654757,394,21,22,15,0.27185017249965215,0.1771964058388522,0,0,0,0
0.20092191077925955,1728,4,3,11,0.38629782842567917,0.5547384899067329,0,0,1,0
1.0573487596197597,1615,41,2,5,1.1506835808143636,1.4950159443847537,0,0,1,0
0.571724463254645,417,18,6,3,0.5877109401201644,0.9981693830933545,1,0,0,0
0.3555477156091545,1149,45,11,11,0.18180164678672311,1.3416596609955054,0,0,2,0
0.20998210401133297,791,20,7,22,0.2813590644749819,1.1696102953653633,0,0,1,0
0.31939289664773196,1141,25,27,5,0.014555839463212737,0.5136362952798541,0,0,0,0
0.4463189677891616,413,22,22,4,0.7248677713071218,1.2182570206752874,0,0,0,0
0.245620236367057,648,22,21,12,0.213209996748502,0.4592672111618794,0,0,1,0
0.6139389288918249,180,16,18,13,2.5705059249687476,1.6654675715650227,0,0,2,0
1.3928631509919767,1732,27,20,10,0.48839370444043423,0.8090980244658053,1,0,0,0
0.17694812450163241,67,26,12,6,0.05278660255593735,0.7524195247594418,1,0,0,0
4.082967015302054,1,96,45,0,0.19452199808467863,8.127036033921506,1,1,10,1
0.15133859130711894,187,22,2,2,0.13679264294402263,1.2384346932088701,0,0,2,0
0.2246457986449028,833,5,5,23,0.298623742948069,0.6439162453607641,0,1,0,0
0.34501821092444257,774,32,18,16,0.009820752775092317,1.4938820973266627,0,0,1,0
0.9278280231937154,573,16,3,2,0.37363961294690623,0.4267738254458089,0,0,0,0
0.11526159964046741,656,28,6,15,0.04155453712575598,0.41598450121398334,0,0,0,0
1.447362245925849,8,123,38,3,3.113109659560302,9.701421537870191,1,0,16,1
1.48146615672883,14,124,39,2,5.774374487836744,3.1974240616682206,1,1,15,1
0.36200140458107055,1574,16,21,17,0.313398075802459,1.3285448177762342,1,0,1,0
1.268346773189464,147,5,27,14,0.18409761761218302,0.5950264921032522,0,0,1,0
0.06248459024631622,851,11,13,23,0.20608856451334248,0.6136698480817873,0,0,2,0
0.5114872309857723,1272,4,25,15,0.394343068412437,0.27037236410705634,0,0,0,0
1.1260759987670983,714,21,15,12,0.6308735693520138,0.8665008475453495,1,0,0,0
1.0996891050998268,1064,9,4,13,0.2477601473363801,0.13049367177624083,1,0,1,0
0.29767694458592747,372,3,18,8,0.32876697366660645,1.8174617440326668,1,0,1,0
0.055837250299195965,927,27,8,21,0.862381353317505,1.321312672098491,0,0,2,0
1.313262908276146,27,50,98,1,4.352777432538802,9.662226801413986,1,1,10,1
2.2813387874327864,3,83,54,1,0.5875269030853474,3.245123729899121,0,1,7,1
0.03800654412769361,994,37,15,20,0.27760280926287667,0.16719747326393364,1,0,2,0
2.031877506068404,12,163,10,4,0.6522432341867656,4.107807744908588,1,1,17,1
0.10326005530273132,314,10,3,1,0.3726104303020414,0.6030532026574376,0,0,0,0
0.4666104285170075,660,5,1,12,0.059607021807855626,1.4751499443045155,1,0,0,0
0.5600552078255975,981,12,23,19,0.3940302910648963,1.6683713702476521,1,0,2,0
0.06891570501287272,691,48,9,6,0.2822840701456589,1.1941760783169173,0,0,2,0
0.15168312542013224,823,40,10,3,0.07381815787808418,0.8331379902867502,0,0,2,0
0.803260781980095,1338,35,20,4,0.2081292011592727,1.0717353654994672,1,0,1,0
0.39546506380290175,513,36,27,9,0.184126467991208,0.6491100284805049,0,0,1,0
0.8516111147688294,1620,17,16,5,0.272363916824175,0.3072407627418443,0,0,0,0
0.3517154948068405,1226,11,3,8,0.3943678649585333,0.07236411507053697,0,0,1,0
0.8490632765453647,86,27,6,16,0.33176542129060715,0.08109294329695715,0,0,2,0
0.7267418715654294,776,33,27,18,0.14282665404273287,1.6704331865388529,1,0,0,0
0.34561069095463554,1741,20,21,3,0.5295498809954561,1.427673564223191,0,0,2,0
0.9459780387317005,1027,2,16,9,0.08866820014005754,1.8077930202437822,1,1,1,0
0.3182099369955958,1110,46,3,21,0.4575119479013934,0.6855156273145877,1,0,2,0
0.016883422852762026,464,33,17,19,1.1604288134831757,0.5164328358027528,0,0,1,0
0.34921178073381465,1033,4,15,22,0.13626667574862303,0.8314682667773048,0,0,2,0
0.5684103637505,1798,30,25,18,0.16782990949911847,1.8685399296675402,0,0,0,0
0.9248380685685146,67,29,8,10,0.26740322968876246,0.07585484971746892,0,0,1,0
0.23464053987741576,431,49,9,24,0.21219888852831537,1.62418636029359,1,0,2,0
1.200211443696512,1538,25,7,17,0.6563233027632425,0.5399736550668817,1,0,1,0
0.3799687723683861,870,14,13,14,0.48068799764826775,1.9965422002429303,1,0,0,0
0.25282733568136107,1489,45,17,11,0.3109310887416146,0.5109212306833704,1,0,0,0
0.45174572106310457,275,34,7,14,0.15751930362753516,0.760371645740191,0,0,2,0
0.3861197674587034,1561,34,21,18,0.16324726781278825,1.4237292996320778,0,0,0,0
2.0564638163139475,21,26,10,3,0.1,8.03025929947009,1,0,14,1
0.20870394070539883,1149,37,14,18,0.830983110349917,1.067446830040727,0,0,2,0
0.05967514249636929,651,34,15,15,0.22695833825087386,1.8460953656786518,0,0,1,0
3.0414898475767185,29,125,10,4,5.429378825425692,6.398743664047047,1,0,5,1
1.3235212029327807,1156,45,14,21,0.15322110578373904,1.4802554204554543,0,0,2,0
0.8048964094508742,1369,5,26,12,0.5332343719744878,0.47260775414544254,0,0,2,0
3.2392683478612683,2,103,87,1,1.764002420852874,3.362545795033114,1,0,14,1
0.32750192844142206,128,34,3,17,0.7382356921127199,0.140379281155121,1,0,0,0
1.3523778022021578,1184,4,18,19,0.20026182507007212,1.3128182791222982,1,0,1,0
0.0698340231666427,817,19,6,14,0.2722509105429007,0.8785975185950525,0,0,1,0
0.7336276672151887,777,18,26,22,0.23736690878556926,1.236314201969952,1,0,2,0
0.9242862882599038,1268,25,14,10,0.7830551327472579,0.9770394013109072,1,0,1,0
0.2544327570989996,624,41,5,24,0.46525787490258486,0.08924214978145595,0,0,2,0
0.0952012168314435,1482,36,14,18,0.1480617900901617,0.6663604859822618,1,0,1,0
7.363798871335016,0,125,14,2,3.9149779086727903,9.645646576766664,1,0,5,1
0.06377283627944627,1720,25,12,24,0.16010302246523625,1.9271860112075632,1,0,0,0
1.1332993143154522,1170,4,15,23,0.26297930297540517,1.26660208597669,0,0,1,0
0.11013029496847832,892,25,21,13,0.6592710044024133,1.2822939380670701,0,0,2,0
0.07343912124034377,1247,13,16,20,0.22346828524818943,0.08981005725453461,0,0,2,0
0.19781373489389512,1175,1,3,18,0.24375476656110712,1.201367558525762,0,0,2,0
0.2018765620314438,1044,10,5,11,0.061003186609256126,1.167315985250839,1,0,0,0
0.19610534018342696,206,34,25,15,0.43486017200671595,1.021175728182111,1,1,0,0
1.1122204538520142,349,41,2,13,0.02984194889480653,0.34238491634601353,1,0,0,0
0.4928644911053797,214,10,22,17,0.2818042554369222,1.7005260223102263,0,0,2,0
0.18474819630602882,227,32,21,19,0.3678128015496991,0.697622447175579,0,0,1,0
0.6583728467727247,1009,34,6,15,0.1801282462570437,1.5983598644019523,0,0,1,0
0.5281956106258551,1364,22,23,24,0.15244736619202207,1.8637015604516503,0,0,2,0
0.0011751167519305772,1328,1,22,13,0.2305532019310156,1.249731001274075,0,0,1,0
0.2508307700792891,1440,15,17,5,0.17472449630773418,1.783870518479371,0,0,0,0
0.7353712545235562,21,118,33,3,2.719066798782997,8.344825259826948,1,1,6,1
0.15237713973150593,998,42,17,5,0.36055659932805606,0.8349108916858123,0,0,2,0
4.086222798909041,681,7,20,7,0.2507982252168279,1.3320235825523727,0,0,0,0
7.102102928612659,14,58,43,1,0.7106915917121548,7.776421831646513,1,1,12,1
5.257994346216668,17,124,68,2,1.1016133349782733,5.333300188360252,1,1,6,1
1.1131563624954377,680,7,23,10,0.4690681838784245,0.7086211684035202,0,0,0,0
5.4962988084330595,8,88,71,0,2.130275699633285,4.930178965446283,0,1,14,1
0.1579079571346389,1744,44,4,7,0.27238989058396473,0.10912108346225535,0,0,1,0
0.5901318446478763,29,120,51,2,0.113340164064313,4.380878064815385,1,0,14,1
0.8425516412820043,1249,42,15,11,0.5909786986387292,1.6109901959332014,1,0,0,0
0.9760460575716626,1558,17,13,10,0.05775101989534588,0.5908012220769445,1,0,0,0
0.2714573320919404,936,42,13,6,0.8251518259308397,0.6224730318912368,0,0,2,0
0.04573801411241316,1596,48,28,11,0.9613788177366651,1.475086395897079,0,0,1,0
1.067303665996556,1793,33,22,23,0.15747415895778916,1.307534773012008,0,0,2,0
0.1749848046900245,101,35,2,18,0.010335422734519987,1.333631350031389,0,0,1,0
0.050532572399673084,638,21,9,22,0.0058957083374287225,0.5922414609200517,0,0,2,0
0.21880616251350574,94,28,22,21,0.010472354828180826,1.0978289064964195,0,0,1,0
0.8679102080046132,1214,41,13,12,0.09536619520901685,0.7999917632856957,1,0,0,0
0.4334374233494412,1329,29,19,8,0.034084646108216855,0.7446833701093483,0,1,0,0
0.5589100408782959,1592,25,14,19,0.45699009051960593,1.9424700132274841,1,0,1,0
0.649382086984632,264,17,21,8,1.0500309172228899,0.17590750684892287,1,0,0,0
8.765780886436035,13,61,35,0,8.022297491273672,8.063336586205594,1,1,7,1
0.28132785996209514,839,10,21,10,0.39469483699834973,1.2942727644249263,0,0,1,0
0.7881499229619774,344,33,5,15,0.020084450703421144,1.5575758321305018,0,0,1,0
0.08776300844567413,1782,16,5,10,0.22628675248875402,1.5637909958126923,1,1,0,0
5.003573179586999,28,67,64,1,3.0203840631669365,6.872426734073427,1,0,16,1
0.055915717292891194,192,4,21,22,0.31579315163693167,0.09186761411156974,1,0,1,0
7.606501797915685,22,48,48,4,4.210918582131581,5.858596432875513,1,1,11,1
0.03544772006310756,1329,40,26,7,0.03116444161333359,0.578841319488371,1,0,0,0
0.5525733897165287,26,20,41,4,5.332653364713732,7.423302095632293,1,1,15,1
1.721356246380777,1138,2,24,12,0.15992107485354917,0.11564449843864222,0,0,2,0
0.16200302408773828,1022,28,16,17,0.7544420816099136,1.336164054630018,0,0,2,0
0.11881571613140782,347,1,5,19,1.0569475448886398,0.2896329597818814,1,0,1,0
0.03775791477930543,965,4,5,10,0.31790731977228687,1.775039838753065,0,0,0,0
0.43756336305572363,1399,7,22,7,0.37609767860425775,0.19748067706590988,0,0,0,0
9.504011942309713,7,102,50,3,4.7636069073537985,6.120697045936771,1,1,13,1
0.0770503514805673,1051,15,23,2,2.0556248263117176,1.3101068268786895,1,0,2,0
0.2225257667094912,1785,6,18,6,0.5713887012225677,1.0945703353923681,0,0,1,0
1.2867469523768365,207,43,18,21,0.06255276815659717,1.1952076182613054,0,0,0,0
1.4723931540975799,19,118,73,0,4.766343058871433,7.648110658222152,0,1,12,1
0.4200343697052891,739,21,29,1,0.04384631381946994,1.6452514965295773,0,0,0,0
2.2898502430154055,7,123,69,3,4.1366579728122,3.6510190664374393,1,1,13,1
0.031013421741608774,989,21,25,11,0.5012772585987689,0.046405261162987044,0,0,0,0
0.9998529169639712,24,62,15,1,1.2545109798633631,4.58598682124572,1,1,15,1
0.22891147020281413,621,3,10,15,0.05360243171814562,0.032719479018768816,0,0,0,0
0.6845196543326504,26,164,98,3,12.725416247663988,5.317783785722422,1,1,5,1
11.19709545471602,0,154,39,0,4.807217515820167,5.932358189597878,1,1,15,1
0.12454244931025338,1387,28,12,19,0.5666819179502877,1.4568744113693184,0,0,1,0
0.1336025857960444,1443,42,29,17,0.22404248986372763,1.369848456297855,0,0,1,0
6.64743986680914,22,139,81,3,1.81634715836394,5.443551330469628,1,1,7,1
0.42126156019056843,986,45,16,18,0.01948252342230326,1.5431827096858828,1,0,0,0
0.3570758406840959,349,34,22,19,0.24289514096470863,0.6097386725386191,0,0,2,0
0.0344886003909527,363,2,11,16,0.430737563427459,0.06754434728454628,1,0,2,0
0.17438803408608014,157,42,17,13,0.43195749908589376,0.9594686287450576,0,0,0,0
8.821654942772245,12,21,32,2,3.051466036475659,9.64150379343143,1,0,10,1
0.5147389411194935,1428,22,2,3,0.027127707180473366,1.7690925737401166,0,0,0,0
8.495485102392943,10,151,51,2,0.8145006007989064,5.338190814498072,0,1,5,1
1.1533872138242134,1230,47,27,9,1.1685239862676542,1.34964915164148,1,0,1,0
0.8119039555330894,551,42,25,23,0.7240248923660793,0.9871524021143903,1,0,1,0
0.5,3,46,22,3,2.778657097854214,3.4416657642567987,1,1,7,1
0.5647729852201779,276,2,26,12,0.09559392474613747,0.2039911044402758,0,0,0,0
0.39018145642272856,1433,27,6,24,0.5522458288012333,1.8209527264483467,0,0,0,0
0.17947223716893296,509,37,15,17,0.10686456499785829,0.41405036252793237,1,0,2,0
0.06578595928071695,1064,31,17,23,0.18570936309967345,1.7654293821731728,1,0,2,0
1.4604435515735674,8,150,38,1,0.9769503942755928,4.907092260509828,0,0,8,1
0.42338138307789625,887,14,26,16,0.6561482890181303,1.030742229560046,1,0,0,0
0.13741525333169738,1318,42,23,9,0.3377286221271533,0.05362091510151101,0,0,2,0
0.026312068296341827,69,25,21,20,0.06098236038080607,0.34948005126379456,1,0,1,0
0.26691295273787274,637,35,19,2,0.7145198137540842,1.0290025552509199,1,0,1,0
0.10245345855551026,1119,20,8,2,0.04497975771167092,1.7957134084845692,0,0,1,0
0.3038471718756196,1712,40,13,18,0.006548915770723635,1.1507941871151002,0,0,1,0
0.00855737738299719,353,32,25,3,1.00617224410049,1.263316625111885,1,0,1,0
0.12872423406502642,458,11,9,24,0.160923810533199,0.2525480971998324,0,0,0,0
0.4140991648049674,120,28,7,8,0.33247013564593386,1.9774308220548038,0,1,0,0
0.16159905495488985,305,3,4,21,0.023346172596427132,0.9129833890743639,0,0,1,0
0.9058388953333057,261,1,21,22,0.5491430268253268,0.35766259532377465,0,1,0,0
0.518484393147637,454,29,17,8,0.3495587490804266,0.8701800935107067,0,0,1,0
0.1504364368611164,1361,40,26,18,1.5903761759335406,0.3640470422335429,0,0,1,0
1.5727889013435457,12,185,97,4,0.21158391511841235,4.318549897607664,0,1,7,1
0.005741834552131777,1631,49,10,6,0.1298729072974094,1.3643581184516578,0,0,2,0
0.3015466321096659,1784,11,20,16,0.986730471741696,1.2569587366254475,1,0,1,0
1.7787262445885403,12,191,70,1,3.2687334824083254,2.0171723382251185,1,0,14,1
0.6046020076459111,1239,46,25,8,0.5212380782234479,1.3220807537085089,0,0,1,0
0.005528364815848598,875,19,29,16,0.003113799566491012,1.2968402959769985,1,0,1,0
1.9199899570603032,1730,36,12,23,0.2729139353665265,0.01645670109392361,1,0,0,0
0.377378996364228,335,8,11,9,0.3237954132615378,0.10017218283580043,0,0,1,0
0.15218248160799044,742,21,29,11,0.137549642305253,1.3081246479146131,1,0,1,0
0.8039492040466106,430,14,6,15,0.21093685288092223,1.6522799736421132,1,0,1,0
0.8462896376585956,1046,40,8,6,1.2251029471138528,0.8225819073815996,0,0,0,0
0.43458322076818146,257,12,10,4,0.04691700299676108,1.3689164148556927,0,0,2,0
3.55600859803415,20,170,58,2,3.031621451480513,8.064399839428978,1,1,17,1
0.7954097836041615,621,6,14,15,0.06788053854583344,1.7161990055431433,0,0,1,0
0.7992548522278612,1487,33,11,14,0.42103245319203425,1.784708765539978,0,0,2,0
0.5828157192596624,1258,33,7,21,0.2630866561261751,1.56155959758449,1,0,1,0
0.012118819004625182,231,13,27,5,1.2640482629252519,1.5717213881200607,0,0,2,0
0.1576179312837477,1409,45,18,21,0.31150731889070665,1.9240319539735875,0,1,2,0
0.1270066785346775,419,5,14,15,0.22065814339745168,1.11463307414032,1,0,1,0
0.47024603549129657,122,29,7,6,0.030910796882029426,0.44910320328537967,0,0,2,0
0.578723981117883,717,48,15,16,0.2792864522517421,1.3305254722846847,1,0,0,0
0.0027605059686548862,343,28,24,6,0.14469579016038536,0.4630220888896628,1,0,2,0
0.8838851597612024,1317,44,15,12,0.16130518011544437,1.6201721674498581,0,0,2,0
0.07715933519011431,1631,1,11,22,0.13227743036948533,1.8418102319299525,0,0,1,0
0.38633345619544324,1640,18,14,16,0.2408138859639006,1.3672658801942095,1,0,2,0
0.2987227648963911,673,43,28,24,0.6894202041494435,1.401776472456485,0,0,1,0
0.14038624799288638,1531,31,29,24,0.47022917554546934,0.8972222681175983,1,0,0,0
0.5139997938168065,1115,14,8,15,0.7781171627597678,0.44449264437230296,0,0,0,0
0.5017470952602655,256,29,13,16,1.9349191141366664,0.44465338240882835,0,0,2,0
0.5631770625706524,28,84,35,2,0.8664485119118113,9.659104783557805,1,1,13,1
0.43465109369943306,171,23,7,18,2.2559195946739043,0.8080719560749512,0,0,2,0
11.214357189968307,6,74,16,3,7.295961746741354,3.5042793407479937,1,0,10,1
1.8324800612612837,850,36,22,6,0.4676830696927834,0.8631181423421674,0,0,2,0
0.26538857174587144,258,48,21,24,0.36391534630158906,0.9004411869314695,1,0,2,0
1.3930636326306203,539,5,17,18,0.3854037463831803,0.03737957112711432,0,0,2,0
0.6371497337663681,1329,29,7,24,0.2815666061184525,1.8518361773435827,1,0,0,0
5.032261427201794,26,105,35,4,1.2106029855462148,8.888349294934565,1,1,18,1
0.8615028209282701,715,10,9,22,0.65040845754195,0.3379310493434642,1,0,1,0
0.14591301618925726,551,25,22,14,0.47602869805162273,0.048657641156496956,0,0,1,0
0.9806513329216212,880,41,6,16,0.23937093409415577,0.9970859048951517,0,0,2,0
0.8948631843481459,675,26,13,14,0.05736230677125958,0.7084271437496303,1,0,1,0
0.9638426433660356,60,30,6,9,0.012934610521249931,1.80686130467213,0,0,1,0
0.5506445418261903,596,26,23,22,1.4507670427133903,0.17366166027483243,0,0,1,0
12.465852979149002,22,128,42,2,1.0780008559845125,3.350812628670023,1,1,5,1
0.6773889151840154,208,29,19,6,0.3159326941909738,0.2495197120518935,0,0,2,0
0.2505948449274814,512,39,22,2,0.019239068994316433,0.7688611333113895,0,0,2,0
0.0800599248605534,1117,27,7,13,0.257764064844576,0.3305196292792547,1,0,0,0
0.8745443674676696,1349,32,20,13,0.342396762709066,0.6116504349168379,0,0,1,0
0.5784470051316598,183,33,10,10,0.23890907272174805,1.0896664199096715,0,0,0,0
1.3621720739813141,1749,33,29,22,0.18403328331203272,0.8908832078442528,0,0,2,0
0.3683364631013783,498,3,25,22,0.09842571417663754,1.8350082611213148,1,0,2,0
0.23680665673454526,1539,17,5,6,1.397809822386124,0.70809309036729,0,0,1,0
1.6880889159420531,1548,11,19,13,0.006441927219209483,0.3769663089970836,0,0,2,0
4.448676044684006,21,36,30,2,1.5103074635348643,6.671883654117733,0,1,10,1
0.21389520327275793,1060,22,11,22,1.0907079174281307,0.6991865271262039,0,0,1,0
1.216657698173916,419,28,25,5,0.002448040344302356,0.4032250621115183,0,0,1,0
0.0668165045144493,121,3,9,18,0.5549025491499692,1.3161528355118703,0,0,0,0
0.1758862845523176,1674,27,23,17,0.09822659047648283,0.8706271347666996,1,0,2,0
0.292285284478043,574,3,12,10,0.31047539633838317,0.7792526728812681,0,0,1,0
0.6539378919788704,1226,20,15,2,0.17821351215534087,1.0732206465934033,1,0,0,0
0.060427972435331455,110,22,26,1,0.0669959165678846,0.24704787724376054,0,0,0,0
0.029923811421853044,131,15,13,1,0.12028589467552012,0.22248362150275192,0,0,0,0
0.4137168430647967,1395,42,24,9,0.3204341073757903,1.1412042267794282,1,0,1,0
0.3908652345673216,1109,3,23,1,0.5806983549018154,0.6721460234274237,0,0,1,0
0.07708631748212545,1652,2,5,2,0.21354612204378678,0.9913762924344887,0,0,2,0
0.3271397218303109,127,38,1,2,2.0126787924370975,1.4506682945481795,0,0,0,0
0.8827987706973266,511,10,14,24,0.4998783599004888,0.00678729642972109,1,0,0,0
0.36572640288007596,727,30,14,2,0.7574319061736663,1.1983978552344754,0,0,1,0
0.0466115338621994,973,27,12,1,0.1735835938251928,1.258453757464615,0,0,2,0
0.13062937894262944,1132,17,25,4,0.05429444250896766,1.1969692183655238,0,0,0,0
0.05368330935189589,438,44,18,19,0.7704514759414202,1.5048239104307748,0,0,2,0
0.4045392445534944,366,35,5,5,0.009379548858284044,1.3499512347325584,1,0,1,0
0.70995286558018,1401,24,29,6,0.09078938502809784,0.8117788775382859,0,0,0,0
2.7285923153169107,203,39,10,16,0.07284904362834407,0.6741128040729001,0,0,1,0
0.553998428381735,1,112,26,1,0.7992882444857675,4.974186498688508,0,1,9,1
0.6911492125683641,415,45,22,1,0.3520645762086587,1.7024438731889366,0,0,0,0
0.24899093378057535,1371,22,16,13,0.45338027599511216,0.6017513272486379,0,0,1,0
0.10482912919534661,169,6,14,20,0.08663915155689116,0.541376801235208,0,0,0,0
0.4673857480194014,231,8,15,11,0.36786322790630477,0.7343920166639188,0,0,0,0
0.5386788604024059,1326,11,20,14,0.3458655505440678,1.605273197625725,0,0,2,0
0.3396050871559142,509,24,9,22,0.3549969551912313,0.5819021365885568,0,0,2,0
0.038535669230255885,1617,30,18,21,0.15146365607372425,1.1094847452352743,0,0,1,0
0.3818235720034023,195,46,8,18,1.2129281671532886,1.8577946090576647,0,0,0,0
0.04088160552454596,1452,35,5,21,0.31577928509243514,1.3365477608739054,0,1,0,0
0.14408024648555154,156,34,10,23,1.9528283353890832,0.3128152519276992,0,0,2,0
1.9765107691917163,23,111,15,3,9.661953971847613,7.328703693485159,1,0,13,1
0.6777875514206576,420,22,13,10,0.24473176775445393,1.7602736029205674,0,0,2,0
0.14893841161123783,105,31,6,23,0.020514630397696645,1.0665691833374618,0,0,2,0
1.3900301338964836,861,32,28,19,0.1594203855795681,1.1129826149935484,0,0,2,0
0.726355512373689,643,14,22,20,0.005327752490753273,0.3210429711115357,0,0,0,0
0.21478380790582197,545,3,26,3,0.22324385133353875,0.2047324419059129,1,0,2,0
0.022436494557164628,789,13,21,15,0.1317860447977973,0.6615852296925802,1,0,0,0
0.6074785014010112,1065,14,5,11,0.12885772220009215,0.7420975315885665,1,0,0,0
0.2130908630736617,1336,41,16,13,0.33702630749400725,1.8959260361128663,0,0,2,0
0.4293510749262801,1492,5,23,2,1.234974383251205,1.2833907742389075,0,0,0,0
0.5,24,159,82,3,0.1,3.633111491367149,0,1,14,1
1.2032319553164892,14,189,36,3,3.6576655441327555,8.189681975215079,1,0,17,1
0.08998597170870082,1456,14,23,4,0.7002598956005351,1.030785942786494,1,0,0,0
7.090443388090415,8,108,55,4,4.72568289529131,7.449564581179835,1,1,13,1
3.036966393103133,18,171,25,2,2.7927396572675938,6.484148631669665,1,1,15,1
0.06378155164239063,1197,34,22,15,0.0829328659350126,0.38460084733226685,0,0,2,0
4.259988746492963,0,37,45,2,0.4298356050207231,8.083354448467539,1,1,6,1
0.2020530351400584,1390,15,24,6,0.5493277521554062,1.3945561876399475,0,0,2,0
0.8050630314578597,1482,25,23,22,0.32090473757714083,1.6924463924522972,0,0,0,0
0.0826826726612014,436,46,12,14,0.7300594995331223,1.95688166121655,0,0,1,0
0.8236741456517831,1636,14,19,3,0.3553709713397648,1.320376260362721,0,1,1,0
0.13392234052435345,324,13,8,14,1.2322333863046,1.5767078580799532,1,0,2,0
0.006037822640070042,215,28,15,2,0.40187980613107943,1.0279306371391752,0,0,0,0
0.45523918161017946,851,19,4,7,0.037613446566167164,0.7238617513854717,1,0,2,0
3.048220268101292,25,81,27,3,0.1,9.129484222207246,1,1,8,1
0.2029538999184942,449,4,25,16,0.7674269899316154,1.5214322980381445,0,0,0,0
1.104811802867714,1633,24,19,4,0.5049479488603422,0.43879553697055607,0,0,1,0
1.9312450648361321,23,32,85,2,1.0242616851226347,6.013655223635827,0,1,7,1
0.3222740798921673,144,2,26,20,0.5582626109201293,0.7982904111156521,0,0,0,0
0.08471344764783592,643,38,26,22,0.2665881622973541,1.1662176688464994,0,1,0,0
1.4315605613455749,1476,3,22,8,0.683182318181707,1.7243615838993307,0,0,0,0
0.07606659384152908,423,15,20,20,0.10929285140091134,1.2771087019372855,0,1,0,0
0.028267348993116767,596,44,19,6,0.9246603815584242,1.6842255438596676,0,0,2,0
8.986101608789223,20,147,35,3,1.6374024091535135,2.7987484203243804,1,1,13,1
0.08408273523907364,1166,34,10,8,0.11346954824471112,0.9580421131059413,0,0,0,0
0.3471982483856968,745,30,4,11,0.7692539374008005,1.8558950444883113,1,1,0,0
0.882278932620467,376,37,17,23,0.36336544717906455,1.2744911989741998,0,0,0,0
0.16205395354257096,95,20,9,11,0.0679757138911422,1.305297548448642,0,0,0,0
0.04696429449991383,341,37,25,10,0.2970391159478627,1.8259314183716915,0,0,2,0
0.020129583182880106,220,13,20,7,0.03283621588003135,0.22214972928900845,0,0,2,0
1.0031220309840774,627,13,17,14,0.9525039850913446,0.9480053624295532,0,0,0,0
0.187597426110966,1433,47,1,13,0.8700593199252634,0.6364579042653309,1,0,1,0
0.17932263771532103,1186,48,26,3,0.9062189110916989,1.2790517664359031,0,0,0,0
0.24649990806133593,1056,15,22,12,0.04026556971080301,0.020041566780414577,1,0,2,0
0.29029740777011365,305,18,20,1,0.37577025496699673,1.8744323476888578,0,0,2,0
1.1953506411923291,303,38,12,2,0.15313109093862365,1.4332207497044587,0,1,1,0
0.8377877016413385,1697,23,16,1,0.4187299041993944,1.555380111940365,1,0,1,0
0.06407066578543061,1464,47,6,17,0.10498282639793491,1.8716529337958852,1,0,1,0
0.2486745648308424,362,27,19,9,0.21155057196260524,0.27699116829460446,0,0,0,0
0.8821956599830441,270,19,10,13,0.06440358985678284,1.8097789427749642,0,0,1,0
0.9184925352389018,1683,25,14,14,0.543814626793461,1.7535298149707457,0,0,2,0
0.22062684136883756,1278,7,9,15,0.33542447996393077,0.09526441735670232,1,0,2,0
0.15832163455430326,1105,39,16,18,0.11912121393339203,0.8202753745380342,0,0,0,0
0.5937795067500756,1469,33,4,5,0.040824181886866776,0.3130738929963559,0,0,2,0
0.6534547855373437,1455,21,22,6,0.8805749991969037,0.34880759929189664,1,0,0,0
1.507239393293603,945,7,3,13,0.13198393986383158,0.7119143268645232,0,0,2,0
0.08498920631877976,558,25,22,8,0.1531911062564056,1.3141177088841622,1,0,0,0
0.47039662624491524,1272,1,20,8,0.09981573619060499,1.940766280094079,1,0,1,0
1.3327797394170664,15,192,58,0,1.6841885744192233,7.4573886417102,1,1,10,1
0.965888227953292,1092,16,27,16,0.023235111247205884,0.17335808429440625,0,0,2,0
0.5,25,198,43,1,5.83635231772853,3.2655246147909844,1,1,7,1
1.104837914226743,1305,4,14,9,0.06276218765595322,0.8307802611269506,0,0,1,0
0.10420208071803225,1648,47,7,21,0.026594955197387332,1.1156267076301425,0,0,0,0
0.19554390655961632,1394,16,29,12,0.030705830906813926,1.6908244165897013,0,0,1,0
0.22514740243649117,792,17,6,5,1.1000219070741122,1.6005057624699461,0,0,1,0
0.09740590874155397,1765,36,9,9,0.6476787376927802,1.3500681495413782,0,0,1,0
1.0463678060883195,877,47,2,10,0.04825007869659453,0.3720124658670241,0,0,0,0
0.6113657815978645,183,9,15,11,0.15432368300195975,0.6299318792796658,0,0,2,0
0.6800266361068422,158,46,23,21,0.042556407479045766,0.7480112309639824,1,0,0,0
0.07271759976393737,1258,18,29,16,0.03906863966590275,1.3117288282297854,1,0,0,0
1.216393797871606,1535,47,29,12,1.0608070565698797,1.64890317349298,1,0,1,0
0.20935695928863474,1794,28,19,19,0.6309521469563865,0.315503277756624,1,0,1,0
0.06562602194234074,347,35,26,8,0.5142342161383046,1.6486265662858888,0,0,0,0
1.1088467346008841,1778,37,14,19,0.18091526398242255,0.5148430886923534,1,0,2,0
0.11300755336683302,511,24,16,15,0.2098159534740273,0.40142650378919975,0,0,0,0
0.3131995877276107,1060,24,21,12,0.18119166213014753,1.3374725682704605,0,0,0,0
0.8197059449480867,1382,1,25,16,0.5318477388165274,1.1196435017108877,0,1,2,0
0.11828044947501228,1087,7,19,21,0.4595335109343787,0.6183667981900727,0,1,2,0
1.1587775487363186,1069,4,10,18,0.010135791097664921,0.3558448415308779,0,0,1,0
0.16764749629583098,562,30,17,12,0.039358586214150816,0.0900402989142084,0,0,1,0
0.7796065487971737,1771,37,15,18,0.3862377925643085,0.8445712089319264,0,0,2,0
4.7339921779474095,12,151,38,3,0.36668653672195406,7.5574968525717665,0,0,5,1
3.926423290021259,13,119,76,2,2.7979209568325416,3.800921855276825,1,1,12,1
0.46016421137691227,1599,38,18,22,0.9343268626803165,0.23104361195837964,1,0,0,0
0.6347409122268506,1391,1,4,19,0.19774321665319972,0.6184076387489679,0,0,0,0
1.3063265939290591,28,80,11,0,1.9700571034842356,6.2121762197187245,0,1,8,1
0.5700738976376843,442,9,2,12,0.5291104846191063,0.07526196830375209,0,0,2,0
0.23824469651369423,1656,39,25,16,0.36057217497877636,0.7657282719451433,0,0,0,0
0.3979873036849448,1128,40,14,16,0.06657306828344746,1.0989029889150137,1,0,1,0
0.44789732069203436,1172,6,15,1,0.4266029953042395,0.6299530880188606,1,0,1,0
2.153767245408919,22,73,23,2,2.2088873109655163,5.815190136572333,1,0,9,1
0.04927923153723075,1054,34,10,23,0.24731114453053388,1.6990521535283023,1,0,0,0
0.004569911248703786,1458,16,7,16,0.9447182752578023,1.0529022321812633,1,0,2,0
1.2794085204151129,343,46,23,22,0.22216511371538297,0.7152643868285691,0,0,1,0
0.5676432558498414,1060,9,17,19,0.18166104055067306,1.3766299945928724,1,0,0,0
2.0593906017292465,26,138,74,4,0.9461987855072816,5.714388565573627,1,0,7,1
2.185779696431995,1688,35,29,10,0.7972858276621541,1.2716727130402352,1,0,2,0
0.9613383011347391,883,16,23,23,0.2578861754699721,0.3333757363891854,0,0,0,0
0.16558600276558297,1115,2,17,7,0.3565543717252131,1.8670602015083837,0,0,1,0
1.4563719118133105,1313,17,18,23,0.39849833000207796,0.4675367223590148,0,0,1,0
0.6195435812880584,724,38,6,13,1.048746290917107,1.9897895930019855,0,0,2,0
0.6281988264083703,812,19,17,16,0.09432650230519776,1.3252177283391224,1,0,0,0
0.33530642415727346,92,41,3,24,0.020630534270556822,1.94184144217072,0,0,2,0
1.1944304755446702,1188,1,27,14,0.378790263276366,0.5378227023961195,0,0,0,0
0.3685073610284772,1063,49,27,1,0.04890966101195595,1.7925864286650526,0,1,1,0
0.2686085698210601,1733,31,13,18,0.05800429208269943,0.08826449711316342,1,0,1,0
0.05573048725830221,708,7,2,6,2.0263857669246237,0.44566989841377413,1,1,1,0
1.1994118040788866,575,1,20,23,0.4912524057472192,0.39220130479323223,0,0,1,0
0.8609099000916676,952,17,27,18,0.20769200061220575,1.9421825304499694,1,0,0,0
0.2851073449415669,1587,23,3,24,0.217994271711797,1.0834319518860305,1,0,2,0
1.1301937549945613,371,32,13,24,0.007208588652708379,0.32886650840136755,1,0,2,0
0.3935363030303842,589,18,27,22,0.6163997245733018,1.670871293522334,1,0,0,0
0.9379565637224464,1198,31,21,5,0.6804188874630896,0.43367783086130296,0,0,1,0
0.1707135864146678,889,24,21,11,0.2984700458242841,1.0121264988730532,0,0,1,0
0.7908730110711855,869,18,8,6,0.4445703427437039,1.8839383714317537,1,0,2,0
0.21899379219915144,1742,4,17,4,0.4321906396944701,0.8400977084225838,0,0,2,0
0.033983470089578235,1674,7,12,13,0.11881915201299349,1.3150506556710566,0,0,2,0
0.846500807839973,683,29,20,17,0.19141783746348606,1.9996475003937244,0,0,2,0
0.9162851795423052,457,44,21,19,0.5231104876535903,0.4409472847335776,0,0,0,0
0.10601023928785766,873,24,27,3,0.02782116763655819,1.1786694981959271,0,0,1,0
0.14118128327677212,108,20,24,7,0.7101185679749178,0.3736394270606185,0,0,1,0
0.5,18,25,20,0,2.047756444570637,2.1456519459508225,1,1,10,1
0.48554590693818245,1443,9,26,22,0.22249333320819387,1.376823654564113,0,0,1,0
1.2442624335225725,3,144,41,1,5.662169598497143,8.291697668582628,1,1,15,1
2.831268751802723,757,40,22,6,0.1614216498431849,0.7685794930945722,0,0,1,0
0.2854776894299875,363,35,10,8,0.13834307751916516,1.5701510157546348,1,0,2,0
0.6604650075634277,1637,25,20,16,0.4390543878108594,1.2007500030486356,1,0,2,0
0.9190218630952892,1118,42,19,13,0.14292360473502816,0.1480567527466221,0,0,0,0
4.742584018737782,10,162,42,4,5.226045276465484,2.334210929287228,1,0,17,1
0.23649755390741214,75,41,12,14,0.19477492295676363,0.882616382310276,0,0,0,0
0.13927827212950536,174,31,22,24,0.20346695189762914,1.097603453202163,0,0,2,0
0.489966252744019,1176,27,9,13,3.2409879744324055,0.10074834284788348,0,0,2,0
0.1529049945013967,1272,45,27,22,0.0279982201487705,0.6686515665379615,0,0,1,0
0.4207719535815295,1203,4,22,24,0.10415901384931923,1.7716822061820172,0,0,2,0
0.7351820419798913,854,20,14,9,0.3347815652820063,0.30099321547340185,0,0,1,0
0.6183708497195263,75,22,16,16,0.16167589115611616,1.858860722008281,1,0,0,0
0.09580211126956688,1349,21,26,4,0.5928714584026554,1.8654016333356604,0,1,2,0
0.07439246391498681,708,24,17,7,0.38707575664380106,1.2678826791379025,1,0,1,0
0.37046503885106785,928,26,13,3,0.9208295864089205,1.2708668273138575,0,0,0,0
1.9833435420983108,17,120,57,0,3.550649189486656,3.011092844593115,0,0,13,1
0.4667781584065129,772,20,26,23,0.5002799622817906,1.1677924096126364,0,0,1,0
0.5947361343779222,403,4,4,1,0.017313025463947924,1.3164763087824862,0,0,2,0
0.2009094006256505,978,19,12,24,0.2729226133908298,1.6417583693114526,0,0,2,0
0.44735689341453744,881,42,26,13,0.9375117783104887,0.4149863736096915,1,0,2,0
2.052166455348969,11,72,49,0,4.983678139987154,5.665601778766516,0,0,9,1
0.09222624348605665,845,35,28,8,0.08911720360892747,0.255381444246388,1,0,2,0
0.17592365228022988,983,49,21,22,0.9126026798838212,0.7845851706834412,0,0,0,0
0.5,12,56,65,4,1.4794874055293468,2.2010485119892076,1,1,16,1
0.9050999592309096,605,48,20,8,1.4502659672250022,1.568236984133639,1,0,1,0
0.04934801959368028,1761,13,2,14,0.4487895207194803,0.700151609667123,0,0,2,0
0.17361231347784895,719,28,23,3,0.3957486409389077,0.5428320847118091,0,0,2,0
0.21001015121764954,135,7,20,15,0.19260567107073145,1.7577565572910872,0,0,2,0
0.5862287170062711,1772,48,1,19,0.05912046344612268,1.2403652630376218,0,0,2,0
0.5439061967302936,171,29,10,19,1.7458003923185474,1.790304250624826,0,0,2,0
0.010583709225807564,1229,7,24,11,0.3177663693277187,0.3033596146110864,0,0,0,0
0.9834937522015511,678,44,11,19,0.009394382412013026,0.22970791699015192,1,0,2,0
0.14081982405382992,983,36,17,22,0.7931991590809186,0.8042689071055089,0,0,1,0
4.636308323911735,10,164,57,3,0.4015851231102105,6.328202732385569,1,1,4,1
0.07061765505724636,1437,46,22,12,0.6166012869262406,1.992391824749658,0,0,1,0
0.2688532274263409,644,46,11,13,0.006186952132643754,1.6818449049103892,0,0,0,0
3.7488341526463014,17,59,63,3,0.14412224628531417,7.1615061909969135,0,1,13,1
2.097495053472576,1774,45,15,24,0.9711421967028987,1.1792335397028957,0,1,0,0
0.7612262880572404,248,44,23,19,0.06947675487339397,1.0905841950126982,0,0,2,0
0.004265935867707807,676,45,5,12,0.24310591362594414,1.662078023638449,1,0,1,0
0.43953096614383413,106,24,23,23,0.9396210094156254,0.9484422900054619,0,0,2,0
0.25293151328733415,379,3,21,19,0.12728429721687456,1.611433901433815,0,0,1,0
0.3216579981195808,1421,36,4,19,0.4323634875506593,1.0087413242962684,0,0,2,0
0.0641905234774826,751,7,26,9,0.12842186304796063,1.0211736119912822,0,1,1,0
0.10329069449920912,537,17,14,12,0.22456245080871162,0.0034076560821123536,0,0,0,0
0.15295797150306978,422,16,13,11,0.44528159904199116,0.7586943134525785,1,0,1,0
1.55781527913457,1278,10,18,15,0.4179302199020161,1.5434032116742724,0,0,0,0
0.09212886809469957,542,35,14,7,0.6745451351218881,1.6778620552769594,0,0,1,0
1.2695936934896046,592,22,8,3,0.010369866475016355,0.13574020605956472,0,0,2,0
0.18910869440627925,1626,46,15,22,0.915824189890766,1.6044478640142879,0,0,2,0
0.03545294966815855,1513,3,17,13,1.0224292871111111,1.7756843081245284,0,0,2,0
10.100796646925161,3,134,61,4,0.6770401737115485,3.542035622850473,1,1,12,1
1.3407166655800524,1417,33,25,8,1.1457559506602046,1.6259964772151294,0,0,2,0
0.04344554640734276,738,42,14,23,0.534251933199531,1.9366831914177192,1,0,1,0
0.05527622629333492,1565,10,19,17,2.3259867842413593,1.6969504968544016,1,0,2,0
0.7924007895636168,872,14,4,8,0.08719425292407017,0.7522594012000003,0,1,1,0
0.352058684735351,304,23,6,16,0.6879374059376504,1.197846892022105,1,0,2,0
0.07778847340567875,602,45,28,8,0.9909255882760617,0.02917364851765525,0,0,0,0
0.22095485961504993,820,22,28,13,1.3290066772763012,1.2039814338690935,1,0,0,0
0.15145404636634513,1255,43,3,21,0.2484342221939219,1.5121157731324308,0,1,0,0
0.29624886169196857,691,19,26,2,0.2953931521309702,0.44585298144109786,1,0,0,0
0.4612413946485956,309,35,20,12,0.3623128909090261,0.5032754876574608,0,0,1,0
0.4965287867379612,1385,3,4,1,0.35521724231160023,1.14092291695287,1,0,0,0
0.13951467213888674,1193,19,15,23,0.5211781497296513,0.9137833628222927,0,0,0,0
0.38652284354302097,1597,42,7,8,0.6049990213581252,1.7262688787534544,0,0,2,0
1.769200605080883,1481,20,13,12,0.28074347951870643,1.1928012743257221,1,0,2,0
0.19615979526792973,1422,41,17,20,0.09319110173221594,1.037616202487248,0,0,1,0
0.7898305492988001,1057,32,29,21,0.7561691052044748,1.0224886339348895,0,0,2,0
0.6726976211605292,848,16,2,8,1.0566795562267266,0.49292952913836974,1,0,2,0
0.0913326611856045,853,14,14,7,0.5045115536399462,0.09890636868472336,0,0,0,0
0.15632908134402712,1647,19,5,24,0.3177195319936168,1.8185926564491173,0,0,2,0
0.10427047001080515,1767,33,2,1,0.35756213332955716,0.035647674520184136,1,0,1,0
2.996340835906837,7,73,10,1,2.741473490918569,9.967116276305141,1,0,3,1
9.976656264100882,24,144,89,0,0.1,2.3211644588410216,1,1,12,1
1.6238368329798274,729,48,6,20,0.34463735579241894,0.173058742795559,0,0,1,0
0.2744764854576543,236,10,15,20,0.6483276390123327,1.9046085471465206,0,0,0,0
3.570032192630376,335,10,2,7,1.605183541168607,1.7324356561889114,0,0,2,0
0.7221642919395397,512,10,21,13,0.3677260860110523,1.643198048673755,0,0,1,0
0.9890380829046354,914,26,11,23,0.09587301200402767,0.522516019220217,0,0,2,0
0.31652011314842243,679,27,8,1,0.05925438330341392,1.3043934845117462,0,0,2,0
0.08416513317584938,1395,12,2,5,1.0734800213990014,0.49133865690848544,0,0,1,0
1.139103955424943,648,4,3,22,0.41506958767344876,0.5221546723144928,0,0,2,0
0.30768858290776063,830,8,20,5,0.46926152536628263,1.4044765929894336,1,0,0,0
1.8135253727106737,8,167,85,3,2.228974294105592,2.010374963087086,1,0,3,1
0.07159830999231379,364,16,20,24,0.18704993840110776,1.3434410566668418,0,0,0,0
0.037720515761961546,1042,1,16,4,0.4437114063319192,0.11771296953535892,0,0,2,0
0.8318238614980431,1789,42,26,17,0.1755643825734225,1.8463538088880078,0,1,1,0
1.8751575017142093,1557,9,16,18,1.13507869016193,0.14653273804432465,0,0,0,0
0.38002850603519484,409,28,1,15,1.2363665698293103,0.7350810587243761,1,0,1,0
1.0554914751545612,900,45,14,9,0.6310638449278626,1.598753396373304,0,0,1,0
1.3791906027009833,752,28,26,16,0.45119601196062054,0.9167320620748711,1,0,2,0
0.8846939419221181,1047,15,11,17,0.4640071960528276,1.6762299270861882,0,1,0,0
0.5889098213629114,934,20,24,13,0.9563233299893297,1.4700916128543278,0,0,0,0
0.003936248861986807,1000,47,26,1,1.0457739225927005,1.008166912238972,0,0,0,0
0.10660656375783344,503,2,8,19,0.011034154413092549,0.40544544902255897,0,0,2,0
0.9856724859399166,301,41,22,5,0.06087860226505042,1.9169858321174755,0,0,0,0
0.9105580186750543,856,11,27,21,0.2319022061486783,1.042054833772535,0,0,0,0
1.1273740203325946,1610,20,7,9,0.27749676666912926,0.24199476515501317,1,0,1,0
0.1622209212401905,743,9,19,20,0.11231878360785202,1.5901174802574103,0,0,0,0
0.3897967484469401,137,4,27,18,0.33339975775718617,1.7234416919638431,0,0,1,0
0.17829609495077298,1004,32,9,9,0.09926377104241557,1.5155949294645206,1,0,2,0
0.10711644034926407,1198,48,13,19,1.6435072763014564,1.0128014591954417,1,0,2,0
1.2316243420641002,1413,46,1,16,0.6155753306766141,0.7637336945232476,1,0,2,0
0.2701125777246215,1125,37,1,7,0.9275266708728784,0.13698479377493844,0,0,0,0
2.066972369739812,27,69,36,1,1.2418898802650788,9.977474948839312,1,1,18,1
0.7186757982653972,28,199,38,3,2.8095385355393967,5.038590607202106,1,0,7,1
0.25887503932435135,203,27,14,8,0.1886642146040129,1.1744606565268196,0,0,1,0
0.17051929070598754,376,42,15,16,0.4173702905663219,1.2416435333230043,0,0,2,0
0.09482858936821208,100,24,5,24,1.8010456013404648,1.409579863412605,0,0,1,0
0.18297568147735685,972,33,10,23,0.12007360382776258,0.40949456791391925,1,0,1,0
0.9007449453855673,366,26,8,16,1.1023778238247812,0.8485345185752242,0,0,2,0
0.10219429975395287,592,17,27,3,0.2576600005166097,0.9515863930724038,0,0,2,0
0.9213853728808971,608,22,20,20,0.4514133327956864,1.443564430072501,0,0,1,0
1.5040811711706636,2,58,69,2,2.240284534713016,9.096517589321191,0,0,11,1
0.1360243111044976,924,24,4,21,0.28580989767670695,0.41816931908888355,0,0,0,0
0.223326333782404,1046,43,11,20,1.2250198313004106,0.4170407765091846,0,0,0,0
0.23617388079163143,691,1,14,2,2.342356247619857,1.3889805429162192,0,0,1,0
0.7228963558694006,1726,5,9,14,0.01769076956615957,1.5804754944544808,0,0,1,0
1.3509709168835877,61,30,8,24,0.36738754299298615,0.9495142467925122,1,0,0,0
2.1573755422666894,1174,12,24,7,1.346221799659868,1.6075141120275196,0,0,2,0
1.7838990691458498,1678,1,14,9,0.05540901276237553,1.1070064666977333,0,0,0,0
0.7904187440553979,1110,37,4,21,0.6588549342766212,1.3964169929046801,1,0,2,0
0.2956740644578376,93,20,18,19,0.6350419132837661,0.9931335018287153,1,0,2,0
1.0450265554463936,954,9,27,14,0.011958471736173107,1.0038780408783219,1,0,2,0
0.3615374850039316,1249,16,18,6,0.08841538687059665,0.804235960527397,1,0,2,0
1.3274750429403124,706,48,16,13,0.04131220696272561,1.3573404002248726,1,0,1,0
2.896211347018033,1520,19,24,12,0.7890117844457861,1.97139424994962,0,0,0,0
0.5181266928682797,1169,25,24,4,0.3607896079727013,1.814622313973322,1,0,1,0
0.30378643849081133,100,11,7,6,0.567573746661513,0.17950136826953944,0,0,1,0
0.3801823142536145,902,38,16,21,0.6468361050827683,1.5960382241323234,0,1,0,0
0.23033263889338018,566,11,15,7,0.69229701283571,1.8716767747512453,0,0,0,0
0.16457382048613475,1072,34,15,13,0.2774638922556994,0.33741395614899505,0,0,2,0
0.237427649339161,1278,22,1,1,0.0722678902084235,1.1555841224782464,0,0,2,0
0.006979556282118813,1592,3,23,20,0.6793751145592285,1.7423908040449712,0,1,0,0
0.5222071398727679,222,31,9,20,0.591385135820277,1.0005460616698978,1,0,0,0
0.3318861004991347,150,45,21,19,0.5397656393261113,0.9185169241515512,1,0,2,0
0.4469174959842306,1117,20,8,1,0.03963185194034438,1.494409125921544,0,0,0,0
0.9634444003408663,599,36,7,21,0.8891220114678711,0.6768480329111899,0,0,2,0
0.5601819212974186,1693,32,22,2,0.38550717865296963,1.092940131841529,0,0,0,0
0.24074626721351444,842,16,23,18,0.3062821123971274,0.1583969536760148,0,1,2,0
2.7237106006613865,23,53,54,0,6.904590940616799,2.2583869362790168,0,1,7,1
1.1487283213715518,1,21,55,3,3.27883139308238,3.748768349709537,1,0,4,1
0.5814743926123981,1050,10,16,19,0.07049872282748547,0.40539249469317773,0,0,0,0
0.04362625076201045,912,14,14,12,0.2805595954692416,1.333166158667466,0,0,0,0
0.09558657723554491,1484,31,3,6,0.02682623197768205,1.6182798806329386,0,0,1,0
0.4086802037807465,281,10,2,2,0.11301472572597937,0.5297698851653039,1,0,0,0
1.7222045748766888,835,45,13,8,0.09983075666652942,0.2721598087327135,0,0,1,0
0.5,3,103,25,4,0.1422434528032063,6.674636942524417,0,1,7,1
0.6511906913898305,1719,6,28,22,0.7351590517929781,1.9307125741166287,0,0,1,0
0.01776776328235749,903,20,28,20,1.006427749900747,1.9932852816426219,0,0,0,0
0.2968078935051169,1305,25,24,4,0.7275017893817342,0.15098056204392019,1,0,2,0
0.5191123058109308,172,23,7,8,0.06332264921374468,1.084369621247203,0,0,2,0
0.03820480787604074,1741,14,26,2,0.8092665697922264,0.3319063895762091,1,0,1,0
0.6917797623830128,1114,5,28,7,0.0715783986180128,1.0089699819754918,0,0,1,0
0.9732634503980556,1261,39,24,6,0.06797871134317224,1.9950645678975578,0,0,2,0
0.2953005063954361,764,11,24,6,0.17136004688643938,0.6508822636572174,0,0,2,0
0.8221045916217098,743,48,26,13,0.2737413883181085,1.2312285836083954,0,0,1,0
3.022073593021617,906,34,11,10,0.2182051263959137,0.09213219141411821,0,0,2,0
0.8247289214855367,1542,5,29,15,0.013129549773427496,0.5776720969556324,0,0,1,0
0.791345117931367,1404,21,25,18,0.8621420537570752,0.6450894835714565,0,0,1,0
0.23194909148629497,1114,8,14,17,0.07875098442963813,1.4485429213200072,0,0,2,0
4.7972494022812615,13,67,91,0,4.295828541167108,6.642036831428051,1,1,11,1
0.15882680749401604,1460,4,27,17,0.36518875563919817,0.5664994188291359,0,0,1,0
0.19863154680455147,1053,16,3,19,0.010946830933646158,1.5171371892131253,1,0,2,0
0.7646160312407585,554,25,3,18,0.07057008405665639,1.123424772595533,0,0,0,0
0.7713703589415599,487,4,1,21,0.13539847080579176,0.4755580760877198,0,1,2,0
0.1394580914974728,128,33,14,22,0.4090408496821941,0.5619466598163325,0,0,1,0
0.8648092050865037,571,38,1,24,0.09463451751185797,1.9287534484303646,0,0,2,0
0.5613704938711763,15,61,45,0,1.2098908361639542,3.072125447887447,1,1,15,1
0.21200264949748576,957,28,19,4,0.7016103233740177,0.22516965693255875,0,0,0,0
0.584729281579217,1720,36,21,20,0.01606861967269029,1.1295031272565648,1,0,0,0
0.5162778167818545,1517,12,16,16,0.5643026857799176,0.6949419010050513,0,0,2,0
0.271887946748747,749,34,28,7,0.8156564068689962,0.5985530153606236,0,0,0,0
0.37950650870105035,212,8,29,23,0.001,0.15498407146978055,0,1,0,0
0.8983194682467004,94,5,25,14,0.3969994609804605,0.25956153459884845,0,0,0,0
1.2719126710696542,24,193,74,2,2.598166645877784,6.425937621242702,1,1,19,1
0.22938607064480168,1144,44,6,13,0.14977303258833974,1.8565592011728562,1,0,0,0
0.017496860721739543,705,36,1,4,0.07409542217709093,0.9488978091249483,1,0,0,0
0.8833435041742843,3,160,10,3,4.89719854294748,4.093940584893145,1,0,10,1
0.108948130470225,1565,2,29,22,0.17021544815706902,0.43229719008397627,0,0,0,0
0.9070434253104662,124,19,5,12,0.22140603935121198,0.8900821501150638,0,1,2,0
0.06859077908195384,984,49,19,9,0.04472685697210461,0.5411614254506913,0,0,1,0
1.4503664732887367,577,34,7,12,0.6830963289756935,0.2527124313650533,1,0,2,0
0.6196649746947053,1167,10,1,23,0.8962728913740368,0.14855830159511285,0,1,0,0
1.2333692694100975,407,38,8,2,0.5004400170509419,0.4189870479038773,0,1,1,0
0.47425763578791397,960,46,21,12,0.03523424777727652,0.22377868596954698,1,0,1,0
0.3612481699611379,70,2,14,20,0.09864640022718811,0.2467256893231009,1,0,1,0
0.4301698157094419,1133,40,3,21,1.1900227730764223,0.42542440966810346,0,0,0,0
0.013039771963020972,407,43,13,4,0.1498998577901383,0.37400341158758144,1,0,2,0
0.9725568323236474,1688,2,24,14,0.19008688094184903,0.6114965156973493,0,1,2,0
0.518062170773846,1113,49,4,3,0.42063725318316564,0.5902556196113748,0,0,0,0
0.017974938655777102,866,21,5,12,0.9722583240833207,0.8834517808645381,0,0,2,0
0.21548782053653717,1485,44,11,17,0.5349307846715795,1.7727257193566437,1,0,0,0
0.26232496985922016,1078,35,20,17,0.5073642008780708,0.26124001909528727,0,0,1,0
0.13820392319829855,1589,20,20,11,0.19575275048463478,0.49203503574714835,0,0,2,0
0.10010328074182362,1026,25,3,11,0.5597375704366406,0.49289027925222206,0,0,0,0
0.11596134927462509,1674,34,22,21,1.3975928050674042,1.463369884103642,1,0,1,0
1.1846950698598842,8,115,57,0,1.4937437924739425,5.254950878565006,1,0,13,1
0.4992390001127717,627,20,22,18,0.09689694277946351,0.9961546895462272,0,1,0,0
0.3485129272307533,1089,18,15,1,0.014331770564114776,0.379438352372917,0,0,2,0
0.590255804397267,1664,46,26,17,0.001,0.5552142784228067,0,0,1,0
0.1140746568877711,1135,44,17,3,0.47368281541835994,0.23825288139032552,0,0,2,0
0.07013769175005466,978,3,20,18,0.10922979418532064,1.8392146450487807,0,0,0,0
3.1323252628599607,18,56,40,0,3.179659358880933,4.295548071543917,0,1,13,1
0.8493315170180897,603,30,3,21,0.9370673310445445,0.08039795699698593,1,0,0,0
4.557181458776479,27,137,51,1,0.516409336979143,8.962883873095539,0,1,13,1
4.370027708393875,16,86,84,4,3.158360131947346,3.768076443520254,1,1,11,1
0.40054435866823446,718,17,8,15,1.074541577821067,0.04241827049307845,0,0,1,0
0.3625041260227198,1407,32,7,20,0.28464874723842665,1.2272983928403216,1,0,1,0
1.495869262516718,219,36,8,12,0.02071201912605103,1.598233236691121,0,0,1,0
0.1934051468336983,1604,45,18,7,0.33964969824988755,1.5052791189046377,1,0,0,0
1.0991152902598855,1370,29,15,11,0.5443584654710595,1.4980237055280459,0,0,0,0
0.88167423432607,555,25,6,21,0.25009284529273523,0.22603236811451932,0,0,2,0
0.5892769180707661,177,41,8,6,0.27902027576661015,0.7753853838894165,1,0,2,0
0.5836309089244125,1,186,76,1,6.164898169194649,5.829379613913256,1,1,4,1
0.29765703025518475,693,9,16,10,0.7627266047772137,0.2719873016716947,0,0,0,0
0.5380029890547041,830,33,6,13,0.6818944663116477,1.3103159345810955,1,0,2,0
0.5710491595554883,22,116,38,0,1.7680293636094915,5.135007194532725,1,1,16,1
0.7669309882223512,21,111,20,2,0.2590924520199358,9.876561569719701,1,1,7,1
0.45227600194484774,332,49,21,6,0.09846912286733364,0.7337018067697163,1,0,1,0
1.8527151877392394,1320,23,25,14,0.2098102844097793,1.5018463315926804,0,1,0,0
0.674453301774047,221,12,26,6,0.16803566790623745,0.10274700867728837,1,0,0,0
2.6400248845248533,933,38,27,15,0.04376562518715498,1.0150943028653614,1,0,0,0
0.27165966613329323,1272,32,9,24,0.6238640342484194,1.7985646145487197,0,0,2,0
0.6521086899174731,1651,42,29,13,0.13604322703110835,1.2340091113225138,1,0,2,0
0.00609741512438881,1585,30,27,20,0.2936732147031649,0.9813394373834283,0,0,1,0
0.2045983042331863,926,44,24,12,0.398232367308014,0.8432526041500632,0,0,1,0
0.0862966554151978,274,11,28,9,0.8485464499273978,0.25093040274483536,0,0,2,0
0.677196970640312,512,40,19,12,0.39569941435948075,0.12605770574254982,1,0,0,0
7.705409946701657,13,167,80,4,10.69421987771465,9.596793884459679,0,1,5,1
1.2050635718165954,1585,43,24,3,0.8224577093969512,1.4897333708528648,0,0,0,0
0.07826543049273488,74,8,2,9,0.5533324867818679,0.6714541356438357,1,0,0,0
0.037554298166293514,188,9,14,12,1.3632248326365435,0.044985836761678666,0,0,1,0
0.09672580337277714,133,1,9,1,1.3185379966746658,1.9603596962464596,1,0,0,0
0.18442312989449156,1189,49,12,17,0.4503662245564091,1.5184953039366855,0,0,0,0
1.250368041167382,29,98,67,3,2.2357920115605703,5.748684739156512,1,1,4,1
0.8257428550377401,734,1,11,15,0.9764274327438912,0.09408732905733785,1,0,1,0
0.3077828607786736,827,5,29,1,0.19734818643597865,0.6506376558152769,1,0,1,0
0.11044578597567231,624,1,19,3,0.6311451768669128,0.7885698438312001,1,0,2,0
0.07375633156735949,1131,24,23,1,0.15234434242594952,0.5616098806530048,0,0,1,0
1.3704249918254914,1142,36,29,19,0.009323610101135141,0.618954133839065,0,0,0,0
6.270958002970579,29,147,80,0,0.9821558680143865,7.334971366435998,1,1,15,1
0.45086206510786786,1293,27,5,1,0.45602116587121233,0.6337782381243005,0,1,0,0
0.057862265934515045,1392,27,9,17,0.7051720001981332,1.0226981554816146,1,0,1,0
0.042547475768551106,403,10,27,20,0.5981947957660649,1.5656452590290333,0,0,1,0
2.267819501339773,1359,40,27,20,0.5659612212933606,1.5470523927518307,0,0,0,0
0.4772728142397403,1701,19,28,15,2.2160321513726466,1.7169745878428688,1,0,1,0
0.07019096948831864,1711,18,16,8,0.1843911681063378,0.2715977127002498,1,1,1,0
0.4905367116581393,577,5,8,2,0.14578952172281928,1.296200674056619,0,0,1,0
1.3185807564815442,22,110,82,4,0.3577450410237544,8.477142563800701,1,1,10,1
1.8492783796745278,14,163,74,1,1.8563369876487998,9.424015738340396,0,1,3,1
0.08952249786579028,723,12,26,15,0.21366786300064647,0.24841785757118018,1,0,2,0
0.15792573271806865,79,43,23,17,0.33023389248009094,1.3492252529837516,1,0,2,0
0.4037836200750685,1257,33,12,11,0.37419068110322656,1.8448490812235177,0,0,0,0
0.051359094027285036,1280,30,23,13,1.149797667494363,1.9978563186262415,1,0,1,0
8.622051617602729,6,56,71,4,4.766483536693913,2.5053898079568597,1,0,6,1
0.5418627143872415,1496,13,6,13,0.09465207253761149,1.2503583293504803,0,0,1,0
0.12308298155587216,1555,34,4,22,0.41709023707257764,0.7938488064654592,1,0,1,0
0.3061791397719095,1734,44,4,13,0.06044635515997987,1.8759438790996714,1,0,0,0
0.30326858939522594,853,15,15,24,0.19359657593748528,1.7297069882855418,0,0,2,0
0.11585122037602505,471,39,20,3,0.0012156164455758816,0.5089269715758267,1,0,2,0
0.004619802805497205,119,43,7,21,0.6920379497761987,1.5559212679111534,1,0,2,0
1.9496562694374353,26,144,57,1,0.7263361805983233,6.038975304038479,1,1,9,1
0.03959242009745616,260,10,22,21,0.12355224742036688,1.6904050705584355,1,0,0,0
2.062693250563004,28,156,36,3,2.347269264686731,6.599266723279985,1,0,7,1
0.5052384941086985,1785,21,21,16,0.9342819856520177,0.4606285474258738,0,0,2,0
0.7990815151086437,891,13,16,7,0.1819505663060925,1.2197181210743138,1,1,1,0
1.8617785043499964,727,31,4,19,0.44939043646905485,1.7664054353976641,0,0,1,0
0.5189620405381139,124,44,4,22,0.15286814622056027,0.9713686517390647,0,0,2,0
0.2095291003485983,334,45,27,9,0.7506727192061379,1.374613804201182,0,0,2,0
0.28710525207056564,553,5,17,20,0.059212646363847876,0.6579085293642974,0,0,0,0
0.26873463678898757,211,42,4,24,0.3405185099978054,0.16140164271419088,0,0,2,0
1.9863601039376941,781,25,18,12,0.6811507729939242,1.6562353999861152,1,0,1,0
0.26158873418563344,1384,37,22,3,0.05332910616901251,1.9656014537261104,0,1,0,0
0.7066201815154283,1362,7,18,16,0.0856853265612032,0.002884499969914467,1,0,2,0
3.8425000772740296,17,51,77,1,0.700485400772512,2.989386343151528,0,1,19,1
0.47504228892607286,1441,46,9,10,0.13135460762828297,0.6977809441327802,0,0,1,0
0.8351428752002451,1613,33,19,12,1.4058067911201544,0.903931170866989,0,0,2,0
2.4118339752657154,1646,10,11,8,0.8934928809294554,1.1030424294299908,1,0,2,0
0.343047207298425,135,31,27,3,0.20019300035847631,0.370019485221984,0,0,0,0
0.30976854189896513,575,45,15,12,0.4298558300894644,1.842589402652818,0,0,0,0
1.7029533542181063,28,110,47,0,6.377869789700269,2.354117481812282,1,1,13,1
0.0185087601075609,841,33,23,12,0.3247228811339649,1.9911453974706301,0,0,0,0
1.0497079070434734,976,24,24,24,0.4570250612756846,0.14011132125110026,0,0,1,0
0.10182284525958717,1003,43,2,16,0.02132768852783417,1.719888607934359,0,0,0,0
0.4972519996224426,1378,43,21,6,0.017682345750202107,0.8037416040010943,0,1,2,0
0.01987967584027298,934,18,24,18,0.2933002364965722,1.3615846539991703,0,0,0,0
1.3766332735548692,125,33,15,11,0.05192498839087796,1.1902147563193641,0,0,0,0
5.286922379214856,16,101,26,3,1.3091072547103275,2.507240557841701,0,0,16,1
0.12953782521651375,347,24,17,4,0.4438410296871877,0.6749590359574902,0,0,1,0
0.3553562601263522,532,16,17,20,0.2685795266512784,0.5226509836887878,0,0,2,0
2.837640859052832,22,147,18,1,0.5502052864245224,5.624198205161094,1,1,9,1
2.6459891035963485,16,38,21,4,4.3404970460272825,7.136223914672142,1,1,16,1
0.6166608502404392,1328,15,4,14,0.24708751000748264,1.7891638153187484,0,0,2,0
1.0344606749735141,894,32,1,7,0.29273803397709947,1.839795738477593,0,1,2,0
0.8675674960755783,827,22,19,9,0.12040235158266338,0.006162796538616622,0,0,1,0
2.4789660817557793,22,182,68,0,6.194029629944077,2.063058880900172,1,1,3,1
0.001,1644,33,21,18,0.2710014771368314,0.17050150561390987,0,0,1,0
0.25663244742597885,546,14,3,24,0.9050586051757741,1.1319336476570963,1,0,0,0
0.19057311571535854,1794,44,14,3,0.5338287696056766,1.7050533393909977,1,0,0,0
0.9444687275766889,231,14,10,18,0.7376242597629743,0.7547084585797381,1,0,2,0
3.7228561087892347,14,99,76,4,5.7230129078461225,9.752991184200418,1,0,6,1
1.4823606179302722,770,12,19,21,0.10012998199709947,0.914758189112389,0,0,2,0
0.6052753242557585,1008,17,20,9,0.41614869840952196,0.09460573200704347,0,0,2,0
0.4652428645663679,82,29,27,21,0.19857222704307542,0.6746680441572483,0,1,1,0
0.16132144989567132,616,17,10,10,0.7886509411135715,0.2938957677967764,0,0,1,0
0.44681626507308764,105,47,8,13,0.19698898928468128,1.5540280261236394,1,0,0,0
0.7125594856973817,1202,16,3,1,0.586060472727984,0.7212469496141845,0,0,1,0
1.0053147087469951,1594,3,27,10,0.24615407217569946,0.15665063820487868,0,0,0,0
0.532020082560621,1448,21,15,24,0.7289335903761007,1.713450671610339,1,1,0,0
2.9805528487189843,1660,45,9,20,0.3621617592781574,1.9500096533685225,0,0,2,0
1.0332078451853108,1476,45,6,7,0.07379028269736873,1.727736526942672,1,0,0,0
0.06346827486498934,856,49,18,14,0.4697043022467723,0.7231343079022738,1,1,2,0
0.4871577848752243,1032,2,24,19,0.2011740416797519,1.1716881030373965,1,0,1,0
3.8328787142545053,24,105,36,0,1.5572856575529723,7.839452976963907,0,1,8,1
0.43773386066342906,202,3,21,8,0.16131698061082667,1.8701382728516864,0,0,2,0
0.0603194516504489,477,33,21,24,0.2684859555659819,1.4767465425060498,0,1,0,0
0.141981879470374,1036,6,4,19,0.9593578223306416,1.8901837012552494,0,0,0,0
0.8286872536298562,533,26,7,9,0.006450593034098541,0.8216812288550217,1,0,2,0
0.14597820187743074,545,32,28,21,0.2987235102562487,1.3934999681869384,1,0,2,0
0.3466318528654564,1138,4,17,10,0.8446692846402137,1.777705777340349,0,0,1,0
3.7909860504966457,2,132,92,3,0.1,6.502093685122147,1,1,7,1
1.1066678687438238,16,94,32,2,6.469376458547448,6.302275098029983,1,1,15,1
0.08898671397007586,1474,24,4,17,0.7348594571272763,1.8572835267650993,1,0,2,0
1.3861437629948004,379,32,3,22,0.20863260106450482,0.8709144951810013,1,0,2,0
1.8038063416089458,5,116,24,4,1.2044860673724527,4.580439512585392,1,1,15,1
0.38976056681816296,526,4,7,6,0.23045055881590484,0.15940323407242807,0,0,2,0
0.634237205923132,74,23,11,24,0.7022317100867455,1.994595021474929,0,0,2,0
0.038168861277968535,643,41,16,13,0.1256066708315711,1.41450821013556,0,1,2,0
1.1729722948735801,1348,36,12,22,1.282648589808319,1.1981250266223182,1,0,1,0
0.6401859172767059,571,23,5,18,0.12400709710869014,1.8263432428262771,0,0,1,0
0.01967797335629305,1286,45,1,22,0.9658965687120494,0.7599674907815224,0,0,2,0
0.35931067056201,680,20,2,2,0.48025014594199134,1.0231605194802191,0,0,1,0
0.5260952498565512,471,35,23,8,0.4055825018175105,1.6454584325823196,1,1,1,0
0.032834032902391445,1479,28,17,13,0.15620622508528836,1.7981823550421634,0,0,1,0
0.26274478380362315,1398,21,8,4,0.1799973722318122,0.6715779256733305,1,0,1,0
0.7064462888271112,23,156,23,1,0.6654785443318472,4.946619183675586,1,1,13,1
0.022418591313766896,1747,18,12,5,0.1773229484479658,0.9210487757101253,1,0,1,0
0.5682608340109486,1028,12,24,22,0.7006348472908848,1.9910655451390877,1,0,2,0
0.45727024098574537,81,44,9,11,0.19917381926916444,0.856084862588752,0,0,2,0
0.14538657989522824,766,16,22,18,0.03250367963888432,0.21781407064806424,0,0,2,0
0.12765063757044115,951,30,14,22,0.6664941980696539,1.5080678182483207,1,0,0,0
2.1931057514730092,21,105,51,1,0.12464108302160631,2.426899739050211,1,0,17,1
0.3299202732598623,1083,40,20,17,0.21903493701986065,0.607726153262681,0,0,0,0
0.1575250533525845,924,26,17,22,0.24741285958145603,1.9891907120810919,1,0,2,0
0.13164123188918736,708,2,14,23,0.4319079337959371,0.01634218481542793,0,0,0,0
0.02624457374752228,1154,29,11,3,0.3957836007417346,1.7742936156236584,0,0,1,0
3.6712317559376695,7,188,60,3,0.1,6.264158683767413,1,0,5,1
1.3489120868695865,750,48,25,14,0.08535877417004069,1.6334768381703824,0,1,0,0
0.10661107153887137,603,31,10,18,0.04973436817243809,0.15528215509204402,0,0,1,0
1.0849321597270078,18,94,65,0,4.0420017057310025,2.544868618743597,1,1,12,1
0.10528356423145457,1290,27,21,23,0.1947073946335732,1.0846520544762983,0,1,0,0
0.9209193559958471,25,24,78,0,2.6577612728342386,6.391888149237426,1,1,4,1
0.5,10,42,45,0,0.3235020442281604,7.684271368713885,1,1,15,1
0.17757102406798175,1151,44,1,11,0.07232960912846277,1.8718356081768768,0,0,1,0
0.44260182641891166,607,18,26,2,0.004638698638750146,1.8325954943131586,0,0,0,0
1.7887312013985868,640,25,27,17,0.4499557201989977,0.8878392566230255,1,0,1,0
0.03720656488813726,843,18,8,14,0.09065360347910278,1.7868391212398185,1,0,1,0
0.8988630040848028,910,17,18,10,0.2436774092607272,0.31131128253881246,1,0,0,0
0.04298652845118935,429,1,14,17,0.1926832044527862,1.9459240005871279,0,0,1,0
1.3647541250217836,0,31,45,1,1.0722490499408837,7.380217981320402,1,0,11,1
0.2706287435673569,1373,5,13,23,1.0601093014506657,0.03998798401668657,1,0,0,0
0.18074632395452103,341,21,23,4,0.05540178415536397,1.3679415722957677,0,0,0,0
0.2735347879095121,1386,39,26,3,0.24848564868779768,1.776586595020089,0,1,1,0
0.4300229981594398,677,25,22,15,0.040918516785213674,0.24222307738660365,1,0,0,0
0.039931978681562307,1583,33,2,23,0.6275694901607981,0.47213344544614433,0,0,0,0
0.5024099871637139,744,23,1,9,0.16898722280345158,0.22339933092473196,0,0,0,0
0.16456815058946758,1459,30,21,16,0.08667114935784442,1.2521162845994454,1,0,0,0
0.3065800643803283,592,28,3,18,0.10552769189027254,1.0983319647155043,0,0,2,0
0.34980442095890674,539,35,18,12,0.3790608695805118,1.0614852628923575,0,0,2,0
8.595190380885949,9,48,58,3,0.19407219231386114,4.862853329005965,1,1,3,1
0.8067684003548297,1683,5,12,7,0.712625502885295,1.170402925337955,1,0,0,0
0.4850153076744655,517,15,3,12,0.24113383431878935,0.01865101194978136,1,1,2,0
0.560459500444768,75,32,28,10,0.6773857974220179,0.5922311295928437,0,0,0,0
0.09551684828809266,640,46,24,6,0.23410869752541658,0.187259943962234,0,0,1,0
0.13680401327971162,1044,14,28,15,0.9800908419828256,1.578662109019849,0,0,0,0
0.35424248132234926,957,31,11,14,0.05218631699109858,1.1395334924329923,0,0,2,0
2.4750644370229695,4,168,62,0,1.2868034572053664,8.419774816966886,0,0,19,1
0.2207916146263214,1619,20,10,5,0.7649325084578927,1.06637566068219,0,0,1,0
0.14517496176464922,1148,48,8,20,0.27426068016889715,0.20365296187670956,0,0,2,0
0.001512721699029219,304,29,22,4,0.15417030342125992,1.727804897556995,1,0,2,0
0.10195182244455601,1360,15,26,4,0.3982862071211451,0.5053457228425544,0,1,2,0
1.584259171657611,1098,16,19,16,0.005829690413038133,1.5754949031775294,0,0,0,0
0.06413694948500309,1419,36,7,23,0.7552773985257393,1.1444599652678609,0,0,2,0
0.33319652974698677,1665,16,17,20,0.14762308458651538,0.5514103905664927,1,0,0,0
2.7083416657380495,4,164,75,4,0.1,2.9680181246197677,0,0,18,1
0.044223705752155514,1464,31,15,19,0.386162149969642,0.771671849516137,1,0,0,0
0.5114973152087163,485,28,10,4,0.11793795282264992,1.452731722398486,1,0,2,0
0.01868647616073923,853,1,9,5,0.05344624712200174,1.9156507698558984,0,0,2,0
1.6968733912148304,1336,21,11,13,0.21599330834084293,1.5403825942250813,0,0,2,0
1.1220310211425006,1301,35,17,3,0.38804817465238484,0.08799206014558636,1,0,2,0
0.1640255962581628,1376,1,6,3,0.6827440074301526,0.688269248681683,0,0,0,0
0.11726618780401754,1281,37,26,11,2.0417981907857445,1.9116629054442575,0,1,1,0
8.298750247031924,29,134,43,2,5.3481849796619185,3.6015355457164233,1,1,8,1
0.2308695422260187,361,22,29,6,0.13810943125771363,0.025932521796398378,1,0,2,0
3.442226462031411,11,196,22,0,4.4621584647897,8.450898088337361,0,0,16,1
0.028605660274103415,304,12,27,6,0.416576145527884,0.5113652524147614,0,0,0,0
0.16374956968937365,458,46,12,4,0.9236632549528756,1.4696829817041284,0,0,1,0
0.5,25,119,64,1,0.1736680037116387,4.6291961873409235,0,1,8,1
1.9875192420882617,26,66,74,4,0.6989508273871263,4.746663791915886,1,1,13,1
0.8160837477457025,1026,4,29,16,0.5510966188124077,1.6944043599539704,0,0,1,0
0.8701067523119544,1385,18,26,5,0.3670240754411022,0.6376761496666661,0,0,2,0
0.10965402342068911,810,43,4,14,0.07360589697162351,0.6128036584959202,1,0,0,0
0.545060929574356,1198,11,17,10,0.4063726038798934,0.8169934983760447,0,0,0,0
1.7276018686488483,984,48,11,15,0.315488942494078,0.973583681433352,0,0,0,0
0.04219066460037473,1667,20,17,14,2.3846028704739397,0.4843159994120574,0,0,0,0
0.4612165814772763,847,32,23,6,0.19009757212755787,1.2360197336117251,0,0,0,0
0.26353921845581685,459,42,1,8,0.47545676702786743,1.1697982255493002,0,0,2,0
0.7585016529870559,865,33,29,16,0.623528471206953,0.5556690917500346,0,0,0,0
1.6916903446221152,23,160,46,2,0.4204476189943128,4.099036785957718,1,1,7,1
0.16601964290493904,421,46,3,16,0.838470984992647,0.7930179925552456,0,0,1,0
0.7937853174723499,1343,15,9,12,0.7973139054412566,0.46222992436024324,1,0,2,0
0.03905804869431593,1171,41,20,2,0.3598990337433574,1.240470215772451,0,0,2,0
1.5623188325989674,435,35,14,6,0.8014991459317327,1.4792130658931946,0,0,0,0
1.3140986129270886,452,48,20,23,0.5490143124854163,1.2496864218674066,0,0,2,0
0.6531384192807291,274,3,9,19,0.6115366989318884,1.6205784605018878,0,0,2,0
0.6278524304898707,1424,15,20,23,0.17061019387420565,0.06018197345558529,0,0,1,0
2.7182356188317214,1116,35,14,23,0.01762277789123756,1.8631595393576237,1,0,2,0
0.16530953880365956,1456,21,25,13,1.4334179322431422,1.3962435593863565,0,0,2,0
0.6659701386750012,1686,23,5,15,0.09338626401980449,0.422010557123232,1,1,2,0
1.0308158987072082,1110,6,20,3,1.341510687571124,1.7007095655472062,1,0,0,0
0.8122810339259655,1607,22,17,5,0.4045992154097424,0.3500598814477822,0,0,2,0
0.211252174269768,921,43,20,21,0.1320749350534297,0.619320959219559,1,0,1,0
0.9823236611522211,1341,45,16,17,0.9790920501720752,0.11017991488472934,0,0,1,0
0.9715328100432542,5,151,28,0,0.1,2.557334184875132,1,1,7,1
0.0962605822760085,226,41,5,19,0.21916459825222256,1.3244937470615126,0,0,1,0
0.7178110490598615,1625,22,10,14,0.007052931299222755,0.49909111588503197,0,0,2,0
1.0669925791670325,300,26,12,16,0.006950163715926626,0.32067934967998113,0,0,1,0
1.0496998808902605,252,19,4,18,0.5846855780334987,1.0176015064130137,1,0,0,0
0.19665710659206567,1511,10,12,23,0.9028606690792235,0.8325617875539761,0,0,0,0
0.9490026372696992,1732,40,11,20,1.9670193289878801,0.9853479045389828,0,0,0,0
1.1924336194756286,1458,49,22,7,0.17085527832271097,1.7765549942874923,0,0,0,0
0.025443726975349388,810,17,23,2,0.8224582479851229,1.0114881015048611,1,0,0,0
0.08758137200227975,1078,39,6,1,0.04086175537996288,0.7124071961158394,0,0,1,0
4.098262169450766,14,73,69,4,1.3077435509206314,5.801633419494768,1,0,13,1
0.3213771943366735,1610,30,21,21,0.19932865939464356,0.03962139365523232,0,0,2,0
0.5156108794468862,669,13,16,10,0.1795577852652809,0.6706809561365832,0,0,2,0
0.4279043230004657,399,8,10,15,0.23548022332018267,1.0243149628233303,0,0,0,0
0.5450091904163448,853,28,3,20,0.4638246409187181,0.6639979375609475,1,0,1,0
0.2667621219056836,1363,47,25,3,0.7771917797803702,0.8254314001916843,0,0,0,0
0.163391574588316,1797,34,18,11,2.032882377896111,0.9463967621478793,0,0,0,0
0.2910483448538783,1504,36,12,1,0.5130955259647849,0.7163984471478531,1,0,2,0
1.8066437347778121,29,38,93,2,0.4627676947773904,7.2763590928398445,1,1,11,1
0.09877034469695108,1605,33,4,15,0.40506136566282686,1.0199629497279812,1,0,2,0
0.08150475496723984,1706,48,24,11,0.05209186168077898,0.3967272124801693,1,0,1,0
0.4725273074927703,479,21,29,16,0.13773674748939976,0.11926756479479206,0,0,2,0
0.0896013656543395,114,34,20,4,0.3683245120358013,0.7135378209161387,0,0,2,0
1.043265641370974,124,4,18,3,0.5564031307565791,1.0145303191802426,0,0,0,0
0.007788657685972191,1307,43,25,8,0.3903982072354508,0.37095900671284454,0,0,1,0
0.040945008235241394,63,1,6,10,0.2764739099983315,1.9101437577692904,1,1,1,0
0.35961699315594636,298,42,3,1,0.23146258042614296,0.27248910408904914,1,0,0,0
1.1423138297762807,7,61,25,1,1.8830170755059434,2.690069735983003,1,0,4,1
0.48316898045698,388,47,20,4,0.4536780078339649,0.89414063586403,0,0,0,0
0.04909322412956544,256,3,11,16,0.27982543852331393,0.9160437387345817,0,0,2,0
0.7397919170066617,401,27,26,6,0.37750990147976843,0.95205585572814,0,0,1,0
0.2759844736218151,132,29,21,2,0.15001528213595247,1.3043442666817333,1,0,0,0
0.09365521405558402,360,20,28,23,0.11789033289837854,0.7938477181845407,0,0,0,0
0.9600091936018439,817,28,9,3,0.0782303198125704,0.47520299787473386,0,1,2,0
0.3117969560067363,1358,19,20,16,0.5066831831418729,1.8737679977011026,0,0,0,0
0.14183094814786362,1104,45,25,20,0.5000126660121923,0.9417776014555779,0,0,1,0
0.09833885472589267,758,1,17,22,0.3272529331729372,1.1256796340174728,0,0,0,0
1.4604558546323427,556,40,7,2,0.4125072937773019,1.0676861860772708,1,0,0,0
0.5,27,66,29,3,1.6326396804241126,2.834697594809537,1,1,9,1
0.05527611819946485,91,43,26,24,0.40531656108106917,1.6014142527311757,1,0,0,0
0.013434536333697214,1248,46,4,10,0.5535621378124556,0.11234559780442344,0,0,1,0
0.8511790266109469,24,81,12,0,0.3522124591924064,5.288373967332354,1,1,19,1
0.136397893255261,342,30,26,11,0.2442903945164793,1.0333834331281206,0,0,1,0
0.11614419569062114,1013,10,22,2,0.12740260557012495,1.085638656668168,1,0,1,0
0.0674162095912738,1179,38,24,22,0.04132493770782022,1.323190882472973,0,0,0,0
0.02520517328459823,146,20,1,2,0.22274115077577297,1.6548784667581138,0,0,0,0
0.05542677540477307,966,6,22,22,0.5234790575611221,1.2517836213148543,0,1,1,0
0.052223854855546384,786,7,3,23,0.16153553396255738,0.7606262208710577,0,0,2,0
6.394137196290304,16,61,43,0,1.0050303992973901,4.843183924120957,1,0,11,1
0.24425699842621965,1360,25,21,11,0.21693486957054986,0.8132513374058399,0,0,1,0
8.57834600122415,12,83,46,1,2.527965406881622,9.050270907466857,1,1,5,1
0.2711644018475361,352,48,4,22,0.7980656980034748,1.8402374583804744,1,0,1,0
0.8565028035793866,1002,27,17,16,0.1626578832141345,1.9838127156792198,1,0,2,0
0.10315538839664776,1508,44,25,2,0.18289331043601986,1.2284237090826473,1,0,2,0
0.8199293587176796,1297,11,15,7,0.34053608548278025,1.156822302109562,0,0,1,0
0.8641737171109364,698,6,19,22,0.8525374288648415,0.5866212730444609,0,0,2,0
0.19888203081482578,398,17,19,4,0.27714939350151757,0.1605543664992155,0,0,2,0
0.14075213996189348,1575,1,28,22,0.7065312112026061,1.4894463828566147,1,0,1,0
1.5713703811646988,1424,44,9,11,0.05629201705715127,0.2859628468351856,1,0,1,0
0.2330323176468781,1621,35,28,13,0.4759267630212294,0.5930159805840802,0,0,1,0
0.16243670994756507,597,18,1,18,0.25786654712466794,0.4081176841970391,0,0,0,0
0.6686113292848203,398,3,7,3,0.5583886425661698,0.7201782760286639,0,0,1,0
1.1198519631611565,697,18,22,1,0.0660588139792636,1.1078420974717267,1,0,0,0
0.04797295148550687,829,19,17,2,0.024330239715467834,1.1946002827231048,0,0,1,0
0.917379972422134,1778,6,23,21,0.5108675011733643,1.730493245881953,1,0,1,0
0.5,19,25,26,4,2.8130660810090986,4.401809066343701,0,1,19,1
0.3589869790481824,945,5,28,13,1.2033369585024096,0.16884876853799957,0,0,0,0
2.4728710079414373,28,65,50,3,1.5074780903312934,2.464796168034754,1,0,4,1
4.701238828900243,0,67,86,2,5.95649480354202,6.07890409112553,0,0,19,1
0.393820600902027,441,21,8,17,0.06969232485903441,1.807399565376962,0,0,2,0
2.8282154892666376,29,97,55,2,2.405958070755792,9.276539892695524,1,0,14,1
0.015730165263127857,1148,47,27,11,0.0816519096017147,1.6284418416642072,0,0,0,0
0.08390894505614924,753,42,5,5,0.382240267227371,0.022410786114942516,1,1,0,0
0.8787338709486766,911,49,8,19,0.7943260207523517,0.137089223053511,0,1,1,0
0.09106291620431997,1059,22,2,13,0.073875939289124,0.9833379678869647,1,0,0,0
0.2729989589780929,985,32,16,23,0.6531308391176085,1.8904147254703811,1,0,2,0
1.9754124372645634,1042,40,7,9,0.23661601471595206,1.8037260222467315,0,0,1,0
0.7878634682838712,866,33,29,21,0.43188102038595244,0.1794386384128166,0,0,1,0
0.07312379922200576,1446,18,3,14,0.8242452520514828,0.6941801262390763,0,0,2,0
0.02710416837253274,955,6,3,5,0.2431175096829804,0.8482246558742186,0,0,0,0
0.5,25,188,75,2,2.8371464563244997,3.9971994906552197,1,1,8,1
0.8426882511746362,29,76,44,2,3.08230926551099,5.137010949353766,1,1,7,1
0.5,20,43,57,3,1.4982128837893938,8.858595194528265,0,1,12,1
0.013075439984406323,1246,48,8,14,0.1268603783705609,0.14338176059086383,0,1,1,0
0.7114311083631174,747,1,10,6,0.023179314703313414,0.07721578719388278,0,0,1,0
0.7800016471171269,957,2,5,13,0.04231609963361127,0.940736265751996,0,0,0,0
0.16514488822423737,834,16,1,3,0.08308168506895916,1.0871335485903408,1,0,0,0
0.09062578881090823,1514,34,6,4,0.17690154839820277,0.6177584162527119,1,0,0,0
0.5825919673405102,1263,20,1,16,1.1223122998569657,1.5023067363461975,1,0,1,0
0.13731816702412805,285,21,8,2,0.38991262737779997,1.3165451994332298,0,0,2,0
0.004199426856058394,155,43,20,5,0.4710376863538646,0.39531827871221004,1,0,2,0
0.10358851762558428,658,6,18,18,0.19668631857687013,1.3365347403582384,0,0,0,0
0.7873199502434152,25,189,66,4,4.774673717525671,7.44299147307499,1,1,8,1
0.3287936638526566,212,11,21,12,0.2857941711324569,0.33088535530747176,0,0,0,0
0.06870906206829155,1388,47,8,10,0.3225478115378352,1.3703262442818007,0,0,0,0
0.053261601775780744,1056,32,26,23,0.08989444676846431,0.09974508163874929,0,0,1,0
0.13541187952640296,1048,15,11,18,0.12094314314639204,1.229799697809676,0,0,1,0
1.5053692855948013,1580,48,18,20,0.015046539853365338,0.6428662779950474,0,0,1,0
0.14505230354980322,1512,34,3,20,0.0034063513631802864,1.0969926894122728,1,0,2,0
0.30408763097981,111,10,5,2,0.034575828841524124,1.855530797377371,0,0,2,0
0.5,19,52,20,2,0.7118343987321272,2.440799001561702,1,0,12,1
1.2711037909505007,480,6,1,1,0.37154954293777404,1.608438504550243,1,0,0,0
0.4230408628003247,952,10,27,8,0.8048434302164736,0.38395880553748496,1,0,1,0
0.2258099703576552,192,43,16,18,1.1522393014533148,0.5939267061439382,0,0,1,0
2.3377511053935263,1146,34,5,8,0.3409299255264563,1.5217875442219295,0,0,1,0
0.6886012055734535,20,197,13,4,5.148973429555261,5.96954795026968,0,1,12,1
0.016998984934238973,960,28,17,9,0.1717111554734799,1.6038804692948148,0,0,2,0
0.6148514781271537,1199,23,9,21,1.2128378811285185,0.17066596459833128,0,0,2,0
0.768968005515456,1319,4,17,21,0.31685826122735944,0.8133278584659871,0,0,2,0
1.8513499282987345,1586,25,14,6,0.6740248001981771,1.1854756123421124,0,0,0,0
0.3025696362326469,1092,33,11,6,0.2643437863490171,1.0420965255659145,1,0,1,0
0.14602739846099724,616,20,22,7,0.37281366469382116,1.3073028394648583,0,0,2,0
0.09962657002461488,911,20,26,8,0.1753425761686361,1.061547521922867,0,0,1,0
2.3400460106874563,24,133,10,0,2.043005264393471,8.437082632746588,0,1,3,1
0.8551511073538646,1171,41,23,17,0.04657305202961462,0.09979727491488477,0,0,0,0
2.641522928054862,7,140,37,0,1.880817342663269,8.527809482432511,1,0,8,1
1.3931781462015482,7,103,55,4,1.869443682142442,5.0933213845794105,0,1,18,1
0.10031132271889609,1433,46,2,6,0.3132324788657454,1.1624505277599912,0,0,0,0
3.402875609944641,1739,46,17,16,0.32839600380513806,1.3170293041167396,0,0,1,0
0.09970444905313677,145,11,17,21,0.28078685148431054,1.9231000121676416,1,0,1,0
0.4542144199937801,268,34,24,4,0.09860777392531633,0.9836243879413453,1,0,2,0
0.2693592113318849,1502,32,6,23,0.4224404730713043,0.8631976672768642,1,0,1,0
0.10999332594693238,1606,11,21,23,0.18579913445938012,0.5325173610255167,0,0,1,0
0.4560324313451276,184,19,18,4,0.9286304151622571,1.3424420468600167,0,0,0,0
0.6192360027795475,125,24,21,22,1.2247665979385702,1.2644978688728927,0,1,1,0
0.6364105920002366,822,31,10,7,0.08698780912937631,0.13770812898689755,1,0,0,0
0.5099741567489233,88,22,27,14,0.06164941406013752,0.9382151150096474,0,0,0,0
0.27490758639589563,1235,17,21,8,0.11057899836316942,0.5163672198141889,0,0,0,0
0.013360408433255682,1707,49,27,21,0.11766738787312998,0.49970673451017866,0,0,0,0
2.5819791332282787,18,39,23,2,0.24827411892041618,4.133956881403758,0,1,3,1
0.5170069669522324,1391,15,5,24,0.06583742681096579,0.31990315787658896,1,0,2,0
1.0761604850130002,261,47,2,16,0.21718180961559141,1.3436115892272424,0,0,2,0
0.9267945682339606,991,38,15,22,0.5669144860459862,1.1752730293764175,0,0,1,0
0.6271110699531276,344,19,19,20,0.5635642050479795,1.077658789129855,0,1,0,0
0.2756573309354759,918,4,9,15,0.153237947604692,1.8540509855124616,0,0,2,0
0.5,15,171,27,0,1.0675390208637912,5.115404784180456,1,1,6,1
0.3331281036291987,1692,29,22,5,0.8280324143678313,1.2124876456857638,0,0,1,0
0.20353408039696877,1386,26,18,11,0.7280255588352442,1.011962716304864,0,0,1,0
0.20702325490566195,1667,9,16,3,0.4083760218440146,0.016803048556477407,0,0,2,0
0.3062710385307899,1515,38,25,4,0.5257473499919343,0.5136803915746131,0,0,2,0
0.19837461511599133,746,11,12,20,0.14867729278198205,1.487443495961498,1,1,0,0
0.6115700484916635,15,49,36,0,9.539516019618235,5.379061175319013,0,0,13,1
0.03935914484397893,1121,36,9,20,0.9806231438686892,1.8883959452617745,0,0,2,0
0.6710873543226646,1499,22,22,21,0.18855677297885962,1.115411680600015,0,0,0,0
0.3640058654822599,1618,8,17,13,0.32139414144903117,1.766155921835345,0,0,0,0
0.23218358210038936,416,5,13,5,0.4686935755551643,0.5578474893938576,1,1,0,0
3.2833853975730642,7,60,47,0,10.370716208351801,4.571528041910482,1,1,7,1
0.43451900055791287,1782,23,17,13,0.4468596483195909,1.2732331776951256,1,0,0,0
0.9171158328078797,18,131,59,4,2.2975290452631993,2.9914088154342684,1,1,13,1
0.9771686477564148,487,5,6,6,0.8206920045166552,1.6851311550038073,0,0,1,0
0.08349014240557615,260,39,28,10,0.08258042072930392,0.09629785005136937,0,0,2,0
0.020042354623577906,351,45,12,15,0.13919619094606445,0.2638199854474206,0,0,2,0
0.29241384637999973,706,6,25,8,0.08829109581611774,0.14845186284747558,0,0,2,0
0.6594526356275214,1585,17,15,9,0.024859661951140366,0.1584983728827709,0,0,0,0
0.5186681659435816,1468,29,2,20,0.038701128351085745,0.4076224549204499,0,0,0,0
0.6562756817302537,1656,27,9,15,0.09551533918471214,1.5360162772851091,0,0,2,0
0.5,16,62,46,0,1.3351197460761466,5.250706328469793,1,1,8,1
0.01650482219839466,525,44,6,7,0.12705228704562463,1.0308443437403794,0,0,1,0
5.88793899545227,18,95,81,2,0.27036484418221657,4.170380243910793,1,0,19,1
0.07916752741484376,1104,5,20,11,0.029127887239310465,1.6521217563744166,1,0,0,0
1.6111358472240993,1567,10,24,1,0.2739104264767396,1.182918862664704,1,0,1,0
0.13223304586627976,1450,45,4,21,0.6099274301570223,0.046998743780926056,1,0,2,0
0.8696322232632999,1076,48,4,14,0.0059684029373300185,0.43658104948421905,0,0,0,0
0.11742216702772107,641,5,10,18,0.9379048012700297,1.87319084365478,1,0,0,0
0.03363196543965212,975,45,22,24,0.2240259623043148,0.5258525338087596,1,0,0,0
0.20605456294829502,929,45,22,24,0.4385431323574565,0.7401844224853358,0,0,2,0
1.9127089628224434,0,110,76,3,0.3759567623524878,2.9902639681792405,1,1,4,1
3.750313624173904,8,136,34,1,0.9243923185675309,6.252056194397742,1,0,6,1
0.14586267837357858,200,35,14,14,0.470991082514661,0.7639348659560092,0,0,2,0
4.223262770004445,10,161,16,0,1.1685877975598415,3.057812562617988,1,1,6,1
0.05642301959700797,907,43,27,1,0.3017256586474619,0.9031334278883294,1,0,1,0
0.0726090161642818,497,40,5,12,0.2564793214496271,0.9822551285118715,0,1,2,0
0.42145018127970313,1545,4,20,22,0.15179983874852185,0.983812741120865,1,0,2,0
0.05075866076325476,1076,19,29,18,0.4559114133751261,0.5116461799332033,0,0,1,0
1.3208744226866016,456,32,20,5,0.030955838292220195,1.2366928269089281,0,0,1,0
0.5,26,96,14,2,1.9244914736121554,5.625777319354173,1,0,4,1
0.3394442448212634,1245,42,28,6,0.6642355426946366,1.732589920043517,0,0,0,0
0.26651219939284987,433,22,15,14,0.05996663341407306,1.7794089035770242,0,0,1,0
0.31300370836597097,1631,5,29,24,0.3664750979262349,1.309798276367188,0,0,1,0
1.2099843322473172,20,56,41,2,8.876222209794447,9.25810821642361,1,1,13,1
3.612556035696092,5,149,19,0,2.617881416592802,8.699402309166945,0,1,17,1
0.8243554729925832,816,29,28,4,0.45884928020485855,0.6610201636083861,0,0,2,0
0.6578345870424483,815,22,1,24,0.33249109229211227,0.38868238267589095,0,0,2,0
0.2810222848269944,889,48,10,5,0.9985943893336515,0.8876986811483045,0,0,2,0
4.077172282754269,3,194,87,3,0.6703203657062863,5.081532641425954,1,1,3,1
0.2186879373005469,290,19,2,4,0.5685058311259541,0.08577607176988034,0,0,2,0
2.147005056125383,1000,28,11,22,0.2697634464670042,1.5918768336560363,0,0,2,0
0.15457438820776304,738,39,7,15,0.08768108132973058,0.9944574014569634,1,0,1,0
0.9296306291709906,739,36,16,3,1.3885507319178811,0.4252804721853205,0,1,1,0
0.35287924442783863,408,1,14,4,0.742838203093264,1.9922546960525604,0,0,0,0
0.743599271154491,240,24,21,8,0.505958926928988,1.8605922029425022,0,1,2,0
0.09173263506538035,588,22,28,8,0.3739533539464478,0.9610817145796582,0,1,1,0
0.23655978290886856,550,24,7,12,0.29486289943143745,0.07907118630938359,0,0,0,0
0.5223937935496715,121,32,6,10,0.5405374034503747,1.5352444035271775,0,0,1,0
1.218512600595924,7,117,40,0,3.8812122716641624,6.6802138199768795,1,1,17,1
0.34288237444564706,894,36,29,11,0.13505963985826286,0.26585747329924736,1,0,1,0
0.7731747508990527,794,22,18,17,1.6803003370709608,1.8512378354969736,0,0,0,0
0.061851912398331085,272,7,4,17,0.7287551524141955,1.2383718795397682,0,0,2,0
1.0130897825905394,12,50,81,4,3.6761629251027554,6.274082788373085,1,0,17,1
1.06078526965118,527,40,1,3,0.24528426983400997,0.9586278762677127,0,1,1,0
0.04428783871291157,1436,6,24,11,0.0631995725011164,0.5248637577307687,0,0,0,0
0.5,23,127,96,1,2.418283290332031,8.17873407295189,1,1,4,1
0.26415277824465117,255,37,26,1,0.018399286180777488,1.888895264076651,0,1,1,0
0.03467026652631939,308,33,19,14,0.1922020018243704,0.03211427646004861,0,0,0,0
0.03355051653813988,570,44,22,19,0.8685478315184068,1.5851292817953098,0,0,1,0
0.016602135752814145,972,30,23,22,2.03404525304432,0.11681747618113514,1,0,1,0
1.7188275014186716,1465,43,2,13,0.29695630088123776,0.2854289694562122,1,0,2,0
3.2329440074929545,11,64,10,1,0.43545260085985305,6.378436831923998,0,1,13,1
9.315280435408239,15,52,38,1,0.3235759796720806,7.422194584450278,1,0,14,1
0.5,5,181,22,3,2.9876337999918823,3.922356199106395,1,1,3,1
0.9455623958741025,1677,37,3,9,0.31814959084569333,1.1240665314135514,0,0,0,0
0.6530534679833768,28,137,15,3,0.6553511518363176,7.6770903060714,0,1,10,1
1.2330821063064827,454,20,13,11,0.021713731669412276,0.24225703414484245,1,0,0,0
0.22844663455222472,647,45,12,6,1.3002964573330826,1.2381909637751338,0,0,2,0
0.8197563291787238,75,35,17,14,0.22053410493549086,0.4842264816652666,0,0,1,0
0.3807439187276906,359,20,25,23,0.138663351679378,0.8816159477103531,1,0,2,0
0.13311738744306478,1065,9,13,13,0.05390245989993925,0.04224301761546423,1,0,1,0
0.6063883499640904,1569,14,9,20,0.1714972343658646,0.33446669747068425,1,0,1,0
0.022191524639933062,308,41,18,13,0.03142307321221211,1.7048606653772223,0,0,2,0
7.358690382292712,29,149,34,0,1.0943730547431725,6.418200539588355,0,1,7,1
0.43819088229585906,1034,45,6,13,0.2495463604888645,1.9064736058221246,0,0,2,0
6.842360983936995,7,197,80,3,1.2843934910017012,9.635839853750266,1,0,12,1
0.5141970735544455,167,25,1,17,0.7873961831925314,1.7367256418892418,0,0,2,0
0.6960019498419614,1724,12,21,8,0.7887296746278544,0.4650675781209386,1,0,2,0
0.5266755678436182,563,5,18,17,0.15443267524278131,0.0531148963585264,0,0,0,0
0.3601918726812375,1797,19,15,13,0.09922121838745031,1.8250481707704524,1,0,2,0
0.973254964406404,2,96,76,0,5.06581835688719,5.434085416238593,1,1,19,1
0.3617344873135256,427,2,17,3,0.2280223772075568,1.7277767826700206,0,0,2,0
0.42962033443407793,535,21,7,11,0.7228161995317377,0.15355744737293398,0,0,1,0
1.1475511708146917,555,14,10,10,0.05868246822138371,0.9998881719461847,1,1,1,0
0.5221051189660951,632,49,18,6,0.7700029388088239,0.31346622942215574,1,0,0,0
1.093814760249315,953,15,6,11,0.001,0.455564769297669,1,1,2,0
0.12116437803844689,524,16,27,12,0.0813225270741039,0.362896028427766,0,0,0,0
4.398058045650965,13,146,71,2,4.7129870361611665,4.079464425565329,1,0,9,1
0.005924904384585421,561,23,3,6,0.6979935911615607,1.1109755498840619,1,0,1,0
1.1132042581618733,861,9,19,22,0.2234339668474158,0.7283052090289353,0,0,2,0
1.8150971875721706,193,39,3,15,0.13903895406075456,1.2078083911209538,0,0,2,0
0.17658942500081026,467,25,16,5,0.14716819794920596,0.515302384850054,0,0,0,0
0.6708468768927355,1461,6,18,8,0.7903209770880215,1.7740514157903047,0,0,0,0
0.1507124354572826,945,7,25,6,0.09696705653658377,0.19485393995440425,0,0,0,0
0.21335202779726828,654,16,22,13,0.6910256502516265,1.3063263379382264,0,0,1,0
0.7123061267985805,1590,14,4,10,0.9283327732268989,0.28875940673145006,1,0,1,0
0.0360949889742447,1631,14,29,13,1.7985292365046819,0.6915044540214119,0,0,1,0
0.27970856970137054,1156,43,8,11,0.09203291345429937,1.802239065694861,1,0,1,0
0.5,14,65,87,1,0.3248522868664127,4.149263155887911,1,0,13,1
1.6077258807530035,820,30,10,3,0.43910908396591186,0.7120936713135269,1,0,2,0
0.18943379691203738,542,2,29,13,0.00789147358374264,1.2606273646282748,0,0,2,0
0.1324571834032721,909,36,29,19,0.3637005856305704,1.6839654557445527,0,0,0,0
2.0995078624649754,903,48,15,5,0.013405007439585654,0.8504291385333504,0,0,1,0
0.030118154329465262,1457,13,16,7,0.26782349615336826,0.7982728061874058,1,0,1,0
0.9774195785831246,1077,1,29,24,0.10238104957196491,0.7183063826068823,0,0,2,0
1.5123726591010258,584,42,2,21,0.44155612165428865,1.9904425067122617,0,0,2,0
4.615446633785415,7,162,28,0,0.5471729859018666,9.93634859488356,1,1,16,1
3.70763406220822,22,99,67,2,6.610093421757527,8.8076478846216,1,0,17,1
0.4509989653028421,1003,32,21,12,0.4930344459227464,0.8388433540317071,1,0,2,0
0.5211284556163475,1600,41,11,10,0.031616522770846894,1.1171682846413291,1,0,0,0
0.06001137439709189,1610,6,9,21,0.38002523129391047,0.3731703306054235,0,0,2,0
2.4341912418514022,8,182,43,0,3.4203837439930487,4.12321682026196,0,0,9,1
0.260139465779218,908,38,7,17,0.13975648403174476,0.2063827991242526,1,0,0,0
0.39249739427277536,1218,20,28,8,0.08090630614448094,1.2503500166196966,0,0,1,0
0.5,25,40,33,3,1.651335197922411,4.777401619999296,1,1,6,1
0.32910746943995284,1778,11,13,7,0.04399463828179518,1.1443053825271494,1,0,2,0
1.3088845831118594,1293,27,7,2,0.1795739406162604,0.07388937190332623,0,0,0,0
0.5655222246420455,1505,11,22,14,0.2985532187935896,1.1700312155019226,1,0,2,0
0.22254497958890393,1592,2,18,14,0.16343677342813398,1.3303752017798758,1,0,1,0
0.5114472238721316,256,17,13,5,0.03950589494975069,1.6451823885573726,0,0,2,0
1.7712349613111267,1711,17,5,16,0.5655342129037129,1.0231218142763716,0,0,0,0
0.57382336476219,1577,45,29,20,0.9062222313942885,1.009893985993053,1,0,0,0
0.5192954925421331,1758,16,10,7,1.6719335739857581,1.7064875863338587,0,0,2,0
1.2102368874451594,319,25,21,1,0.22502023367316434,0.4187857972961153,0,0,2,0
0.4881722406708588,1759,13,25,7,0.3606270439555767,0.5700054599020594,1,0,1,0
0.10033502446510932,1662,39,22,21,0.8992528641067863,0.6616222297644296,1,0,1,0
0.019853996856933325,138,30,19,7,0.002191321111095989,0.32263681356309526,1,0,0,0
0.26622844910440985,1197,9,9,1,0.15009796197995728,0.07625635761628935,0,0,0,0
0.6383697167758628,1574,39,19,20,0.38854555334611446,1.49702425467819,0,0,1,0
0.04911489265562232,1754,44,5,10,0.19158715726710895,0.9173808821563798,0,0,1,0
0.12914742616667566,1278,41,18,15,0.44903046193663165,1.9667075622675732,0,1,2,0
0.8465640157676817,1491,43,20,18,0.3787791429849844,1.6370449635637374,0,0,2,0
0.29925582892294034,1639,12,23,4,1.3666163691576647,1.0421119372644547,0,0,0,0
0.01283770737638887,527,15,29,13,0.10306902423217666,1.9197993960833815,0,0,0,0
0.6928671215841588,1285,12,15,3,0.1801868836030605,0.9063518665825105,0,0,0,0
0.05322394599515666,798,23,5,11,0.2288240310228764,0.4003081671376454,0,0,1,0
0.05220610065703521,1727,6,12,13,1.022375059624278,0.6728085182111228,0,0,2,0
0.015654845707071582,822,20,22,5,1.83984577156768,0.4449063375511364,1,0,0,0
0.16823141569534436,151,41,27,19,1.169953058305558,1.832103262626483,1,0,2,0
1.3761960780493299,11,190,97,4,0.1,6.981485531222786,0,1,16,1
0.1782870441360368,577,29,27,1,0.18007787763432098,0.2638749695185487,0,0,0,0
0.10860744766261925,910,48,8,4,0.41158533851887125,0.28036421840908754,1,0,1,0
0.6899081931460758,947,6,11,17,0.10779026218251492,0.8016185766825652,0,0,0,0
0.37995542209415817,611,37,27,4,0.3499782648343397,0.6467861108416733,0,1,1,0
0.07732291877534686,1067,13,24,6,0.21549899638979758,0.4756369967468099,0,1,1,0
0.5216645597630094,1785,42,27,6,0.11971245132690292,0.6620800348424332,0,0,2,0
0.32069087522927225,1659,32,25,16,0.7842307231619462,0.2858861918486584,1,0,0,0
0.17574251281346515,642,2,27,20,0.16821022295144344,1.3912098087689706,0,0,2,0
0.01056560602806278,1789,41,2,10,0.43201838581061064,1.9205080217137493,1,1,1,0
0.9310885282174669,216,47,26,9,0.02626539189116884,0.017203636865430694,0,1,0,0
1.3308114335561378,1634,34,19,15,0.10051384439203506,1.1080002869848462,0,0,0,0
0.19889190766618264,1041,28,6,16,0.3180348807021509,1.5159401049213233,1,1,1,0
0.31342283626199996,482,33,9,23,0.18930865708460332,0.5506646011234264,0,0,0,0
0.006114472179484654,546,9,15,21,1.0070945943359464,1.9172269026673345,1,0,0,0
7.844223279498524,28,115,96,1,0.1,4.824973932585312,1,1,14,1
1.064202484115725,444,15,15,5,0.016913749971089548,1.0144776417087518,1,0,2,0
0.7477535105010256,1566,28,5,13,1.050540895058469,0.9353172200546418,1,0,2,0
0.2513716102906837,1393,5,13,13,0.384733355924078,1.7133435510182393,0,0,1,0
0.8667498253377972,0,134,86,1,1.6598053982016054,3.1642956835365528,1,1,6,1
0.00624080423751401,1423,12,19,23,0.11328867329625716,1.1742324288369346,0,0,2,0
0.25229092744694037,429,3,24,5,0.6582187429532502,1.1781306765950026,1,0,1,0
0.7766406717068507,1581,2,24,23,0.08625181667173977,0.9684140946373831,0,0,2,0
0.028159074621646893,1372,5,11,2,1.5727108272601862,0.8379525026396533,0,1,2,0
0.033752395453306855,963,33,16,15,1.137975649055688,1.8092558516003276,1,0,1,0
0.4543414021101691,743,13,27,23,1.274841706858294,1.9336482366735512,1,0,2,0
1.2373653891602308,720,41,27,17,0.859917844376019,1.7690990426225768,0,0,2,0
0.5,20,87,48,1,1.6030630965022734,7.2053769000326895,1,1,11,1
0.5,26,115,40,0,2.770147000345205,7.2683307325642295,1,0,3,1
0.14859428443305536,266,3,15,24,0.12719655932616944,0.5426288254190714,0,0,0,0
0.23685970527975803,420,3,15,20,1.7730780139530067,0.9008316774676886,0,0,2,0
0.2205900587748601,1115,23,29,12,0.11819361393014938,1.0740796860246404,0,0,2,0
0.5,18,197,20,1,1.4457806342946613,6.831104644149566,1,1,13,1
1.4730029909198945,29,69,90,1,0.385876857668298,5.401963145778717,0,1,13,1
0.5,5,48,26,3,1.3523144018142634,7.426554272491445,1,1,14,1
0.05237001674243566,409,47,29,12,0.13845690726786414,0.28078456772652394,0,0,0,0
0.2080510688152398,1053,18,12,17,1.1007709282647982,1.6759984447514853,0,0,0,0
0.31923718661861517,1054,20,10,1,0.43483951749484273,0.3649394523016287,0,0,0,0
0.0702144881204135,88,20,27,23,0.013049626025126,0.16465471914350105,1,0,0,0
0.2545824217045068,591,3,27,13,0.20983315031097535,0.6542524639427281,1,0,1,0
0.5,21,102,15,4,3.2789145922004383,9.562273794059525,1,1,8,1
0.7656329021790305,338,30,12,15,1.1645124373946432,1.55666187652624,0,0,0,0
0.019125493661235043,1419,38,3,19,0.3785125173851186,1.7239437883639592,0,0,1,0
0.036827395253618056,1025,4,27,10,0.043756992324121245,0.5146475975399021,0,0,1,0
4.410383664871239,0,168,41,4,4.131377870035172,9.679897691523891,1,1,15,1
0.05568550354541229,1620,13,5,5,0.9834753310325257,0.31359035341256214,0,0,0,0
0.05178974559716974,1130,24,27,21,0.2830422087975106,1.6955083231100991,0,0,0,0
0.052107598897236006,1021,49,19,19,1.359760859875761,1.2342540879178616,0,0,0,0
0.005844293025465451,1086,17,10,5,0.10041015889378715,0.4709625859729827,1,0,1,0
0.73212174887384,281,32,3,17,0.027410472932253096,0.19768498333718543,0,0,1,0
2.1107030700565126,25,64,65,2,1.3986576417154057,7.7203783263907155,1,1,16,1
0.4524464691297593,697,10,11,18,0.49857225631888763,1.149573874527947,1,0,1,0
0.11458232657080353,1715,5,15,1,0.5100679033101966,0.20184643349570508,1,0,0,0
0.6562810147679964,208,29,17,23,0.14529925380425482,0.9449038407330659,0,0,2,0
1.4150438588425271,1344,23,25,21,0.03314196174908284,0.9603979785455017,0,0,1,0
0.2788594414279805,1127,34,14,4,0.4811875416572453,0.4709945703121401,1,0,0,0
0.005009630155306116,1777,20,19,13,0.18744931693205774,0.8644147142217189,0,0,0,0
0.19103278773241575,657,32,21,3,0.9650316328027888,1.6085290670510832,0,0,1,0
0.5958389748441185,1250,31,11,23,0.23198709033518028,1.4906777859997307,0,0,0,0
3.2303273605546905,1,185,38,3,3.780163292709802,2.8667290077186154,1,0,11,1
0.18673104332512158,1747,21,16,19,0.025320183995809372,1.4462872688542838,0,0,1,0
2.066885264565887,955,16,14,11,1.4609128161322391,0.06027938635415797,0,0,0,0
3.3731875524170283,0,25,70,4,0.7675691157791507,9.900298470670982,1,1,13,1
0.026738578757295513,762,47,8,24,0.31982543003193886,0.32877814088268575,1,0,1,0
0.06740342991521535,480,24,20,3,0.19692945712202548,1.7675161317737869,0,0,0,0
1.4025472096457912,1108,47,22,3,0.39893881128562475,1.7632875103618695,0,0,0,0
0.6807803160457799,13,38,41,0,10.700246622755182,7.368981372663241,1,1,4,1
0.6088742285000011,1115,45,19,8,0.3449706462196257,0.9807608179790779,0,0,0,0
0.6513744642461581,1343,31,6,17,0.12573002856297497,1.571036093459794,0,0,1,0
0.5423100775427591,592,33,10,20,0.19070404045169098,1.2878924774012952,0,0,2,0
0.2590248004051997,1216,37,12,11,0.08785780430631498,0.7341268837527286,1,0,2,0
0.6322114307095265,541,41,24,10,0.07632577732915954,1.6986087945071515,1,0,2,0
2.4091505355709186,17,96,89,3,0.18298656424921952,4.499240894981445,1,1,9,1
4.625818709025248,9,107,97,3,2.179359950756515,8.225272059050631,0,1,14,1
0.19324554756851975,1179,46,21,16,0.11599307514092566,1.811622164766573,0,0,2,0
0.062499287701672325,491,11,6,20,0.18106701001115888,1.8305896008688074,0,0,1,0
0.3586570621181925,1062,17,6,11,0.10583825174569039,1.3911849417517288,1,1,1,0
0.29058375903162315,1433,27,3,20,0.21297732436722827,1.481504794057146,1,0,0,0
0.25809311318943373,1164,2,9,7,0.19696121254505788,1.732234306644881,1,0,1,0
1.2596470398615316,1,141,61,1,2.5761554919516594,8.144954752741409,1,1,19,1
0.12281013653489013,1312,14,25,1,1.239197199581608,1.1769182456443315,0,0,0,0
0.2799221753900893,1364,25,15,7,0.11641270992984887,0.30245875346248496,0,1,0,0
0.03777304476289857,561,42,25,13,0.6186525602597993,0.7490292353170966,0,1,2,0
0.36766771412928306,954,46,18,18,0.0545005376535638,1.7297007932993451,0,0,1,0
0.28654063598325563,1723,4,9,6,1.7440698663736656,0.5551623758195772,0,0,2,0
0.407138482603557,1383,17,18,11,0.029054964471169616,1.3004976860337096,1,0,0,0
0.2794826628258579,1395,30,19,21,0.5553029040922416,0.9007424978933853,0,0,1,0
0.025635609768063422,1110,2,13,14,0.09307305101007662,0.4347138789192666,1,0,0,0
2.2427354277324723,12,158,45,4,2.3745408678543054,2.102007214400433,0,1,19,1
7.558404984242863,15,105,40,0,4.572840651011025,6.900488561048875,0,1,11,1
0.34719350675156346,634,13,27,9,0.423101086753958,0.5694812908251898,0,0,0,0
0.7741054610960924,1200,48,27,8,1.0801935684648096,1.7374996330810175,0,0,2,0
0.9285632827085458,1374,22,14,17,0.2680453306085057,1.579043240955899,0,0,1,0
0.12099780662202365,1224,22,4,21,0.04560008724567166,1.8914435098466444,0,0,2,0
1.7240411706004004,897,33,12,3,0.127537637871378,0.587558893100653,0,0,2,0
0.5973568708741899,428,8,3,1,0.32945494380042556,0.7385931298532784,0,1,1,0
0.041788647782379895,928,32,4,16,0.8622357643065028,0.2615184006718394,1,0,0,0
0.1278750720168829,220,44,11,18,0.01636046441271431,0.6783425981415747,1,0,2,0
1.7035908805984925,1626,24,16,15,0.1124400622873829,1.7978759917656373,1,0,2,0
0.05591096187404582,503,48,16,5,0.12568140581907059,1.7348112391848536,0,0,2,0
0.2992376739601061,510,23,28,10,0.01169208326106174,1.5602445461219763,0,0,0,0
1.9348099598839383,0,131,56,1,1.2101776702730587,3.2320662926086188,1,1,8,1
0.7815482470786789,787,40,2,18,0.1471694527369869,0.9213252301422701,1,0,2,0
0.3113388075084737,1619,17,10,9,0.2660214138449716,0.35648549618070735,0,0,1,0
0.8353007316259138,303,37,5,14,0.5703814844800869,1.987144342981722,0,0,2,0
0.028475591330182046,195,25,12,18,0.2347405049248391,1.50670389291823,1,0,0,0
0.30050234810604626,698,39,9,22,0.2747508778734337,1.378033936765767,0,0,0,0
0.7057314520714553,1455,36,28,16,0.008090580455630332,0.706695718410651,0,0,0,0
2.365507638122918,20,31,75,4,4.599994452642462,9.469468875908515,0,1,13,1
1.4179508158214003,493,39,3,20,0.30580647035064523,0.972417223976725,0,0,1,0
0.6644440787386448,534,6,19,18,0.8023446075711194,0.21905653553915494,1,0,2,0
0.44067368890364533,1032,35,12,8,0.1744906559923064,0.23521922383952454,0,0,2,0
0.34852278985845386,821,26,7,15,1.3266296109576317,1.7228863997939923,1,0,2,0
0.2972583930425745,1484,21,16,21,0.6594041912695144,0.730642777447974,1,0,1,0
2.998649865625349,8,167,71,1,0.7875660467306003,8.70451082888362,0,1,6,1
0.11393137155670655,237,21,28,2,0.07878247522571791,0.6005535010943726,0,0,0,0
0.37337315857610226,1773,6,20,18,0.14439179279781358,1.8836413143247484,0,0,1,0
0.2647457109592807,513,40,1,23,0.275945105905865,0.6551429324332907,0,0,1,0
1.7780521827549045,2,25,44,1,0.3240750825169328,4.355785808495181,1,1,4,1
0.26482626810245047,680,26,28,2,0.41002520612650284,1.7928264735585786,1,0,2,0
0.40506618034325403,1130,24,20,20,0.11466585982950733,1.4558281931438815,1,1,0,0
1.2016819219025285,655,4,25,16,0.15417404583230881,1.3375654488265443,0,1,2,0
0.11435976691547312,1596,8,15,12,0.2403784713381643,1.0871446098852509,0,0,1,0
0.41436359303712605,787,46,22,17,0.09623116715733318,0.08283742410674888,0,0,2,0
0.8376096809894398,1637,47,4,3,0.9164243297605602,0.8340736241350388,0,0,2,0
0.24803545318173678,363,11,3,8,0.1267004099966905,0.7155930457883792,0,0,0,0
0.4761777206398385,1732,37,22,21,0.22075918052698787,0.3110031034571663,0,0,0,0
0.4259986455276319,784,5,1,6,0.4891260350029365,0.35664349251449523,0,0,1,0
1.7502691032642315,943,43,4,16,1.3309292481856936,0.7607391919507818,0,0,2,0
0.17689472370675288,1127,35,22,9,0.3534909536567392,0.28012208143846506,0,1,0,0
1.1942266819727803,881,17,19,18,1.0266478757185906,0.9340703905490784,0,0,1,0
0.873520080051758,1702,24,29,5,0.2231382028411027,1.2644422486846238,0,0,0,0
0.10268049183884455,537,10,3,20,0.34262742149427633,1.0110602038297933,0,0,1,0
0.017642771747663252,1284,20,19,13,0.03049854305742814,0.903453834582292,1,1,2,0
6.695288471581859,2,64,19,1,2.586826986382233,3.8312246016182776,0,1,7,1
1.381148374112407,1015,29,6,12,0.7580084374019109,0.7386991243217009,0,0,0,0
1.375646735403521,309,23,23,5,0.3629853047169177,1.297809416121353,1,1,0,0
4.567350629168265,5,103,31,2,1.2361426574583962,2.598219568578653,1,1,6,1
0.5136553467838525,330,24,18,24,0.5594066388311347,0.5155341512102434,0,0,0,0
0.4497433200381701,1079,23,24,13,0.14154975383716287,1.5224904047764656,1,0,1,0
2.5863097731957008,482,43,5,16,0.1406961544172487,0.9999429723940767,0,1,1,0
0.3231490966458089,215,20,27,19,0.46137665228857716,0.5483889267365829,0,0,1,0
0.029281616538810593,1152,42,18,16,0.29397389881271824,1.667731285217087,1,0,0,0
0.8232108529276958,1415,8,22,8,1.5175536823824949,0.2921128277816243,0,0,1,0
0.5596883730176898,1200,49,5,12,0.01997511515964976,1.0101422534497118,0,0,0,0
0.04966511431773256,1132,34,26,18,0.652946357236131,0.29789412711183916,0,0,0,0
0.6675606523742663,1103,11,22,15,0.9308808454066654,0.42982253947458937,0,0,0,0
0.3044673439298875,128,28,5,20,0.09662902676198931,1.2404235994076407,0,1,1,0
0.15330469106684042,361,48,28,18,0.01740139619235814,1.3482584582253887,0,0,1,0
2.3647223430464064,709,26,28,22,0.19006707484367158,1.3326906868495847,0,0,1,0
0.2619368862448958,105,25,2,4,0.20919960670100402,3.3472515869492625e-05,0,0,1,0
1.655211110504819,949,34,25,16,0.479275642620736,1.017297723232005,0,1,0,0
0.001,1001,29,16,8,1.0588932803988778,0.9528461424698005,0,0,0,0
0.1431806299604674,110,9,13,10,1.0992755042194216,1.9915997253257163,1,1,2,0
0.3077080857529958,957,49,7,1,0.3816974039940855,1.0442029178941414,0,0,2,0
4.453085468233272,26,120,93,4,5.534762404031419,8.211485915700113,1,1,5,1
0.7017507254976709,528,47,11,3,0.07898672674268248,1.1356016008786578,0,0,1,0
1.0366205011494583,233,49,17,4,0.49291894801232883,0.5990114379989129,1,1,0,0
0.282645393349141,1122,33,7,13,0.5272144347947599,0.22167373138483715,0,0,2,0
0.2479954925116879,1309,48,21,20,1.0410918826756057,0.3331505669226962,0,1,2,0
0.6226353829263092,1604,21,14,19,0.2612998328644813,0.4869295883205631,0,0,1,0
0.8432272846739617,1633,12,2,16,0.19723377165092326,1.1212989356930498,1,0,0,0
0.47159982871467826,1679,29,27,4,0.7303716398545537,0.8805590468296476,0,0,2,0
1.1477162339712337,3,76,96,4,0.9937280503092162,3.512706296922036,0,1,8,1
0.18834996801044138,533,18,21,20,1.9099169436666372,0.9605670777785424,0,0,1,0
0.10532023558962539,1428,29,5,5,0.0252935260502984,0.913177572563697,1,0,2,0
0.16025086503344063,456,18,25,14,0.15057659466388174,0.33711712544060823,0,0,1,0
0.16577314679743202,1534,37,22,22,0.07819590401555894,1.7009851562975513,1,1,1,0
0.8004749661542437,334,2,14,23,0.05767655993792306,1.9689240098958987,0,0,1,0
0.13459893493717393,1715,47,15,21,0.0947369581881566,1.4141454172653345,0,0,0,0
0.22120460353088345,328,45,5,4,0.4961805505412845,1.1708612306054216,0,0,0,0
1.1149884873066316,247,26,19,5,0.001,1.4571127637813128,1,0,1,0
0.30968462211463793,1005,19,5,21,1.488634126314193,1.349992609291356,0,0,1,0
0.020441789380499488,160,48,1,11,0.007693595290082584,1.7075076576903443,0,0,0,0
0.36087152910890263,1724,48,8,19,1.082491560719095,0.3096408189028681,1,0,2,0
0.13798559947031105,1047,44,22,20,0.10946772025478058,1.0176733194332703,1,0,0,0
0.1349046479874378,1041,2,24,19,0.28057249192726563,1.158012491904957,1,0,2,0
2.732260635715461,9,156,42,4,0.5724890565064914,2.1474008469783703,1,0,16,1
0.26093531238687306,90,38,25,11,0.5109300750080329,0.10669544883218274,0,0,2,0
0.549369431433828,979,49,9,4,0.5719596635338184,1.6627065743923064,1,0,1,0
0.3417435221560392,461,45,23,22,0.665857020422279,0.7002914537597706,1,0,1,0
0.13846556515460237,1716,25,12,8,0.3724041757625798,1.9490805045035415,0,0,0,0
0.060794430728406505,208,18,16,3,0.3041680748002352,0.8765465322935313,1,0,2,0
0.4039214059587283,324,42,25,5,0.17299006808934736,1.0714737649306623,0,0,0,0
0.5269443169930135,93,38,10,8,1.0197827813468832,0.9787386505375686,1,0,2,0
0.7522635864131529,1599,18,10,7,0.15628486844314865,0.4989907584506106,0,0,0,0
0.16828460953003796,753,10,25,11,0.17437921348335278,0.14379383302920812,0,0,0,0
0.5,1,193,17,4,1.8941742396160344,9.18543072448422,0,1,13,1
0.0770336297096847,552,18,1,3,0.2786749123581649,0.3175816031503218,1,0,1,0
0.21666220404518965,1204,19,17,1,0.04430961891202073,1.4391973695127194,0,0,1,0
0.3953342975723864,565,18,11,16,0.5137012385438482,1.2135113622838094,0,0,0,0
0.3890972960243622,686,6,10,3,0.2171800866475278,0.7372502181633276,0,0,2,0
0.1919987120715736,200,35,6,3,0.4406708150105596,0.8481002703282816,1,0,1,0
1.0257598652604065,704,47,20,22,0.3366056550236214,1.0356405973064153,1,0,0,0
0.3937585120961023,1680,32,8,16,0.06647881657741708,1.82955100808026,0,0,2,0
3.089796304440357,0,175,76,1,1.1793150599332645,8.904640584574512,1,1,5,1
0.12065788712923632,815,7,20,14,0.09125934213839454,0.33198700391765934,0,0,2,0
0.2190421042184496,250,22,1,15,0.355564382459755,0.11806115367530667,1,0,1,0
0.8517740157598822,79,32,29,20,0.874192385399084,1.4546130850254892,1,0,1,0
0.10010150164513638,790,28,21,4,0.09540503025671151,0.1898544719420885,0,0,0,0
0.22082809591005337,1255,33,10,14,0.4294103975992908,0.8417304990300143,0,0,0,0
0.8192133421825596,1187,38,26,21,0.08582756463957608,0.25734228180129026,0,0,1,0
0.06771280581810302,1304,9,4,3,0.33141534761608427,0.9846124748010556,0,0,1,0
0.30863275966374354,609,27,16,15,0.15030974496487504,1.603992573930787,1,0,2,0
0.5805667070306122,1,50,50,2,1.549162765847942,5.244753722578794,1,1,5,1
2.0296684976046615,886,38,7,1,0.3610850027028072,1.230961864406216,1,0,2,0
1.4884805860968908,9,79,74,2,1.5452425534516276,8.74398369657997,0,1,18,1
0.8539120402026764,1227,48,28,1,0.42857777806896613,1.4629634928498139,0,0,0,0
0.05648413119340875,686,10,13,13,0.5183423647116282,1.925597998102128,0,0,0,0
0.09108389240709777,1016,18,15,18,0.5627383840790777,0.3118946907698721,0,0,1,0
0.1481684158781171,603,29,8,22,0.09122352108097784,1.4193338991686206,0,0,1,0
0.044245330864340744,359,23,28,19,0.457751322077843,0.978595562982548,1,0,0,0
0.5,2,123,95,1,3.9344065815625378,4.972597071835791,1,0,9,1
12.362318394446959,26,108,14,2,1.9315922829991805,3.46597185302266,1,1,4,1
0.09244843851385583,118,35,28,16,0.1070214777288763,0.7000617348827674,0,0,2,0
0.2900869559489516,969,10,26,22,0.2754867332003972,0.895798324875575,0,0,1,0
1.9790585248616581,11,183,67,3,1.1156305138995828,7.195888614398055,0,0,15,1
1.0081590595124974,1225,2,7,2,0.11535278822294492,1.860177015893994,0,0,2,0
1.447557931747662,471,32,27,2,0.46681477808862976,0.19798107337740523,0,0,1,0
0.016129260770302405,1579,46,21,18,0.5287416840637844,1.524633619953867,0,0,2,0
1.060461408244871,1649,45,25,11,0.7190805438402965,0.5655743249427956,0,0,1,0
0.22886182985122677,453,28,22,13,0.004827687986929123,0.8358499239799015,0,0,0,0
0.09382937419601212,1412,5,19,24,0.07682179168673303,0.2928491670584574,0,0,1,0
1.6274668279520357,364,41,28,4,0.21519588763522177,0.6485944483557784,0,0,0,0
0.6918876416211573,252,29,1,22,0.21820829321739602,1.358902234432813,1,0,0,0
0.13264660167008058,169,10,17,8,0.17503599237265283,1.5675881866874628,1,0,0,0
3.4595721084023943,6,117,89,0,0.1,4.493175651394103,0,1,15,1
2.167416792160197,1730,3,17,2,0.6480067407671641,1.2179596403514141,0,1,2,0
0.05882309894213233,1078,21,24,10,0.05160199225456663,0.05021327901035466,0,0,0,0
1.2792060180809035,221,3,12,10,0.31806960684698377,1.5273720195129135,0,0,2,0
0.2189023779797281,1775,17,1,21,0.286638192110272,0.33304535851647366,0,0,1,0
0.6034313166710485,1455,9,16,9,0.9745677667579765,0.4109848289953344,0,0,0,0
0.014602510716047342,595,5,17,11,0.18758687670982113,1.1587078100795931,0,0,0,0
0.007483789978357517,1329,44,23,12,0.13817834751637562,1.1272123722720586,1,0,0,0
1.348308223448412,1759,1,14,6,0.8498852938765689,0.3862075229394768,0,1,2,0
0.29520749369785426,1026,7,14,14,0.4566648559744446,0.14011298549958662,1,0,1,0
0.44187293869357275,1531,6,5,22,0.1123117211166173,0.8446431268649692,1,0,2,0
0.015855541943907828,914,33,13,24,0.04183808196482438,1.959568226137039,0,0,0,0
0.8382852007425824,227,37,18,4,0.17575256340212905,1.6167256385467388,0,0,0,0
0.1989383038315568,701,22,6,21,0.5008307251435629,1.0104656990451153,0,1,1,0
0.12502534699439355,228,32,17,21,0.4785516631007319,0.9286180336159884,0,0,1,0
0.29594059254304433,684,29,18,2,0.2101655660746752,1.17144399481668,0,0,1,0
0.8906291774492635,1514,11,10,7,0.21144967052503527,0.25265100996074663,0,0,2,0
0.5598854061247784,1083,36,16,4,0.0987478358986042,1.105411685292365,0,0,2,0
0.6936789911598987,1607,19,7,7,0.2066861416453524,1.3151525030190063,0,0,0,0
0.4832501422528819,1322,8,27,21,0.4344867354688141,1.86859379807426,1,0,1,0
0.13767436213709322,173,20,4,14,0.3822492598921244,1.9709721152254074,0,0,1,0
0.5970372126508365,221,17,4,10,0.020063490238522774,1.4133668155173447,0,0,2,0
0.007056824072577171,1099,3,10,5,0.42243146706994134,0.6162852054846681,0,0,0,0
0.8705739564722383,265,4,19,15,0.7016055211418627,0.18827099517627488,0,0,2,0
0.1790852292848194,1462,17,10,2,0.9684380435626232,1.6985193745369007,0,0,1,0
0.20565041925860142,253,31,11,24,0.03280089317413753,0.29976973760874026,1,0,1,0
0.035033346359758154,1685,15,21,2,0.019017440543101345,0.3613422563618436,1,0,0,0
0.08153734842803942,121,38,29,21,0.33432493231696386,0.7867348212665362,0,0,2,0
0.08060580416755946,1472,47,15,3,1.6295629656868194,1.6098673838945923,1,0,0,0
0.1766052734069425,616,7,13,16,0.9074946421724376,1.8148240413495054,0,0,2,0
0.3195964288803716,1160,20,12,11,0.266095881580449,1.4477336575772017,0,0,1,0
0.16688109013085195,1736,6,8,19,0.03432934689072297,1.2505257945545387,1,0,2,0
0.42464771072458646,1760,47,11,4,0.40874042309392283,0.4442898558346262,1,0,0,0
0.809057936298363,1173,35,7,9,0.5728753296275091,1.6141749987015337,0,0,0,0
6.084673339970458,17,46,19,2,2.985035225965922,6.181937600086541,1,1,13,1
1.5002453265613813,1310,41,10,10,0.14035881282634535,1.365912111926274,1,0,0,0
0.10749297510917194,772,45,12,20,0.09058550850330983,0.5062604072220236,0,0,2,0
0.25361324214142517,112,26,17,12,0.29185222578086334,0.2924688131833246,0,0,1,0
2.0071959370875496,12,95,86,4,4.644354856325042,9.895331790017373,1,0,8,1
0.11423917047700013,384,25,13,4,0.3144471620589383,1.4405438055688307,0,0,1,0
0.32047655735140684,910,10,11,4,0.5458954986052235,1.03194519254197,0,0,0,0
0.0954359594706478,1248,46,18,9,0.20882707921189667,1.8058064733055743,0,0,2,0
0.26463110908556375,1370,29,12,22,0.13995754322202225,1.130966175239624,0,0,0,0
0.5,4,197,12,4,0.9187638861617902,3.7690529440521425,1,1,4,1
0.4645249594014763,553,12,18,4,0.08424573329296198,1.3792596011207963,0,0,0,0
0.12094318180231829,509,4,26,18,0.06036452662172023,1.114081338143808,0,0,1,0
0.23140791141269093,943,43,21,2,0.46657968535341604,1.111404631390543,0,0,2,0
0.02709292223847981,1240,21,20,14,0.013046941504841281,0.7980013572143396,0,1,0,0
1.0247646330481996,414,14,20,6,0.998726738564889,0.10163021804871053,0,0,2,0
0.5748350637986245,1245,36,12,13,0.10649116403761948,0.1379727848404757,0,0,1,0
1.018764860296911,1070,46,4,2,0.7996180831089073,1.4649260635027193,1,0,1,0
0.36309126740171677,352,31,15,20,0.3990700997605565,1.325698405537068,1,0,1,0
0.389675444047811,1719,43,19,16,1.2451819729861735,1.9748991198265027,0,0,0,0
0.17472990061469498,1338,17,5,2,0.8775091092781491,1.0372888379359015,1,0,0,0
0.38374971301322325,72,34,5,15,0.0798553477986932,1.9839596485723356,0,0,2,0
0.5,11,183,84,0,2.3183965373139577,2.1003857969828674,1,1,17,1
0.2166412396532692,108,5,25,13,0.47093736346977083,1.9033967469443598,0,0,1,0
5.4959765113789265,22,118,50,0,2.920882897291794,2.1864429279992965,1,0,15,1
1.408627727693576,1686,17,2,18,0.4581289159438302,0.12731703783528214,0,0,1,0
0.22598724948348117,653,23,13,16,0.171493950648796,0.29127710368020576,0,1,0,0
0.04460551449494864,1218,42,7,15,1.9173858294969184,1.6989401203047245,1,0,1,0
0.47206353235476517,485,33,27,23,0.10718285380106024,0.9880435114823416,0,0,1,0
0.02037065126492444,1316,8,28,11,0.15967810141482647,1.2319290848607791,1,0,2,0
0.49569958821661014,908,13,17,16,0.5828290511552535,0.9783249464836539,0,0,1,0
0.01480229596058624,1614,46,27,16,0.2704760911884407,0.6741583059869576,1,0,0,0
1.0706376436355258,1602,37,13,16,0.9465945761522211,0.3212023585431669,0,0,0,0
1.3908279692871959,1558,23,13,5,0.4473695881083332,1.3723349435066554,0,0,2,0
0.05850958690531574,1244,27,5,11,0.4680269436498815,1.3047365456070656,0,0,0,0
0.5595592046659895,1706,42,4,5,0.6261882737733475,0.43146137666904916,0,0,0,0
0.21924869491677468,506,33,23,18,0.21798822837789555,1.4275285355935574,1,0,0,0
0.1885569619133633,105,45,7,6,0.7756529207214613,1.566070500349581,1,0,1,0
0.07360403534369526,1778,45,4,3,0.044109566557037905,1.7349770907306432,0,1,0,0
0.23464425212038995,1170,3,10,8,0.46332117181111543,1.5442527101080714,0,0,0,0
0.4211775299029261,534,4,7,2,0.26976417281422066,1.5799052766941095,1,0,1,0
0.038671903147481555,928,29,10,8,0.29213606724658503,1.7975468617034835,0,0,2,0
8.572724063070764,18,30,13,1,3.6278732958444864,7.593959412870098,0,0,3,1
0.7643863453550762,333,20,11,8,0.1400177733025891,0.8189203283703725,1,0,2,0
0.411240946550342,851,19,15,21,1.2086974316346693,0.23055598256351417,1,1,0,0
0.26873437787020993,1117,38,5,14,0.0017370930040996571,0.27946540566476763,0,0,2,0
0.12394481473601149,228,2,16,6,0.6069735781154266,1.996072915958148,0,0,0,0
0.23190179537814723,373,28,3,19,0.4784445271723578,0.9552619041880834,1,1,0,0
0.2390010289540501,478,47,5,19,0.09042725519243039,1.4834680568019902,1,1,1,0
2.512871422434874,21,57,15,1,1.5254769437283024,7.297651956652764,0,1,14,1
0.213486472639357,1524,26,1,23,0.1708448752165933,0.8644958438888486,0,0,0,0
6.655492508413161,28,90,72,0,2.4858760322888247,2.5416637788671776,1,0,14,1
0.9007739350042165,1071,20,21,24,0.04512764361290362,1.7129902162470603,1,0,0,0
0.5,16,63,50,1,3.742715561948619,8.37722204821452,1,1,16,1
14.261209468075293,25,122,20,1,1.896585484256884,6.91025445847379,1,0,8,1
0.1468375518333385,658,44,9,9,0.23594309850930167,1.4328294258870184,0,0,2,0
0.29358662775402444,1307,38,13,8,0.05416510094524124,0.5310753535455344,1,0,0,0
1.344994268345626,1610,24,13,24,0.33100071447289536,0.3379362726238442,0,0,1,0
0.24242197239737098,244,44,6,8,0.15258342882221038,0.4065871284833231,0,0,1,0
0.32986985120839857,403,4,13,2,0.0702889649082819,0.5324087408677662,0,0,0,0
0.8093046705408583,1413,41,25,6,0.179478761233154,0.4260766284223054,1,0,2,0
1.1954380696618259,1663,1,26,19,0.8102105858762582,0.11300744145923924,0,0,2,0
0.34414557846414934,752,40,15,13,0.11367492839790028,1.0179749677083383,0,1,2,0
0.8707515826035759,127,1,28,15,0.7434372664742256,0.99246799384201,1,0,0,0
0.058296080061925416,959,1,16,18,1.9707717785990042,1.4299915625787667,0,0,2,0
3.798414616002268,15,172,75,4,3.3436926672678684,4.6134305587140725,1,1,7,1
7.056397437619533,9,125,42,4,0.8610395789481161,8.783841188859277,1,1,18,1
0.09611409522956076,452,23,22,9,0.41427491884062917,1.942758430516021,0,0,0,0
0.19659834845980512,1284,37,24,1,0.07287188263914762,0.255466563853908,0,0,1,0
0.7288595095576512,625,40,9,7,0.18931592468603559,0.8397803305621938,1,0,2,0
0.029175084760689612,832,30,9,15,0.12366899491254457,1.5076601569755268,0,1,1,0
7.2585821350496635,14,24,20,4,1.127626052389983,6.728367711050314,1,0,6,1
0.29221576118598264,1560,4,3,4,0.24568978955504803,0.20998263770789882,0,0,2,0
0.44615887507165264,824,11,12,22,0.5786322881248993,0.08500009017698118,1,0,2,0
0.18053211078049358,593,17,20,7,0.5847473907221754,1.9004927480310485,1,1,1,0
0.6168134744162452,775,19,7,16,0.28742531502628355,0.20024589271431048,0,0,1,0
0.2117303887116328,1162,1,28,23,0.37692046397673173,1.6840303373950973,0,0,2,0
0.5,28,72,41,1,0.43233890461730623,5.715403121772994,1,0,13,1
0.049234671797103786,490,44,9,12,0.05935127464812243,0.531321394934545,0,0,2,0
0.3382380067046655,1665,13,6,12,0.2997441428712972,0.5305001299132648,0,0,1,0
0.1795261993738553,663,25,17,10,0.24291066420154395,0.4259311761831641,1,0,2,0
0.26877183660043197,304,40,27,16,0.47802946032286286,0.8458492268537381,1,0,1,0
0.0403250771168098,98,14,12,14,0.04245969962360348,1.1086359268472472,0,0,2,0
0.7157042403682414,1117,7,16,8,0.9154889040740793,0.4100631667196426,0,0,0,0
0.3226317757110416,273,36,18,5,0.6824121976133661,0.752556353148889,0,0,0,0
0.23368607613560888,1353,17,28,20,0.14319559247689195,0.9583015665679357,0,0,0,0
0.7336413617363867,1130,14,25,15,0.7332802012947213,0.795033354160058,0,0,2,0
0.2344187912761448,1662,33,24,8,0.9288475567596433,1.6735408605518651,0,0,0,0
0.41756358540162297,1142,30,29,8,0.31767127977931503,0.8775845706189425,0,0,1,0
0.6134113034796724,1479,26,4,24,0.2968341631932362,0.8679467359876014,0,1,2,0
0.5642987719397445,627,31,24,24,0.32080776635613767,0.6224103478485632,0,0,2,0
0.21913290115388437,1142,34,11,24,2.8882666171688554,0.850799707562643,0,0,1,0
0.08933384264307671,1767,37,16,15,0.979288173148672,1.2705226093544553,1,0,0,0
3.091097205423663,683,7,29,7,0.23600163325645918,1.0780785538881839,1,0,2,0
4.6822941666091555,19,100,80,0,0.24564895715019502,6.00212131271754,1,1,13,1
0.861270727665723,778,28,12,17,0.3439085177157197,0.10125850572898276,1,1,2,0
0.5362461592329283,277,20,1,13,0.35702945354784754,0.24844335321721656,1,0,0,0
0.15428019610061597,1331,8,4,22,0.1562747103576129,1.794490957768522,0,0,2,0
0.8887779231457116,1131,35,28,12,0.1795420624133771,0.4002699492618458,0,0,0,0
0.14912733996446945,985,23,11,15,0.09875476928504356,1.9943508075335346,1,0,2,0
1.313781947976804,1416,18,16,10,0.5695322000075894,0.3067910909533824,0,0,0,0
1.359300263772962,873,14,1,16,1.0562000237466593,0.22287779775104233,0,0,1,0
0.2156010178548887,904,22,25,23,0.24101560417845716,1.0053976560194149,1,0,2,0
0.1732364643188236,1603,14,1,13,0.09285967654646489,1.5447008422264867,0,0,0,0
0.7017167191600204,1386,27,25,7,0.2593311985156812,0.4411313211172516,1,1,2,0
0.9208103472515239,502,19,15,8,0.21309780806849307,1.2485489011318744,1,0,2,0
0.3080393237987488,1140,19,17,21,0.1099800873913245,1.7859596118566743,1,0,0,0
0.4754901370388995,1081,18,29,20,0.010107383975218084,1.1198360331387238,0,0,0,0
0.04318043191951981,873,12,28,17,0.10365757657230812,1.182816995002919,1,0,1,0
0.5426982392290495,388,47,12,7,0.1896342546752037,1.67582899472094,1,0,2,0
6.226601243787622,16,69,17,1,0.5754002227020224,2.4371539719660147,1,1,17,1
0.2923580269643063,1290,32,6,21,0.485117438161532,1.8622066186705193,0,0,1,0
0.8860745585256424,310,19,5,5,0.21346719111239432,1.1065146784865685,0,0,2,0
0.03235097575531596,1174,13,5,15,0.2637983498986367,0.38156972711554027,0,0,2,0
0.2633180196399056,1007,8,29,12,0.7359311536683867,1.804211729204921,0,0,1,0
1.2221086720848968,825,47,24,3,0.30145739108432457,0.43433931398922754,0,0,0,0
0.04128314794306878,316,36,1,12,0.39283703725367775,1.1225829231915718,0,1,0,0
0.6591329354919007,1502,44,6,24,0.06425959099249522,0.8041845304827651,0,0,0,0
0.02399249618062609,1203,25,24,8,0.07512465284793811,1.7062184367848516,0,0,0,0
0.7869343172279621,680,36,15,18,0.2722256013180943,0.007409592644017637,0,0,0,0
0.6811037704843597,469,44,4,23,0.09834854288620565,1.8431251729077507,0,0,0,0
2.9945817437115476,14,69,13,2,1.5999203739163574,9.775975603245275,1,1,6,1
0.08411548529804211,804,6,19,1,0.15486490045194293,1.2139428559224674,0,0,0,0
0.13303141870544838,138,18,22,3,0.26673385104587755,0.5700020401721106,0,0,1,0
0.029919384304340338,792,38,20,11,0.07404268929727197,1.8349004695794935,1,0,1,0
0.28782549581847944,1242,23,25,6,1.4381101889211552,0.3452002373021865,1,0,1,0
0.04530150642920264,554,14,24,24,0.9718306908177173,0.7405647900463064,0,0,0,0
0.15869005592718596,1593,32,22,22,1.3890422490713557,0.9931650515505757,0,0,1,0
0.20573953452121446,1743,38,26,1,0.34216210261576824,0.931599956995943,1,1,0,0
0.6149546920103921,1499,37,23,6,0.27184315434266354,1.943875985140936,0,0,2,0
0.1559010394314342,694,26,20,2,0.45073862510767704,0.2972287253736041,0,0,0,0
0.4994591635636997,677,46,8,18,0.04974140161153662,0.21285754542978896,0,0,0,0
0.1337058438577778,1609,6,6,17,0.3846495009273263,0.9194955413004915,0,0,2,0
0.2137090669726076,1123,15,10,19,0.14993184206021296,1.5361540605004782,1,0,2,0
0.41188174255839727,1037,31,12,13,0.2503768093503081,0.8686395444032775,1,0,1,0
0.1803182528702926,667,19,29,20,1.7755762827669177,0.30025590522389156,0,0,1,0
1.1819322942049781,1530,19,26,6,0.17107895882773003,1.697369394708852,1,0,1,0
0.7068358739082581,1135,41,15,23,0.3465875790068472,0.5046450490861389,0,0,1,0
0.11174806789967352,1217,10,5,9,0.03898792890207895,1.475689420873575,0,0,1,0
0.47936688719421855,743,18,17,14,0.22666767172462082,1.062442491696463,0,1,1,0
0.48306237972606114,157,11,3,2,0.19257365807947022,0.8183959114743409,1,0,1,0
0.12904972825242003,1199,24,28,16,0.27973435283081255,0.146747913668136,1,0,2,0
0.43710296960978356,281,1,10,24,0.7080658852261827,0.2533056114195902,0,0,0,0
0.19802961239550324,1134,16,14,1,0.24438733814478963,0.02693514484289916,0,1,2,0
0.5,9,90,30,2,0.1024352489120014,8.44297871613914,0,1,18,1
2.4024177204430694,296,39,5,20,0.05864571773327546,0.5430056905937615,0,0,0,0
0.24651779752405428,1621,10,2,5,1.060472666687292,0.019901818099015367,0,0,1,0
1.1257653518803807,279,41,4,22,0.0215752064137672,0.19729594909574732,0,0,2,0
0.45743404968244095,717,18,10,11,0.84795891441635,1.070336608039097,0,0,2,0
1.080782048718696,1668,48,13,20,0.30490398138283703,1.2819119660819889,0,1,0,0
0.410681430140426,80,16,14,13,0.23181651681637394,1.936075045010052,0,0,2,0
0.2649226550765014,1044,8,18,2,0.17425423321773692,1.9505795404315474,1,0,0,0
0.5,13,49,93,0,1.9363201858571224,9.068078887478265,1,1,9,1
0.26911299685243856,474,38,12,12,1.0582720056225516,1.0045021148227773,0,0,1,0
0.16880012053853385,1576,36,23,6,0.3858670154241088,0.7359449107081182,1,0,1,0
0.11912482217703124,1087,43,10,9,0.6447634781125209,0.6588997467400177,0,0,1,0
0.5147764568383159,1150,35,9,13,0.26431479838225624,0.18986105933124553,0,0,0,0
0.08090628860210618,1166,38,9,4,0.0962200984966755,1.9803297866739535,0,0,0,0
0.6426277899985342,320,47,3,13,0.4424861139022275,0.8559647194504996,0,0,2,0
0.6657523651336662,990,7,4,19,0.07300239075900215,0.004049341964487363,1,0,1,0
0.10976631354238164,1655,43,20,14,0.11221483852427955,1.6752236666681188,0,0,1,0
0.2405845779146629,485,2,19,1,0.15568132635319581,0.30661668970905476,0,0,0,0
0.25930604794636325,1098,35,21,17,0.06261409448686739,1.7628743498846982,0,0,0,0
1.2478152208000024,16,81,74,1,1.8588362662123048,7.170186426386524,1,1,8,1
0.25995237827000567,1551,44,27,18,0.023318350491850874,0.26606164770597185,0,0,1,0
1.0135579093338292,4,180,76,0,1.2739503745200955,5.050109694491248,1,0,3,1
1.252947947958093,1303,14,27,15,0.8774669363295658,1.6996261307143234,1,0,0,0
0.5970511162215987,1126,42,26,21,1.4749918575158187,0.06260563872061597,0,0,1,0
0.9988690294133968,1374,8,28,8,0.29647983722054844,0.6688877517421801,1,0,1,0
0.199775765885756,683,20,4,1,0.4905308931906583,0.825783880591731,0,0,2,0
0.6136699289301407,0,166,58,1,3.70647337826847,2.7031798647893837,1,1,14,1
0.7033341104115277,1002,29,29,6,0.10964211834642928,0.7785003231513699,0,0,1,0
0.31979690828360435,1752,33,21,16,0.5800447030331299,1.7090177823414119,0,0,1,0
9.333922843684432,20,139,91,0,1.223032949407187,6.228284302008376,1,1,3,1
5.453262245218543,20,89,13,4,0.6019566978459564,6.675196258939591,1,0,8,1
1.3215495923778766,419,6,21,9,0.03674975074168964,1.7424554853219467,0,0,1,0
0.36722473801883915,1784,15,3,22,0.09130850962725418,0.3522572133798527,1,0,0,0
0.1815552498552928,841,10,28,23,0.7358882112978917,1.6606198831699308,1,0,0,0
1.0704082857181696,1681,25,21,10,1.1850839846418486,0.9041462957345592,0,0,1,0
0.6349683703099467,20,162,44,0,1.2054063579153065,3.6021451390262067,1,0,17,1
0.488741541994483,1572,47,4,12,0.054365284944658046,1.9789090274502301,1,0,2,0
0.5,18,44,19,3,3.5624459326030444,8.281835456683623,0,1,19,1
0.16566693115336928,935,43,7,2,0.12431960636083426,0.49040109185633085,1,0,0,0
0.5,0,148,81,4,2.993950750221521,2.0517710491465646,1,0,12,1
0.050837241851180444,362,18,15,16,0.5835543463956995,1.73973828645029,0,1,0,0
0.19892194104343908,1631,45,17,11,0.4813149251948228,1.5687635158437114,0,0,0,0
0.1466135623571668,732,24,25,9,0.30328024205940474,0.8279787860764103,0,0,0,0
0.001,330,22,11,1,0.16149342949698275,0.8798149159667439,0,0,1,0
1.089438884625498,1798,35,19,5,0.6089974451910681,1.4577949862515276,1,0,0,0
0.14167733835297044,285,47,20,12,1.1910042011558089,1.8705388918328316,1,0,1,0
0.5,10,117,72,0,2.009755849379954,7.333750077001247,0,1,13,1
0.49489748601038464,1762,49,13,19,0.3813984895118463,1.104749202009107,0,0,0,0
0.7786430081345391,1377,35,25,20,0.15637869259493,1.0114753310620719,0,1,0,0
0.5906502723902096,16,137,43,4,0.6489240800540164,8.279904829010327,1,1,17,1
0.04179231304027108,1658,42,29,21,0.22011098903984966,0.7344243627662967,0,0,0,0
0.23876990405426887,171,46,27,3,0.08809864272299386,1.943288707665964,0,0,0,0
0.3577923359336209,432,41,6,20,0.5073462134612761,1.0378110839229244,1,0,1,0
1.5688163929801622,823,33,10,15,0.15014916529742028,0.6720024952668684,1,0,1,0
0.022066723058793036,894,24,19,12,0.06850710972658704,0.9739235340754742,0,0,0,0
0.2893782704616665,1276,5,9,8,0.16529407575960833,1.2939652373674975,0,0,2,0
1.0033824089565735,1262,4,24,8,0.15141837808454353,1.3700048246005478,0,0,2,0
0.04394586309804203,745,4,17,3,0.19034524662594446,0.7876423391951985,0,1,1,0
2.419952012268837,111,18,28,21,0.7418317228676656,1.412699521186403,1,0,2,0
1.166783316902103,547,19,20,15,0.3415011786678128,0.7510784009055658,0,1,0,0
0.28656866979984097,1515,39,28,1,0.3392354513376923,1.1511280831278505,1,0,2,0
0.29994689342521835,487,9,24,12,0.11892557035344571,1.5433288297351808,1,0,0,0
0.22398388703682798,763,44,21,10,0.2166707709799329,1.5337317284981877,1,0,2,0
10.34173969491959,19,195,79,1,2.8665225313310847,9.865912628012659,1,1,18,1
0.06708020364218745,799,47,4,19,0.4197268942894361,0.8419196701180769,0,0,1,0
0.02741186319598373,744,40,29,23,0.42419898817670004,0.7831120470518249,0,0,0,0
0.7090909238783566,412,9,3,14,0.5242201748534628,1.7683408397856297,0,0,0,0
0.06749964763879689,266,16,21,16,0.4236892267286205,0.3853564179735647,0,0,2,0
2.3104826138117107,19,103,82,2,1.1614795665571627,8.859553762139981,1,1,8,1
2.4979724587765793,27,142,15,1,7.014850195772334,6.888119768784189,1,1,3,1
2.3949156622993835,1042,36,20,2,0.47809019674347586,1.9327707707433783,1,0,1,0
0.256897347427876,682,22,20,3,0.06160284212330702,1.8193738859435278,0,0,1,0
0.7730048152278488,1141,35,8,23,0.36898671477126177,1.7342892571622412,0,0,2,0
0.4058198999294619,462,4,1,11,0.36324852940014674,0.18947793652525902,0,0,1,0
0.11748581018831247,1473,35,5,16,0.5777785085842156,0.7781879954894864,0,0,2,0
0.7661285359172686,1135,27,3,7,0.4727483214904692,0.06270036895065689,0,0,0,0
0.06640491165229435,1103,16,25,15,0.5525047527012689,1.6946017282588426,0,0,2,0
0.5,12,180,19,4,0.5364093173078986,7.9697512503799945,1,1,6,1
0.8549118492855979,210,36,20,9,0.444657409906751,0.11345516725770444,0,0,1,0
2.27823815827876,4,38,89,4,1.115588801109935,4.7868589343135035,1,0,6,1
0.3154238282729038,308,6,2,9,0.002568799527897888,1.09859325949659,1,0,0,0
0.5,2,26,15,3,0.739639632485636,6.077958480853822,1,0,6,1
2.48564768611779,8,193,62,3,0.8704809381183511,9.790680089322262,0,1,10,1
0.20944657461582464,327,8,14,7,0.15573053960262628,1.346089152298805,0,0,2,0
1.2601023870649986,14,179,35,0,0.26671299935554343,3.0607562986889487,0,1,9,1
1.0018046386700141,23,95,84,1,5.196092793956927,8.205775564265345,1,0,12,1
0.04053940788187814,907,12,3,17,0.33312160351524867,0.045803916877530826,1,0,2,0
0.15635210297696756,729,40,10,5,0.14648239234206503,1.3772778703122137,0,0,1,0
1.6652382713521043,9,98,91,1,0.5415857459222387,6.963782744368628,1,1,15,1
0.03523125083853791,669,40,21,12,1.739090409385334,0.5378580520156111,1,0,2,0
0.12841207352747883,1498,40,1,4,0.9066683365841351,1.1200050812774585,0,0,2,0
0.299237134411888,895,22,23,18,0.33921192666040073,0.6980641380120307,1,0,2,0
0.19058820690720643,424,20,21,9,0.16482064847168842,1.3356827556264317,0,1,2,0
0.03438751498821395,1715,1,17,17,0.23742379927123874,1.7329322945809613,1,0,1,0
0.4593432935692051,1715,5,28,10,1.3341030558941658,0.30979782351659724,0,0,2,0
0.09123318474960866,144,18,3,14,0.10761306477517735,1.2507096965541338,0,0,1,0
2.607379501591762,1206,24,23,10,0.32855652381023925,1.366016301723597,0,0,1,0
0.1536941705045495,1164,12,6,3,0.35605782969895505,1.1952848743319735,1,0,0,0
0.8426873903771267,1055,16,11,10,0.48091019769170845,0.6362528645096839,1,0,0,0
0.534618234187654,1313,39,24,18,0.896008333033122,0.27770391690040386,0,0,1,0
0.18174974110589154,1382,44,16,21,0.5087003883466333,0.17046062197469625,0,0,2,0
0.3394065489390087,672,4,12,21,0.057857587125136126,1.5075713972991645,1,0,1,0
0.3823801818434825,1570,18,24,14,1.1113926261656482,0.2759663427685797,0,0,2,0
2.735782385289009,15,32,12,1,2.9867106151632044,4.2450959843303515,1,0,3,1
4.3410636866011245,7,139,16,3,3.9134722407567404,5.596049691603227,1,0,10,1
1.6455191067279176,793,29,18,4,0.12276033928741317,1.7378351401779253,1,0,2,0
0.49898903199275907,292,48,23,16,0.23675796629332463,0.665404874222526,1,0,2,0
0.19773702970479465,416,4,16,18,0.8519047812980084,0.2184421767750624,0,0,0,0
0.28276853339016833,622,27,19,13,0.6829133360907323,1.7192229293306083,1,0,0,0
0.37194203873678033,777,30,5,7,0.1370389897097215,1.3003552413249255,0,0,0,0
2.65624769773124,28,109,66,4,0.1,7.862278094085159,1,1,9,1
0.006888440838807922,1016,42,9,20,0.1312495079983349,0.94245633463989,0,0,0,0
0.7865404874322917,571,44,25,11,0.3039100808527987,0.3585576444734062,0,1,2,0
5.395060601307502,20,43,21,1,4.109855051840077,5.948587930379295,1,1,16,1
0.12885427165339244,1202,4,19,6,0.7679731997077112,0.6386942959429147,0,0,1,0
1.1548142398101873,1093,22,3,14,0.12130220239180851,1.9564453400529787,1,0,2,0
0.9639524859532234,790,38,20,7,0.0337338859799001,1.8424172087414452,0,0,0,0
0.012503696128278355,1741,7,6,1,1.5709435753635506,0.5279834943973145,0,0,2,0
0.11803599346176699,238,42,23,22,0.42342839002774685,0.08160392426303953,0,0,0,0
0.6581467751553792,499,13,10,11,0.045444098586708136,1.286366679588962,0,0,2,0
4.558379484694689,16,69,25,3,2.023315907919208,6.498356106515406,1,1,9,1
0.9514106275493519,898,13,21,1,0.3467418830969802,1.093849581964543,1,0,1,0
0.6259739163161683,418,36,5,19,1.4334705911348786,1.9131576197894846,0,0,0,0
1.2930951985753618,755,26,3,11,0.38141598857830217,1.453102353744562,0,1,0,0
0.3156207996288356,1431,44,6,23,0.11284365047572545,1.4571980632028136,1,0,2,0
0.6473607031962085,17,138,71,0,1.1998066132236058,3.086266818525832,1,0,15,1
0.15397397477679514,534,14,22,20,0.041633212469533804,1.2891237825391666,1,1,0,0
0.3921879827021301,1186,3,17,19,0.5324494863034891,1.437112101475155,0,0,0,0
0.4055344119286653,219,47,3,16,0.2528990336239002,0.4156426745238764,1,0,2,0
0.3823852032951791,825,5,6,9,0.8398422823790155,0.9515408997431318,0,0,0,0
0.0289278666399649,1762,25,3,16,0.6465055285955192,1.1580314580175353,0,0,1,0
9.26767875798083,0,107,97,0,1.1828990509608732,5.377924266086514,1,0,12,1
1.5675132431098946,1274,36,2,2,0.07480737348748222,1.3265170293912598,0,0,2,0
5.094117926988131,8,152,34,3,0.7618441613918057,9.85509185829445,1,1,5,1
1.096433567784054,1356,41,23,6,0.026331568896510556,1.0083973969251165,0,0,2,0
0.2955899316347989,1533,5,28,22,0.4496565727460605,1.7192780150146703,0,0,2,0
0.08702758499483862,985,11,28,2,0.28137774387226216,1.6194662024585684,0,0,1,0
7.208292175714856,12,97,97,0,0.2783373868278243,3.5868330280312986,1,1,14,1
3.3337181902537694,18,48,35,1,1.5013653549701216,2.558645188940968,1,1,11,1
0.20361680204431748,339,22,3,13,0.10031874802964541,0.21815338920016591,0,0,2,0
0.7687257732776739,1552,45,14,15,0.06650161287016802,0.9904739661668289,0,0,0,0
0.6079018237562055,940,30,11,24,0.28903362526994364,1.4473238564393636,0,0,0,0
0.26758461344921824,922,29,6,7,0.3476019662952749,1.5321707280997483,0,0,0,0
0.03158527962202368,368,43,11,7,2.8418714104009815,1.1501570894107842,0,0,1,0
0.4584597273639555,1679,43,28,9,0.4518385061734493,1.5996814289291825,0,0,1,0
0.5,21,56,71,0,2.9175098284428587,9.871227966878061,1,1,4,1
0.027563364477845607,928,48,16,4,0.35946619361098203,1.2995118996664947,0,0,2,0
0.014841755771511008,550,12,22,17,0.39212960722528073,0.27831832734419426,1,0,1,0
0.7919083503186541,1452,39,24,4,0.14891752634055253,1.438599873962866,0,1,2,0
0.025531398120851898,365,35,28,17,0.15068133642826786,0.3731312427999838,1,0,0,0
0.20541156216571466,782,32,25,12,0.08111178745252627,1.9529169659588037,0,0,0,0
0.011413575713968773,1107,21,15,11,0.26552193352359293,1.2783149916226413,1,0,1,0
0.5570344701958334,1274,39,12,19,0.7457765859268284,1.2829866031900587,0,1,0,0
0.08973491936835555,1164,46,28,4,0.0603610210371091,1.1401706190432397,0,0,0,0
1.6299979195840795,1010,23,29,23,0.9732756058206606,0.9178336453390994,1,0,1,0
0.4966987454132283,861,14,14,19,0.03746320588006727,1.9588809836626355,1,0,0,0
1.0576092121333105,1314,28,15,18,0.017344707973321508,0.44703431346478606,1,0,1,0
2.2104943347550874,18,150,64,3,1.5430112496448833,6.13196741949879,1,0,7,1
1.5073693979444274,691,39,25,10,0.8164491242522751,0.5767444208290466,0,0,2,0
1.3364527536495865,486,23,27,24,0.37689300584977714,1.220618236936351,0,1,0,0
0.5820063207231277,1097,33,15,22,0.10499684327226995,1.0798422254430764,0,0,2,0
1.4513254582735076,574,9,2,1,1.2233020352570898,0.313630643653227,1,0,2,0
3.579033407340072,5,30,76,1,0.5622637993098379,4.063057547530818,1,1,5,1
0.1725928659983607,851,17,7,19,0.19683277124544016,0.010767975223837878,0,0,1,0
0.7865412180781225,1508,7,15,4,0.06074174513087101,0.4461762281631645,1,0,1,0
0.0466744897715109,1203,28,16,6,0.6485110046012144,0.7585670608966228,0,1,0,0
0.8548046073055022,1328,36,27,12,0.10926447605720153,0.08319213877424159,0,0,0,0
0.27799845084185437,330,15,26,1,1.0601603857157071,1.1958490804675832,0,0,2,0
0.07540410580589976,441,22,9,20,0.06997910114283566,1.836561051991101,0,0,0,0
1.06206433568912,10,191,16,2,5.032441986653865,3.3956137743958683,1,0,9,1
0.2783429290328935,1687,16,12,5,0.8427667543001031,0.2657116689175161,0,0,2,0
0.07851798973052822,479,2,14,10,0.014243110741514431,0.09378673337525134,1,0,1,0
0.089357599482759,1355,41,13,19,0.024668669938816758,0.19846864798296204,0,0,0,0
0.4912830995511572,1354,44,22,7,0.7061135948780616,1.0004456778177908,0,0,1,0
0.18022699537258602,230,34,20,14,0.84047155643677,0.9058615966781294,0,0,2,0
0.046792780168413546,1728,10,6,22,0.5138466373454198,1.7194546919814686,1,0,1,0
0.15723259306312465,665,14,25,7,1.2885746894741228,1.5372484597765956,0,1,2,0
0.6713620932495302,349,30,19,20,0.06243366509761588,0.01550120173115288,1,1,1,0
0.5422269456987178,887,25,14,2,0.5576755094922435,1.741682552667352,0,0,1,0
0.4605554539085551,781,21,16,12,0.03929167358947418,0.995492325431488,1,0,1,0
0.15610650034924264,1344,39,2,23,0.8487064835269259,0.5820864128795022,0,0,1,0
0.8459565014931576,958,11,24,7,0.012888665071127611,1.996947750948882,0,0,2,0
3.2821194755810588,5,167,52,1,0.1,8.649126902448522,1,1,8,1
0.8346656579470676,1460,29,27,3,0.8016421309724375,1.8063840420805888,1,0,0,0
0.1712772202638604,1395,45,4,13,0.003616582770648193,0.1213362807563676,1,0,1,0
1.1040787202685334,393,1,27,3,1.3943139437100733,0.6060329136221527,0,0,0,0
1.3841269634193842,828,13,7,8,0.44698624791261043,1.2366109927261826,1,0,2,0
0.7496431991292298,556,19,5,11,0.6759149675901733,1.5356455226308736,0,0,1,0
0.5013349597414424,521,8,5,14,0.19699981341979825,1.4562167806881854,0,0,0,0
0.5554917873811834,829,7,14,11,0.37710988992152733,1.8897803858754003,0,0,2,0
0.7252495367560702,815,16,9,19,0.18605756660999406,1.530024725257797,0,0,0,0
0.3387513904977653,1249,22,5,13,0.16553608673820774,1.8665855851554427,0,0,1,0
0.08208982677202444,873,16,20,22,0.1712296696600794,1.7861403830301472,0,0,2,0
0.017490821702259816,74,48,14,21,0.5026787150875932,1.6339757468357299,0,0,1,0
0.9368719786058438,1623,23,10,20,0.8138131858296198,1.2868090586781247,1,0,1,0
1.0166572458446053,1733,12,13,22,0.43642209451185815,1.1186360178991943,1,0,0,0
0.21223028808697003,845,38,4,24,0.09766118511564993,0.44266162525543473,0,0,0,0
0.7992827382238877,675,47,13,24,0.2663785691995225,0.007798086228059553,0,0,0,0
0.06477046900247617,956,49,7,20,0.6367635961533052,0.5220011381598164,1,0,0,0
3.169729348559142,4,191,58,0,1.0596632737886782,4.449308248504419,1,1,10,1
0.46040889922899225,237,11,13,6,0.03191238623795537,0.994133051583316,1,0,2,0
1.1735808918792034,1609,27,17,4,0.001,1.5395674911408048,0,0,0,0
0.1107172649255106,1793,21,8,6,0.06469522073414646,0.9266131372003572,0,0,1,0
0.6540714840839523,285,33,22,17,0.009572349553565923,1.875778142844108,1,0,2,0
1.59728624875976,21,92,25,2,2.495219219477828,5.384048712221516,1,0,4,1
0.5022650013183799,961,4,22,12,0.8787123664770852,0.7371491284912282,0,0,1,0
0.020107748155596693,1777,33,18,17,0.6635448454389481,1.4398988735750895,0,0,0,0
0.1665465457824755,1097,30,23,9,0.8935471485994055,1.9768696945482167,0,0,1,0
2.4182452436741775,13,116,84,4,0.3318916988180852,9.110474710594772,0,1,14,1
1.2413893644023843,570,33,9,8,0.11971494957255915,1.1323001692340569,1,0,1,0
1.0511712006327438,1080,17,14,1,0.16958938609437296,0.9014476067816082,0,0,1,0
0.988246435769033,1315,19,27,9,0.018499739778459055,1.904889310985062,1,1,1,0
0.47853741858238286,965,38,29,10,0.4747384598991641,0.5570812715309648,0,0,1,0
7.802359939498205,29,98,17,4,0.6495695579847254,8.314426604877477,1,1,12,1
0.23817660043866595,1261,19,13,3,0.09364110241256883,1.0330016121141825,1,0,1,0
0.43041225614634065,1421,13,24,14,0.9866762661868302,0.36214740600032624,0,0,1,0
1.207349274895966,949,8,15,18,0.05022796268773758,1.4138322165655561,0,0,1,0
1.422842893010418,924,29,18,15,0.132870723337338,0.5097437226152672,0,0,1,0
0.8006861151346732,1185,43,19,19,0.26315441230656716,0.870733865975714,0,0,0,0
0.9104354307988228,960,46,11,16,0.970166403647324,0.9585569285258355,1,1,2,0
0.09509735640011249,771,45,11,7,0.5364724297649677,0.9408088518491284,1,1,1,0
0.1436705181251889,742,14,21,2,0.0490488212663224,1.856425369038339,1,0,1,0
0.6791090931174177,655,40,1,7,0.09694476153004795,0.8655605671676205,1,0,2,0
1.5785144344750042,118,47,25,7,0.6754972981061577,1.8034185972054542,0,0,0,0
0.793025055515934,352,4,24,6,0.390279794962898,0.9501718171213889,0,0,1,0
0.11766517823414586,1504,38,16,19,0.13392230822464568,1.3857862078942513,1,1,1,0
0.4520303259365486,836,14,23,20,0.011703631409818343,1.14815203169492,1,0,2,0
0.04695305829881879,1366,38,16,1,0.38998070109907895,1.8524805232642696,0,0,0,0
1.532082303754009,708,33,26,19,1.5015811248414004,0.933107686130962,1,1,1,0
2.1917337535504076,10,147,95,1,0.6537246228322536,2.850705439717749,0,1,18,1
0.044472159843660444,860,28,8,18,0.11554135879594701,0.9854386694992119,0,0,2,0
0.08346982093953823,780,35,27,11,0.13205175564379584,0.8020553334224767,0,0,0,0
2.2155680169683203,12,156,21,4,1.3587673569472314,4.92896998867866,1,1,3,1
0.7079295169368647,774,21,13,7,0.13095126184465083,1.1967821278783384,0,0,0,0
0.6128974697557997,1719,7,10,8,0.585560721928409,0.46898310799299825,0,1,0,0
2.1254311209782077,10,149,42,4,1.0355613754142687,8.698832355452568,1,1,8,1
2.197031945758252,1706,41,2,3,0.16746479611764023,1.8279115487772797,1,0,1,0
0.22010337982590308,421,25,8,12,0.19974192186669582,0.11894709318223762,0,0,0,0
0.41718464975939445,251,49,4,13,0.02058323506644983,1.1181431815738034,1,0,0,0
0.12891254876652442,982,15,2,11,0.01464396827347992,1.3672848609723187,1,0,0,0
0.5,28,181,36,3,0.15224433306463125,6.025821585532576,1,0,12,1
0.6533901436091264,845,21,17,7,0.3206063309779428,1.2853160401946078,0,0,0,0
6.348846998217844,26,54,23,0,0.36579087230734963,5.1765642489379715,1,1,10,1
0.5641210266796739,803,39,3,21,0.14843350170994715,1.6932542156777453,0,0,2,0
0.07048758295799078,135,6,18,13,0.39581341391677394,0.18285620079975962,0,0,0,0
6.448513124005874,20,184,38,3,3.3508656101184453,6.639249583974125,1,1,9,1
0.6125845724591167,23,99,68,4,5.598395155596255,2.8639445677697575,1,1,4,1
0.46292195784056483,1279,43,4,12,0.15464894965352913,0.2629614587594582,1,0,0,0
0.31499372155069616,978,12,26,6,0.8396355538070976,1.1586782215914955,0,0,2,0
0.8159368813932607,134,2,16,6,0.19011361197684326,1.145567135384868,0,0,0,0
9.589369016331702,12,141,15,4,2.7012423963995364,4.329676989707966,1,1,16,1
0.3309919516937448,1256,48,20,1,0.29248899584677746,1.5218996657688904,1,0,0,0
0.054108942907027134,330,28,5,1,1.8295653219792343,1.1035493384535262,0,0,0,0
0.8011215241543879,220,39,5,3,0.5680763019529572,1.7005223974041834,0,0,0,0
0.5692442665775757,1798,15,7,1,0.07284354374574413,1.7849921948230816,1,0,0,0
0.18101250518858567,1627,32,25,9,0.13239542721652614,0.959702936040739,0,0,2,0
0.1932487573370595,374,38,22,11,0.0292249081765319,0.07619899405157815,0,0,0,0
2.9199536230620833,16,136,13,0,5.000232553587063,9.017272974056414,1,1,9,1
6.081208402510068,20,130,21,3,0.7873060244234782,2.6241420756496563,0,0,18,1
0.8102417978873656,605,46,3,5,0.09485855105744447,1.016737336921408,0,0,2,0
0.041467021605790716,1229,19,23,16,0.0020408102618089913,0.05248897398446539,1,0,2,0
0.06507611697722432,1552,13,29,9,0.16575708901272754,1.2186226467109667,1,0,1,0
0.35909279845120695,1799,32,1,17,0.22367628409794738,0.9229222580433738,1,0,1,0
0.9744254161289727,384,36,10,5,0.5325761802278952,1.0555828110975332,0,0,1,0
0.2523201151503205,1013,39,9,18,0.0018496844753362216,0.6054965842103432,1,1,2,0
6.635461164154805,4,189,95,1,0.31200487888145007,7.230112330924636,1,1,10,1
0.1986280959599893,1661,42,26,7,0.10202226113642006,1.991632437211735,0,0,1,0
0.25957054025217247,1244,10,7,11,0.8410061572500672,0.5186553997363661,0,0,0,0
0.6353914505692121,1346,17,6,19,0.32915096554617884,1.5005770432979177,0,0,2,0
0.4038294767629455,1459,36,21,14,0.17627555548422014,1.7124170453111218,0,0,0,0
0.5137651295319738,878,43,14,12,1.5712912915221582,0.14740923568763398,0,0,0,0
0.627808801792394,769,36,5,7,0.43200906103891135,1.4172363404173736,0,0,0,0
0.13430975135715875,944,32,18,19,0.3243576788575045,0.5281114774244888,1,0,0,0
0.4089499198641233,765,17,20,6,0.6008618118595301,1.231119169370658,0,0,2,0
0.11849871971192306,828,33,22,21,0.3562980546366597,0.9030999965263851,0,1,0,0
0.026842110747314248,312,8,16,17,0.7155429543915601,1.7310632897546225,1,0,0,0
0.29739269933421236,982,14,29,19,0.24247860990299053,1.7498652531482362,0,1,2,0
0.5,4,160,87,3,0.9713545952775247,2.4209794872770756,1,1,16,1
0.306240726428223,524,22,21,23,0.39128431802482694,1.9882971790582191,0,0,0,0
0.5701089956198645,1713,2,8,10,0.20140096222396134,1.2722760832274227,0,0,1,0
11.426210059881377,29,165,90,3,0.40754565143484267,9.562279690563233,1,1,3,1
2.9880507421182756,27,38,91,3,0.11587117574778838,4.887579608692266,0,0,5,1
0.4170466705174868,1783,48,8,20,0.26357285014853976,0.7602722456539976,0,0,2,0
1.6200565951757828,23,165,77,4,6.122605783211168,2.822300476224183,1,0,18,1
0.0705314454385347,991,38,15,2,0.41131116424215475,1.2366570536047712,0,0,0,0
0.036778165250287015,389,23,28,22,0.4731512047917681,1.2761042179114614,1,0,1,0
7.209173393030546,2,172,90,0,0.6503556319811777,3.989546036016156,1,1,12,1
0.6779645081047453,266,48,17,17,1.056690649665388,0.32294096303809283,0,0,0,0
0.32164062061938636,1018,13,22,13,0.14709317315382575,1.4620410373216277,1,0,1,0
0.24130813342018137,1189,3,6,6,0.0346104762026107,0.5254991564298801,0,0,1,0
0.06017340089733548,1381,32,19,7,0.23671906064984918,1.3538862584138822,1,0,0,0
1.970422886118751,1157,47,22,19,1.3300102825082136,1.9215063338969924,1,0,2,0
0.6081677500220933,859,47,9,4,1.2328828654501927,0.8755573582507137,0,0,0,0
0.3649164035124247,863,6,4,22,0.07625826094565377,0.37140129237075437,0,0,1,0
0.030684946790983155,1130,1,23,19,1.7953866570785495,1.1757878164348674,0,0,2,0
0.6329492431770306,439,48,21,11,0.3152506377395985,0.621644259599784,0,0,0,0
0.0681436342510363,1370,9,29,23,0.46795545760371654,1.9983142163885472,0,0,0,0
0.20275843331122867,450,23,14,17,0.07512495266240474,0.005040600150591379,1,1,0,0
0.04766958756451524,1729,44,11,21,0.5611446502132296,1.8695013625193284,0,0,2,0
3.252359736067476,11,65,15,1,1.4624888770426436,8.388259910128628,1,1,16,1
0.9467180766855441,1569,4,5,5,0.33021622514891014,1.8228996265508544,1,0,1,0
0.2248930472744652,237,12,24,8,0.27608691314015077,0.5169250128498797,0,0,1,0
4.953710613237594,18,197,94,4,0.5172428708451214,3.895527448824822,0,1,18,1
3.270928572470427,8,168,30,1,6.358104031716559,2.5959743599994107,1,1,3,1
0.42468438485531085,351,47,15,18,0.19503225344510486,1.1852494707722503,1,0,1,0
0.5504719093931617,10,31,75,2,2.991941675576621,9.02731325603988,1,1,12,1
0.5490891564641547,929,16,12,19,0.44775958926194737,1.1864296814714812,0,0,2,0
0.485779261187979,1152,4,2,4,0.0964818681752003,0.6245709370534824,0,1,2,0
0.341024798286678,519,1,4,5,0.5303220052380536,1.446146746989617,1,0,0,0
1.1036617381733835,323,19,8,21,0.2520030703371177,0.43374739044758903,0,1,1,0
0.684686730676522,952,10,21,17,0.30609943004685886,0.499781017809116,0,0,2,0
0.32119057082329683,184,14,29,12,0.3430461650989272,0.6368820359193172,0,0,0,0
12.402724108350434,18,135,86,2,5.1510271082081225,6.643086191821994,1,1,13,1
0.21217574292857033,1153,41,9,12,0.1194675314553285,0.10904297790296513,1,0,0,0
0.057369047750858014,278,24,13,9,1.0077608720376812,1.9203720312447177,1,0,1,0
0.05582923389996878,117,7,29,19,0.2610517480264573,0.056703161552856374,0,0,0,0
0.8658128706138362,840,40,9,10,0.2300395066883043,0.6467472481013468,0,0,0,0
0.794637251445945,137,39,4,22,0.23904757011814742,0.8639412689998327,0,1,1,0
0.10760245406848627,389,21,21,22,0.08174325474277626,1.9056639936522393,1,0,1,0
0.500195386258924,1691,45,26,20,0.20596500359958225,0.5026174478504926,1,0,1,0
0.6836671084061067,909,17,3,18,1.9765982313494523,0.3116527666071591,0,0,0,0
0.03767156627232697,1304,15,13,17,0.0473561510268853,1.8375799851752146,0,0,2,0
0.14503064749610264,1412,20,12,21,0.5687535127009061,1.5743719914645686,0,0,1,0
0.3432798854498613,1215,18,26,24,0.22818928646589287,1.058714454987906,0,0,1,0
0.6840263564285861,1272,12,4,19,0.2628902644894506,0.18379073053460981,0,0,1,0
0.1519294435438542,1588,22,13,19,0.651844393267828,0.32285305658568997,0,0,0,0
0.36161493455055904,128,17,16,22,0.749985911672354,1.7557203574325784,1,0,2,0
0.4686544112832998,823,34,17,24,0.39781150071332955,1.0288023197353708,0,0,1,0
0.5261143082536148,6,128,33,2,0.20525780812880634,5.233712307457563,0,0,10,1
9.137530461446755,8,151,23,0,4.656640025532994,9.371065040432892,1,1,12,1
0.13737964519882678,444,19,17,6,0.7654289487747855,1.8962475635508214,0,1,1,0
0.058606123659675206,213,31,17,24,0.13948667479149635,0.34367685530537484,0,0,2,0
0.025830642606752448,840,16,3,12,0.18296548918996913,1.895163204634593,0,0,2,0
0.3275275687177955,1545,39,24,15,0.27354444945331485,1.3447758509232568,1,0,0,0
0.28143452104728717,1638,25,21,12,0.11664025804544827,1.089671486015886,0,0,1,0
1.8086462550411608,640,27,11,24,0.13887383346431373,0.48012992651998165,0,0,0,0
0.475872932055436,836,31,8,7,0.07478075620647162,1.591149809873046,0,0,1,0
0.0937292053855441,992,1,21,17,0.7436176848847558,0.5918224133012395,1,0,1,0
3.0642174261151274,14,103,89,2,0.1525237040841034,9.45403899184795,1,0,9,1
0.5661723016105115,360,44,10,16,0.7563405417092671,0.6093952271463698,0,0,2,0
0.06324549796558561,721,28,8,3,0.5874070088302811,1.3050638124337126,0,0,0,0
0.6060003392941046,1485,8,5,11,0.0270728504948892,1.0534397491277507,1,0,2,0
1.5695375587259277,22,21,50,2,2.894659596790863,7.211514708082544,1,1,9,1
1.0353006760265613,813,11,8,24,0.03540752855254899,1.3192009957085498,1,0,2,0
0.47268422438094726,177,18,6,15,0.33217421384741636,1.3841177808548875,1,0,1,0
0.11128588923444667,450,37,21,6,0.03274213975680947,0.5783365335184081,1,0,2,0
0.5453402563697582,1360,48,12,13,0.16356330228490926,0.5820330370270803,1,0,0,0
0.5188409768183779,661,39,2,20,0.4485442758155446,0.22273164672978218,1,1,1,0
1.0114291127409911,816,35,12,22,0.3276215863238674,1.4662653815001185,0,0,0,0
0.632147017858399,530,34,5,12,0.10593543862763422,0.7084706863917831,0,0,0,0
0.24664823032037797,1098,46,20,14,0.9868453757506961,1.4219124455354677,0,0,2,0
0.45017824742148577,197,24,13,18,0.23678796412834724,0.09633593670296614,1,0,0,0
2.157729281029046,1541,39,21,23,0.36597043868504214,0.8187731666045586,1,0,0,0
0.1756140208967916,1093,22,23,20,0.46339634157060594,1.826364685339053,0,0,2,0
0.12851591504781665,448,6,4,22,0.31951082365164973,1.4378330534634116,0,0,1,0
0.04113088016205121,542,33,29,12,0.260111231350292,1.561874523596328,0,0,0,0
0.236832492401236,216,48,14,23,0.5086531607633485,1.5911780275390937,0,0,1,0
4.96142949178147,0,33,83,0,1.1126200090379004,3.831204081054648,1,1,13,1
0.23981795446533663,1232,22,1,23,0.07489606162835243,1.2493191877598206,0,0,2,0
0.5,20,188,79,1,7.132131722078752,6.2252672063951096,1,1,3,1
0.7642978292289252,1206,16,19,16,0.46552817504344235,1.8374363442297177,1,0,1,0
0.7616342952561237,1358,7,7,9,0.06116306707503917,1.8908981876740012,1,0,1,0
3.6970190788371387,22,44,52,2,5.602389519069434,9.438348640919601,1,1,3,1
0.2703921062742338,353,19,18,3,0.060982531513776854,0.1794393649376418,1,0,2,0
0.7230811982512931,933,34,14,3,0.4263803345413389,0.7675142870707727,0,1,2,0
0.5055443978899272,125,3,11,20,0.28086402096218616,0.071315287673404,0,0,2,0
0.17570734486615278,1020,35,20,23,0.18882545190341588,0.5901303204330071,0,0,1,0
0.1385724067798631,782,19,26,12,0.39911288751423907,0.5282041086420219,0,0,0,0
0.0038467761352001507,1788,22,15,13,0.1980767107115038,0.5250097384414303,0,0,1,0
1.9567912686081645,12,63,52,1,2.5679196660200976,9.123945213940473,1,1,3,1
1.8766774861734075,963,11,15,21,0.19094554100867514,1.4958938791813088,0,0,2,0
0.13176908250884165,1257,14,7,8,0.11654313991990616,0.8636520154510943,0,0,0,0
1.3757114851591203,853,16,23,11,0.689675072065297,0.6374238873894094,0,0,0,0
0.2765136783607048,1459,43,5,21,0.9484012279683915,1.579772103871823,0,0,0,0
0.154164301404719,600,11,9,13,0.09633983150139397,1.9383285212556125,0,0,1,0
0.675696576594311,72,28,10,18,0.04030196031442217,1.872445304769672,1,0,1,0
1.052004483715477,1018,17,15,17,0.013811663455378745,1.8261350020847327,1,0,0,0
0.07503720941535777,323,5,8,6,0.6944916335421173,1.757660320197973,0,0,0,0
0.1811615123619793,1518,40,26,11,0.27239394127295186,0.9726341359830746,0,0,0,0
0.4766602471446215,637,4,10,3,0.3484179189656451,0.18154535653670023,0,1,2,0
0.16786687189412497,1661,21,24,2,0.6836160222963252,1.3086281407026685,0,0,2,0
0.451991325166975,781,40,29,6,0.031128387620312305,1.3809585627984018,0,0,1,0
0.24351589568338705,786,29,5,16,0.1668750175002056,0.30761940496582807,0,0,0,0
0.11469670516449039,1646,29,3,2,0.6030920389943134,1.2607799326834987,0,0,0,0
0.26547853333703614,563,25,20,3,0.06541407734009874,1.7799313688331324,0,0,1,0
0.8607389054325331,913,41,22,17,0.0779002723885211,0.0647512732787312,0,0,1,0
0.902640350507553,1617,36,24,4,0.15101960775692785,0.9066527366813852,1,0,2,0
0.5,13,36,45,0,1.8770681855182518,2.444425669356457,0,1,16,1
0.25071919960039346,1086,16,8,20,0.005708658731707316,0.6312932254864378,0,0,0,0
4.6196280596175185,7,100,26,3,1.308319496229753,6.167188613999076,1,1,16,1
0.6502990099882648,1250,18,3,9,1.552359641820928,0.9311649565688243,1,1,0,0
0.9197280531987877,1235,10,13,11,0.37818890359220214,1.4925217355955442,1,0,2,0
0.6524089030112638,483,34,26,23,0.08554822039843302,1.552407280511216,0,0,2,0
6.745444143170419,25,196,88,3,9.405434921715859,2.537187931017062,0,0,9,1
2.6359659883683326,1516,12,29,15,0.46148902613240583,0.4528812406621632,0,0,0,0
1.6499766699885539,1426,42,12,6,0.007377829960018009,0.3688386535880144,0,0,2,0
0.5,28,185,30,3,2.9485355993263758,5.804228126160669,1,1,18,1
3.200430692984546,2,84,66,1,0.23225510844838237,6.981801366331547,1,1,10,1
0.5991749495110998,16,139,58,3,1.3929323528200077,9.510999417215224,0,1,10,1
0.21531105193279265,518,19,1,21,0.09953769704442626,0.7941677171603856,0,0,1,0
0.8261876831831261,820,7,2,18,0.010406587534267066,1.7385396577399894,0,0,2,0
0.1866289122323049,66,25,28,15,0.6012893127261763,1.6843546589865335,0,0,0,0
0.18831260848764964,227,8,16,8,0.08825048371679879,0.3229925876313946,1,0,1,0
1.8156148124381204,9,84,78,1,0.7186503858670724,6.088257166812537,1,1,5,1
0.3420851133315343,723,30,1,3,0.004181455266847551,0.24189740303340956,0,1,1,0
0.06470504452855058,1177,46,2,4,0.8253836144867215,0.9246401715437227,1,0,0,0
0.561800772322153,1796,3,25,11,0.4895099550103654,0.38373794422994956,0,0,2,0
0.06898760985620793,1699,48,1,24,0.1635658157089433,0.21704480712019403,1,0,1,0
8.607192365337637,8,113,66,2,1.5282905536314804,8.053171046144541,0,1,15,1
0.13499297670397967,74,37,9,7,0.038691315963576396,1.091710868753276,0,0,1,0
1.0568274506449318,457,41,2,8,0.13083256165945298,1.1471727241964218,1,1,2,0
0.29100837365164656,1050,44,16,3,0.03513471689098933,1.2578423702922972,0,0,1,0
4.339631460324717,6,176,33,2,1.1921962774556445,8.725268371346793,1,1,8,1
2.7164329676655408,29,191,32,2,1.8463709651621705,7.586455199442496,1,1,11,1
0.6491756753103576,1053,12,22,5,0.5060565951308367,1.1406993424933956,1,0,0,0
0.09393249302272168,330,30,24,1,0.1610113275668332,0.09357693242059506,0,0,2,0
3.432731411332367,27,127,33,1,3.7252834263785966,9.375455579455323,1,0,11,1
0.05614435658230681,1496,40,12,24,0.2360241231227745,0.6042121612967917,0,0,0,0
0.9101433523490673,17,128,84,2,1.1321040744537347,3.542267409827261,1,1,17,1
14.281669196369508,20,193,71,0,2.937376303932684,3.951335218322484,1,1,11,1
0.47128663045133895,1134,1,22,10,0.35678325510901676,0.9534717307460909,0,1,1,0
0.3345535548474945,130,4,15,5,0.3755151760397294,0.15721514759654753,0,1,1,0
0.8827049420610787,155,16,17,6,0.8780514547116859,0.9517433929117312,0,0,1,0
1.0493043189503972,1161,3,5,23,0.0554103276810806,1.1884942979472455,0,0,2,0
0.33134584176867077,614,16,4,24,0.21783468208325055,0.9128240800053415,0,0,0,0
1.200891562557118,744,49,8,19,1.064577955329433,1.8811970379347598,0,1,0,0
1.1572156071090116,1097,9,2,17,0.10915527247955381,0.370422341125791,1,1,1,0
0.9504977334592757,1062,17,26,8,0.43146150649349696,1.1131904256214251,0,0,0,0
0.5635464512230804,279,45,23,3,0.3556679964060785,0.8732299729827089,1,0,1,0
0.3749518681013277,452,39,27,8,0.8450944101808388,0.3149268214320502,1,0,1,0
0.445468724977729,707,14,3,17,0.6008856274501374,1.9128121783579741,0,0,0,0
0.0559544650176805,630,47,15,3,0.3152116988609626,0.5046001616768394,1,0,0,0
4.5805592456882795,23,179,21,0,5.504251089594878,4.058331577521403,1,0,8,1
0.2082156335553708,1775,28,22,22,1.0073511255544438,1.3592767321149821,0,0,0,0
0.4468566008999014,224,5,12,8,0.11409957121109958,0.18106751673831445,0,0,1,0
0.6375311134681122,1684,48,3,17,0.3465744439181425,1.8170351898118688,0,0,2,0
0.6294785092121541,1638,4,27,15,0.6469134330271002,0.7406707679961462,0,0,0,0
0.27946913852653066,191,49,4,23,0.7281514929585653,0.8982522908380535,0,0,0,0
0.6442913828367711,473,14,29,13,0.1713168355685786,1.2855728425940152,0,0,1,0
0.5,6,112,67,1,5.4380393929699435,7.719574667643816,1,0,5,1
0.3873535690691302,1045,48,24,6,0.07438453719179913,0.7973221328823263,0,0,1,0
1.140391284354126,1181,37,25,8,1.0600078767666392,1.617827260998898,0,0,0,0
0.8043572269649502,305,12,20,8,0.05082070423572308,0.21478516366455636,1,0,0,0
0.3126085655932412,167,30,9,1,0.6386959449219057,1.578136928059057,0,0,1,0
0.128591063938457,562,16,11,10,0.4140731496517444,0.8850788143638266,0,0,1,0
0.16780292410772327,1300,25,27,3,0.5809593745801719,1.0258033057872264,0,0,2,0
0.12340431183475278,1696,13,12,21,0.22424282530329678,1.7890458004123238,0,0,2,0
0.7274920922196848,1403,32,7,7,0.1636997452277684,0.057474603336208796,0,0,0,0
0.18235659317442862,906,19,8,21,0.43960043605607835,0.8484977334562676,0,0,1,0
1.722143831363893,156,49,27,6,0.13573065399633505,0.850174587811916,0,0,1,0
0.30521992544632415,1609,16,17,13,0.4565426011178779,1.0311646606573157,0,0,1,0
0.7375077418978073,1168,16,1,16,0.6776215158920986,0.4000561359950936,0,0,1,0
0.025974371557295005,1620,31,4,8,0.15662044360596808,1.4463585221844868,0,0,1,0
0.5655171533900455,1086,11,23,7,0.18139681671995375,1.6039584781511154,1,0,1,0
1.0387858955925902,265,17,10,14,0.5590642369223708,0.1327450217968693,0,0,0,0
0.21509492969092533,159,19,18,9,0.8067659790818242,1.605946602495602,0,0,1,0
0.5658916066119483,577,27,15,8,1.2797692312961142,0.23449884711690383,0,0,1,0
0.8147144729977397,1639,44,20,13,0.7348252433036916,1.9539546415160287,0,0,0,0
0.2960849041080727,454,48,10,3,0.7266281532750863,1.7132423336825642,1,0,2,0
1.160181046520186,1003,48,3,22,0.03893283303577468,1.0781282115338542,0,0,1,0
0.5747037428893825,122,46,16,2,0.7646974672134391,1.770681901694936,0,0,1,0
0.21767242483955856,1409,6,6,2,0.05280622252768933,0.9400745498802827,0,0,0,0
0.08847801196704153,635,24,12,13,0.23505815236565009,0.6821921653149416,0,1,2,0
0.479946988104977,395,19,8,12,0.5341881139046406,1.0825934578443426,1,0,0,0
0.17937868849955366,1448,13,19,4,0.2947347928262155,0.7176688878051669,0,0,2,0
0.8768232259392127,304,31,25,17,1.0676300575305735,0.3509101118334812,0,1,2,0
0.1642375154053254,732,8,22,8,0.5081022937461095,1.3516578626423161,0,0,0,0
0.8513857258470943,1110,12,11,18,0.5106831193899913,1.3320816083093687,1,0,2,0
0.28320190815661944,1377,26,24,4,0.7036008051421481,0.29867091254083955,0,0,0,0
0.4942968451836482,1266,41,13,4,1.4979108002029335,1.2983787027133036,0,0,2,0
0.30647837860465144,716,13,25,14,0.2390360536095825,1.3921944765736824,0,0,0,0
0.5,19,79,70,4,0.8395777703996338,2.2652152276551423,1,1,10,1
0.40301371573408684,870,27,23,20,0.22162394753006198,0.6323780403298369,0,0,0,0
0.6063954062764889,274,12,18,20,0.13635985773739395,0.8517131036198511,0,0,0,0
0.5,3,192,88,1,11.705134266102739,5.536036330806688,1,0,13,1
0.6012001380360441,1190,30,11,24,0.09498003462434493,1.7494098222031738,1,0,2,0
0.008188407087170259,1603,3,29,10,0.18815404472161645,1.732994217290331,0,1,0,0
0.21955068526149535,678,18,27,10,0.8581212904038523,1.663376707749744,0,0,1,0
3.151096449134254,14,80,45,0,0.1,6.879237522992215,1,1,4,1
1.4325337021425268,657,5,16,24,0.292301652112177,0.19176075031778272,1,0,1,0
0.42205616821782777,208,37,7,8,0.8038366661525812,0.15198199161323167,0,0,0,0
0.2317651199833902,312,41,16,13,0.012032709112238152,1.3940537746323607,0,0,1,0
1.5828107054841842,11,25,89,0,2.460723999509959,7.15627576416642,1,0,10,1
0.22569328491566296,96,22,18,9,0.011598416713983161,1.1433296043643604,0,0,1,0
0.50305806252761,847,6,16,8,0.18136178285384633,0.11969207717249386,0,0,2,0
0.9213647019230539,228,31,7,18,0.4063531697720151,1.600647654307347,0,1,2,0
0.5308501052794627,996,42,26,20,0.34968854853930886,1.3685418369226954,0,0,1,0
0.07965941795647717,1269,2,29,18,0.8561910364118765,0.024657371077280832,0,0,1,0
0.025236770260244765,1475,7,16,9,0.7405843110666394,1.731235956538274,0,0,0,0
4.379686385991697,20,196,74,4,3.323667374571495,8.149285109190036,1,1,9,1
0.2510777563289325,500,12,20,12,0.001,1.7808338452204513,0,0,1,0
0.357144686309625,1641,32,17,18,0.05105798424442212,1.2717978311376932,0,0,0,0
0.2190953659796779,920,47,17,4,0.006464901128712869,0.31157741985751897,0,0,1,0
0.16204462705167058,1613,38,24,22,0.2640763756433495,0.17687785507359566,0,1,2,0
0.42521932177009897,269,21,11,5,0.20926749750317775,0.7400150889316806,0,1,2,0
0.24176506345891868,1723,41,16,5,0.6797372881397097,1.6776125526293364,0,0,1,0
0.25013701101250413,96,47,4,14,0.3671748796194223,0.9166860349845591,1,1,1,0
0.05187360409862849,121,5,23,6,0.01580268091219302,0.3263809187732645,1,0,1,0
3.375859666184083,9,185,14,3,0.23795135982450538,4.357568504564939,1,1,5,1
0.4389129309028778,291,30,11,12,0.3449842238212614,0.4712679141009597,0,0,2,0
0.8171388835882193,1192,44,25,18,0.30672416679580844,0.47763015402635856,1,0,1,0
0.21807030768327001,99,10,16,4,0.8290616527406466,1.0479188596198847,0,0,0,0
0.6375845698710735,466,24,26,20,0.63756121480589,1.6271648660358695,0,0,1,0
1.5518281170343429,1577,29,24,2,0.02015728781172057,0.7530367020993425,1,0,2,0
1.0056154322399697,1718,18,4,14,0.016925595349415092,0.6499136556989218,0,1,0,0
0.3572679050552802,1524,16,16,7,0.14558506083913758,0.6921774477190263,0,0,1,0
0.2171105445905906,130,30,24,14,0.690032431879189,1.5254588525478485,1,0,1,0
4.607132527049945,22,148,91,1,2.004344235988083,5.140299593422638,1,0,5,1
0.17826432945840842,1244,34,5,12,0.0365838707986025,0.8309771400125787,1,0,0,0
0.1410803002648547,1799,46,13,14,0.44502028509470626,1.2467638169382493,0,0,2,0
1.7113376241853864,21,106,81,0,4.761346891696036,7.038497078221398,1,1,18,1
0.05961536932293031,1149,26,21,7,0.037578630949349885,0.6165983845541609,0,0,0,0
0.46557125678205313,1280,14,13,1,0.2873919934819761,0.599726899479234,0,0,1,0
0.06172771174893266,1051,16,18,11,1.3334512610604625,1.756309431121209,0,0,2,0
0.32419190671779086,356,28,9,19,0.5557044001971697,1.800163653549968,1,0,1,0
0.04287245372846805,1005,23,6,16,0.15127045686843177,1.3095818405498374,0,0,2,0
1.849354508865844,63,4,19,21,1.1638182640752237,0.7187332017680013,0,0,2,0
0.5739013500767391,13,39,66,1,0.8444048662605975,4.5197262674587355,1,1,12,1
1.5032050656159714,1311,8,25,1,0.336924836894105,0.16568579697499075,0,0,1,0
2.1977792087026646,1616,23,16,10,0.1941027819149437,0.013992370952973454,1,0,1,0
0.5135713440247937,1643,17,7,1,0.220783366080746,0.8250069278002583,1,0,1,0
0.8196681468449358,80,22,21,16,0.16392791186927735,1.913124248515318,1,0,1,0
0.05853333479033074,1452,26,10,2,0.27319526928456955,0.07760605304877011,1,0,2,0
0.08652721538019974,176,48,28,23,0.2529885808696588,1.9705014493914994,1,0,0,0
1.8210058226649917,864,38,15,14,0.2644189592711738,1.3105312350937455,0,0,2,0
2.474836146945294,27,78,92,1,1.0757859573346138,2.3819663766686388,0,0,4,1
0.33461787092205647,406,42,14,1,0.2904056652553636,1.830965213361345,0,0,1,0
0.11099854988796685,208,7,1,2,0.005102979543575343,0.902047863527901,0,0,0,0
0.1203958582359604,553,10,21,24,0.6139562836822203,1.0326631514943823,0,0,1,0
1.5911292620746493,15,116,54,1,3.611666593436695,3.717332221123602,1,0,9,1
0.09704238267797637,937,15,3,23,0.2559025507012366,0.8306300174398669,0,0,1,0
0.5632326925124914,864,10,25,13,0.2879764528307808,1.5934687040900952,1,0,2,0
1.2470474774871234,3,178,22,4,0.6163317764435874,2.0637773440687086,1,1,16,1
1.687332897110837,1052,39,7,23,0.2483155101544158,1.7011265931320834,0,0,0,0
0.25342707571706297,1411,28,29,23,0.149195068905252,1.810603330365142,1,1,2,0
0.3912345505978191,1346,21,7,15,0.007956172709310757,1.0555357836216948,0,0,1,0
0.03848097046190835,753,24,28,2,0.1034435377949961,0.43201986739412046,0,0,1,0
0.16942424636730938,242,33,5,19,0.09920326729338834,0.3023361879573936,0,0,2,0
0.07373385866694464,1387,26,25,10,0.12125068569415856,0.21086818606827862,1,0,1,0
0.10559624176961989,1608,14,8,6,0.07644835203303563,0.7773664305702805,1,0,2,0
0.4903396593366631,1237,19,14,3,0.39547276236947143,1.047606796414359,0,1,1,0
1.985454944713223,1277,49,9,14,0.09838560758166612,0.4260643161938489,0,0,2,0
0.0846193150150503,1294,48,24,23,0.01806773413768736,0.17163294134086682,1,0,0,0
0.014262244397212923,1621,22,4,15,0.06934477679451544,1.6015895847052177,0,0,0,0
0.3064336092110908,883,45,16,1,0.4622279713276677,0.22023904784674486,1,0,2,0
0.0200283581105462,1784,48,21,21,0.05960894275285486,0.059858930130450405,1,0,1,0
0.3689282514500478,932,25,23,9,0.15381175912489764,0.12001352996952241,0,0,2,0
0.52440652973428,156,4,9,10,0.038700616525467205,1.4565986312636188,0,0,0,0
0.012565175057370788,1014,7,23,10,0.1672188411329286,1.7153793336144851,0,0,1,0
13.292687780241678,17,150,33,3,5.599471967675757,7.582942414873794,1,1,7,1
0.347153243578947,1461,35,2,8,0.15509231801182466,1.5347870910143218,0,0,2,0
0.8680404969388557,1154,23,16,15,0.13184008863738947,0.8244111250368866,1,1,0,0
0.03920361822242118,198,36,13,22,0.9314915323400431,0.1543116530793811,0,0,2,0
0.6316429502118125,19,185,27,1,3.0403998670859256,7.7226057433567155,1,1,10,1
0.5369219460689436,1286,10,2,6,0.46791656904014495,1.1682706245529195,1,0,1,0
0.6137512127966616,627,30,2,12,0.29279571930458376,1.1666240281359803,0,0,1,0
0.8625251243173865,28,131,22,0,5.171865281242281,5.5278080860573935,0,0,13,1
0.471805362569958,957,12,25,22,0.058844463858387014,1.2882478402882043,0,0,0,0
2.8564399433999674,71,23,29,7,0.5777478032161557,1.5910003832682988,0,1,2,0
0.020052865050007713,1425,18,25,8,0.12869281434467544,0.04915079788168386,1,1,1,0
0.055690063831579886,776,44,26,17,0.335589082801904,1.0387804718881384,1,1,2,0
0.09659356574647306,760,30,28,8,0.021107088302398082,0.22950872680543943,0,0,1,0
0.02651970219359077,1420,5,26,12,0.19403088072737826,1.5439863914800267,0,0,0,0
0.2844495656511619,1039,36,25,3,0.542561065574063,1.6911990682889613,0,0,1,0
0.17710503086784238,898,37,7,4,0.07292293971966123,0.7044128240385601,1,0,1,0
0.5,11,182,37,0,0.735894299875139,3.5053944707604883,0,1,12,1
1.1295849030154477,1300,29,18,7,0.8973760862402342,1.3419891560167103,0,0,1,0
0.2912926676419441,1759,35,21,20,0.2102182807216512,0.5503258099713189,0,0,0,0
0.9212933798263001,28,104,60,3,2.9211233333502653,2.190235498348332,1,1,7,1
0.08089585359779548,1425,44,8,14,0.3906816641596458,1.3354341032837016,0,0,0,0
0.06252731117308141,804,36,16,5,0.3507880118818915,0.4225232129899361,0,0,1,0
0.2789070969542137,293,7,29,22,0.24247632522199836,1.43984290434091,0,0,1,0
1.8621675778110502,486,5,17,20,0.011124921305394928,1.0488949570416972,1,0,2,0
0.16246822950847467,1319,45,11,18,0.8522561554191475,1.5890638531076102,0,0,0,0
1.0824512585782784,1109,2,8,16,1.0063441678026404,0.34680927542261,0,0,2,0
0.46571973836860153,1712,9,22,22,0.028758398279149684,0.23705854569762486,0,0,0,0
0.3356448295112079,1105,17,8,21,0.28416412498990573,1.5051345892671912,0,0,0,0
0.5714668463130851,1733,31,9,1,1.0605393651279842,1.1035226152844875,0,0,1,0
0.06733861176990653,557,1,3,6,0.3224029712540029,1.7494011229911945,0,0,1,0
0.5,25,159,53,2,2.933026985962805,5.6550059659737775,1,1,6,1
0.18063430631997812,1058,10,14,8,0.2186951119439686,1.1236389060984762,1,0,1,0
0.4542985650204533,1252,14,7,6,0.30432129219560294,1.5713551863246538,1,0,0,0
0.9497213438694286,366,35,20,7,1.0065170264057575,0.8409106650494491,1,0,0,0
2.9176667285743516,16,61,62,2,0.8530240507363801,2.2671564664146224,1,1,10,1
1.1415410050332384,1006,34,10,12,0.4531944299515723,0.2668870588459924,1,0,2,0
1.2796759337628536,906,11,2,6,0.7403162926498532,0.07144521902382084,1,0,2,0
5.377457561979812,25,153,64,2,0.5830500665042212,6.59615152132658,0,1,13,1
1.4504298636628972,1342,18,25,11,0.21276193077740407,1.8919712676691705,0,0,1,0
0.0821027132820909,757,5,29,20,0.018477087204215367,0.7285847148307436,0,0,2,0
0.29804541576218885,1718,29,27,22,0.6749178058388234,0.5285256708629118,0,0,2,0
0.5970327123366266,378,37,17,8,0.0754297813548027,1.9064916150577482,1,0,1,0
0.17792558795233623,845,27,24,11,0.09469516641967435,0.7166193661294769,0,1,1,0
0.7471889591691858,757,8,7,19,0.8380613045078333,1.2771933693811834,0,0,2,0
0.022321375867669725,1750,25,9,17,0.10225399974777927,0.3411478190035362,1,0,0,0
0.4915374796716641,1308,4,20,2,0.6237731590416273,1.2583474946745343,1,0,1,0
0.25254006564958986,1392,43,2,22,0.07700246698906138,0.671745724939576,1,0,0,0
1.1101451471800003,0,160,22,0,4.753340028636483,6.759311734655117,1,1,15,1
0.39291348216237887,276,8,17,18,0.001,1.35469585861852,0,0,1,0
1.194158640904123,22,84,80,1,0.9362594276912568,5.059744681564226,1,1,4,1
0.45695252387941204,509,31,22,9,0.21701316435242696,0.19160303320114136,0,1,1,0
0.5,20,149,58,0,0.23662274189904572,8.333238789481236,1,1,5,1
0.5363990470887109,185,36,28,11,0.3987670480339219,0.5700082927815131,0,0,1,0
0.6544613645579351,420,5,14,23,0.8794933870931421,1.5420330095917387,0,0,0,0
0.37187541607196106,71,13,16,6,0.46839940280107756,0.40059084590673977,0,0,1,0
0.07253493083511123,1211,4,17,13,0.18266325802711936,1.5334330476255305,1,0,0,0
0.15100300773436506,690,4,10,23,0.2357268602343664,1.4841588245678812,0,0,2,0
0.15583324957863817,1550,1,26,17,0.26636175825536657,1.4620221011857957,0,0,1,0
0.2409274543765256,132,45,26,10,0.22705378912875407,0.4112962113984713,1,0,1,0
0.4302156660229775,1581,9,27,13,0.14920191033164706,0.9252019210862341,1,0,0,0
0.8568027898371919,4,55,50,3,0.5825157050840535,9.596280645895341,1,0,3,1
0.08082906925953148,1771,21,3,3,0.27636101065668867,1.3589753241013693,1,0,2,0
0.42853169423962356,789,39,24,2,0.19543764292668006,0.8496412658709205,0,0,1,0
0.8176274405433673,388,29,15,19,0.2046327059840734,0.21202871184493643,1,1,0,0
0.02557304545292274,1190,38,13,9,0.0748063142915849,0.28406958512650626,0,1,0,0
0.053112667740815106,619,34,23,22,0.13013194509734197,0.6833382800888337,1,0,1,0
0.34483230812980475,1198,31,13,7,0.6504731866782001,1.4615507223662971,1,0,1,0
0.4741145219464216,548,10,13,10,0.34539569410567034,1.9585545358899512,1,0,2,0
0.16296455393613432,1126,21,21,7,0.7968640114416944,1.1050004739573913,0,0,2,0
0.13800948092514967,1529,31,14,10,0.27407273934342974,1.8994906960795372,1,0,2,0
0.13556232430193663,1669,14,13,18,0.30869451874664183,0.5153542198346546,1,0,2,0
0.22637353735245747,275,23,3,8,0.17444870166654142,1.1632090922916112,1,0,0,0
0.8788328196142539,1404,27,22,19,0.9467738223098876,1.0798310521253556,0,0,1,0
2.0357110373393192,683,5,23,18,0.6600068840338299,1.347405009353778,0,0,0,0
0.33884973981575217,1195,40,6,17,1.1198630556571225,0.22609569630610338,0,1,1,0
0.2741203428218688,919,41,7,24,0.2960037972554155,1.7675429670236877,1,0,2,0
0.06116641047236742,902,30,24,5,0.10296960172646691,1.5407749852690615,0,0,1,0
0.564853801523644,452,11,3,12,0.07158288132229572,0.8546829155899882,1,0,1,0
0.4206063985039436,1751,38,26,14,1.1089796188442291,1.6424147387768318,1,1,1,0
0.42614564678911676,1037,15,23,11,0.05913750653113721,0.643317266638914,1,0,0,0
0.5513394518437611,1343,28,26,13,0.2746303137094959,1.6441308215506985,0,0,2,0
1.0318778323020328,16,174,81,4,1.5210602026681077,5.422271998523732,0,1,8,1
0.6955070145337542,1073,10,28,10,0.18589246123830822,1.9518203205185474,1,0,0,0
0.23052800746851462,237,48,12,22,0.013818881412133284,1.066379165754783,0,0,1,0
1.7146456311338885,28,85,10,3,5.429527076329821,2.483352967380144,0,0,6,1
0.5500090815585457,11,127,58,4,1.7915489021369135,9.158629981998521,1,1,9,1
3.2186842044175643,11,36,82,1,4.5563724745457606,8.3646257353464,1,1,13,1
0.3725553649703846,1191,38,2,17,0.040231356888630394,0.3101643111455883,0,0,0,0
1.986581733987204,1668,48,8,11,0.8271133486088916,1.1871619813458272,0,0,0,0
0.560715762387781,956,7,27,16,0.03096952589558155,1.2980466169616878,0,0,2,0
0.4400527860497481,334,11,2,15,0.697137102597989,1.507098694175499,0,0,1,0
1.503966921228232,1283,17,22,8,0.06342635941081665,0.4161433963826302,0,0,1,0
0.021230866500525847,879,2,6,9,0.5816336114118626,0.622256365448846,0,1,2,0
0.3497170054126467,1648,32,26,20,0.16473382174399379,1.7858092882443972,0,0,0,0
0.5,9,45,89,1,1.2766868340807451,5.537273890279452,1,1,4,1
0.16975407249992244,548,26,29,11,0.2836669127495492,0.9301532063142077,1,0,0,0
1.6675551985689268,15,74,52,2,0.25516604754855066,3.3650043639380582,1,1,18,1
0.304702668173313,813,39,24,5,0.3368441176389256,1.6305757541228183,0,0,2,0
0.16863217861131674,198,9,14,22,0.6926264701777752,0.9864307095149045,1,0,2,0
2.136813010925993,13,26,15,4,3.914469313057818,6.753287681290232,1,1,9,1
0.012857074366323515,1152,24,22,18,0.15814125365311488,0.9041074851518356,1,0,1,0
0.018706282919097914,677,16,14,22,0.004188734207994418,1.6052397049020621,0,1,1,0
0.5166218987260125,140,9,24,8,0.34415316968530585,0.9560049587166206,1,0,0,0
0.06350303420505166,545,16,1,1,0.10466451203879752,1.2259727725067353,1,0,1,0
0.1366793084785735,1378,41,17,24,0.26746594144012165,0.8985054601035729,0,0,0,0
0.14895510011091287,440,20,11,1,2.3893189707301636,1.9807812810581593,1,0,2,0
0.14270065743282434,966,39,6,20,0.5986013066288098,1.1754312757171113,0,0,2,0
0.006590472412829613,877,38,16,14,0.6828532455260539,1.5685113797715562,1,0,0,0
0.5,27,137,41,3,0.48138917703735135,4.693946371479225,1,0,8,1
1.9568265487902958,1466,6,4,18,0.016618391091073614,0.2747362008460057,0,0,0,0
0.46624697348279476,444,10,1,12,0.48501036048248114,0.23246996095464012,0,0,0,0
0.9226854960309858,1233,29,14,5,0.3833137474479259,1.1641261273571282,0,0,1,0
0.38009314053110493,1550,28,17,8,0.44943382459735637,0.13786612234820583,0,0,2,0
0.06233051440267387,1719,6,9,20,1.0512823018385031,1.9558067489621536,0,0,1,0
0.10651814139098732,110,48,7,22,0.14285026017604682,0.07819443986256935,1,1,0,0
1.1159315104109138,255,39,11,20,0.006808574827495756,1.0641045207664104,0,0,2,0
1.1278833771653067,1591,49,17,16,0.9309150664170982,0.3831338485719811,0,0,0,0
0.42411604803788777,291,2,16,1,0.22361280172287068,0.8974776362491004,1,0,2,0
0.6502038988286688,136,37,18,5,0.6202545776688626,0.41777945253291016,0,0,0,0
0.17742799503994652,743,9,20,9,0.27195340646881844,1.9167404657654386,0,0,1,0
0.5019189135688191,872,2,4,23,0.31088401530078563,1.635576539560701,0,0,1,0
0.8457183384991586,1515,45,17,6,0.4553181652049476,1.3493443264091105,0,0,2,0
0.9314663054072945,1785,9,28,11,0.757035392085254,1.9313443004999833,1,0,2,0
10.09157433775962,14,185,93,3,0.9381475416729121,6.22318731154711,1,1,9,1
0.5385573828625083,93,3,3,22,0.24093267379651886,1.8586137185500013,1,0,0,0
0.6973938290292367,98,46,25,2,0.053897899073952565,0.8341183471427871,0,0,0,0
0.08489180164975531,220,17,1,6,0.11613639109709264,0.6662187279925373,0,0,1,0
0.36241803434888553,1035,19,21,1,0.37110963222915266,1.4532920546238715,0,0,1,0
2.1655135109637413,3,25,54,3,5.731136324434255,7.4547592217398515,1,1,19,1
0.4314604186966546,1280,15,27,24,0.19704900513813817,1.839647670830122,0,0,0,0
0.07060145951758322,508,7,12,5,0.2659304094592054,1.8719447503034703,0,0,0,0
0.038924472283941136,115,41,22,23,0.38342621753160344,0.34262225281550185,0,0,1,0
0.05683668182306739,1358,2,26,17,0.3841742427367103,0.6538918847856565,0,0,2,0
5.01752700456476,18,102,24,0,4.01840198441339,4.564320322212323,1,1,16,1
0.1932256362120477,1775,11,14,7,0.5673676075845749,1.9651011645714493,1,0,0,0
1.806799718371234,229,9,26,8,0.12985140446924592,0.5293636844133665,1,0,2,0
0.3773082026134185,97,39,27,12,1.4264235272944994,1.7618360519036882,1,0,2,0
1.8324272098105021,1,131,51,2,3.684076111675669,7.134761826483011,1,1,6,1
0.12477763444526256,1135,32,18,2,0.9302040517035972,0.5066368462737056,0,0,1,0
0.5337920953421046,245,48,20,5,0.03160939660566594,0.4035855912157609,0,0,1,0
0.5355279617356548,1716,32,9,1,0.10471181891906373,1.0760296213731335,1,0,0,0
0.01712825761378989,1752,21,9,24,0.026784155207045066,1.3909935018012742,0,1,2,0
3.9881644465242156,28,162,35,2,3.2022940654652112,9.562756326301049,1,1,15,1
1.7991877992214476,3,154,60,3,0.8840319424245445,6.184581011733918,0,1,9,1
0.9927030431620804,90,37,12,1,0.13079211957736112,0.24871644273632754,1,0,0,0
0.016688171786272132,352,38,9,4,0.21714265198470162,0.47941252049264826,0,0,2,0
1.2256267957167901,1104,3,29,23,1.3913263297643,1.0181213766006934,0,0,0,0
0.11588525047167866,1622,25,3,12,0.3557338619734646,0.3648872476870353,0,0,0,0
1.3211871371146207,878,49,3,19,0.4229327848024683,0.39905473259644,1,0,1,0
0.6778887608141981,1349,20,23,15,0.41295645922484514,1.65920917645534,0,0,1,0
10.813932978648406,18,173,23,0,2.601930393321986,9.85924560968806,1,1,9,1
3.0377507490680857,24,83,59,3,0.5621054413236172,8.88851870109471,1,0,8,1
0.03081126794081224,976,49,20,18,0.018612465960693544,0.9127354680629627,0,0,1,0
0.8334344861052255,321,15,12,21,0.17042639593374118,1.766637747423353,0,0,0,0
2.6746750341585086,18,107,21,0,1.1412478451257855,9.408149414062096,1,1,9,1
1.4350797120424905,1551,36,21,13,0.19802912393913785,0.6195790273449417,0,1,1,0
0.43089342046982243,366,33,3,13,0.42329683576495153,0.11631655010125175,1,0,1,0
0.14353859428180332,901,16,22,8,0.016288109270572147,0.1747699990092486,1,0,2,0
4.862444832510535,24,112,52,4,0.6280993616667246,2.3729906116154496,1,0,12,1
1.8854985910876136,9,52,72,0,5.3718056116519906,6.035956432135234,0,1,6,1
0.024173399626215963,1761,5,16,13,1.1782438518183964,1.7338777015857811,0,0,1,0
0.1943538027181601,819,34,21,18,0.4631672133612774,0.6620170736776094,0,0,2,0
0.20334018991379418,448,31,29,16,1.4116472054706783,0.21373985541557805,0,0,1,0
0.060269560699234635,1161,41,8,20,0.09886101518144563,0.9565893109658208,0,0,0,0
0.574818117492311,1527,32,14,22,0.0940808550624493,0.6967226847766508,0,0,0,0
0.05010961143187671,1324,29,26,13,0.6355900929128431,1.9336324048390459,0,0,2,0
0.1304981846255432,1777,35,11,9,0.6197986976122201,1.7649564551950074,0,0,2,0
0.9142277821073932,304,45,14,13,0.014348254646616578,0.16249916333910575,0,0,1,0
0.40397216759808824,1159,41,22,18,0.14272261486372717,0.82373729200101,0,0,2,0
1.4664373762425988,1606,14,21,15,0.15328813577251477,0.9758522893141095,1,0,2,0
1.1042794021308753,1758,46,10,23,0.3509625793208616,0.4896646762564185,1,0,2,0
0.810435756691717,188,43,2,9,0.08619166449930087,0.8924959786283457,0,0,0,0
0.19988846856554834,1386,11,17,9,1.1661136430497823,1.122009707255961,1,0,2,0
0.309537259333188,1451,32,2,19,0.03488763070365206,1.303386742991285,0,1,0,0
3.107814814475053,20,186,32,1,5.747673799544492,4.808790141616438,1,0,17,1
0.01989377568452158,1211,10,10,9,0.06870888965186034,0.9548609845059297,1,0,0,0
1.7360146615604937,1,55,73,3,1.660080345652133,2.5817146339826893,0,1,18,1
0.6341654770395613,1434,44,29,12,0.25541436916356947,0.25507535271273496,1,0,1,0
0.503357258916638,607,40,9,10,0.19504167346589202,0.8763493476819526,0,0,0,0
0.5,0,85,31,0,0.7250941213005397,7.808996195741957,1,1,12,1
0.5751045226909061,692,3,15,17,0.13371558068930822,0.926163176646482,0,0,0,0
2.1419327877762693,1712,29,4,1,0.008842440760459544,1.1446983648765279,1,0,0,0
0.024997762539450644,1624,2,22,13,0.08681883489217845,0.499613602525276,1,0,1,0
1.2316463676264064,1673,3,16,17,0.9924257137110714,0.9923134489891206,0,0,1,0
0.755028438535453,1738,36,12,18,0.33634273971484485,0.42945936445743027,0,0,0,0
0.3543922423881031,334,42,28,24,0.15780158115044188,0.0849846458381065,1,0,0,0
0.8768500434639376,1731,4,9,18,0.250106451043045,0.35299693404306187,0,0,2,0
3.127114539348709,0,92,74,2,0.1260613913777109,5.64787934743682,1,1,10,1
0.03609245253477216,946,8,17,3,0.20619789667043043,1.9361977874769785,1,0,0,0
6.1340133138719715,4,97,91,1,0.6961373532822837,6.665862154120128,1,1,18,1
0.6227798463062179,835,39,7,1,0.4641832295139756,1.3417442309603305,1,0,2,0
11.78008359816601,1,106,65,3,4.840403800194594,2.3729206067756072,1,1,8,1
0.6948923582477305,966,39,13,4,0.028012310913340763,0.14535189887434452,0,0,0,0
0.017095762468974915,103,40,23,3,0.9593480866766657,0.6696082201635001,0,0,1,0
0.11729020464797123,750,21,17,6,0.9029744180878446,0.5279760438715946,0,0,1,0
0.13506548298580015,127,37,13,3,0.48076223053621,0.4834696009900674,0,0,1,0
6.4060477091851205,8,41,81,4,3.8056344773950217,3.1331336171183946,1,1,12,1
0.004909447692281613,401,14,28,18,0.08929849283332199,0.15582431694164023,0,0,0,0
0.46572122388407855,1728,40,13,5,0.13422514436539007,1.4211640070246807,0,0,1,0
0.029687978904190403,1196,35,12,5,0.08222970737116944,1.382725787423582,0,0,2,0
3.04827677430358,1486,48,22,4,0.14410260614263518,1.9769724406405023,0,1,1,0
0.06853783099019248,1557,12,15,10,0.5516604884441668,0.40140308434874505,0,0,2,0
3.74035616329701,14,157,70,3,1.4910946774761795,9.729770290054198,1,1,11,1
0.017267761772105907,723,19,2,9,1.3838530776800126,0.7827565871820845,0,0,2,0
0.3219585623343909,936,46,13,14,0.21523535832831217,0.10574919776800584,1,0,2,0
0.10051855198942644,582,43,21,9,0.016852123480620654,1.9129500495422622,0,0,1,0
1.645614933878964,16,66,79,2,2.4230162040119114,5.824010068254651,0,1,14,1
2.4784143039630164,763,43,15,21,1.040067679576342,1.2930100144123629,1,0,2,0
0.14207104998989795,105,6,11,23,0.37884395481085725,1.657280077972194,0,0,0,0
5.613723601480118,28,173,81,3,6.605291180262906,2.959722865394313,0,1,7,1
0.18057702002577508,790,18,12,18,0.3331076998587148,1.917012139238273,0,0,0,0
6.228533273033312,8,171,40,3,1.9730253046696498,3.3903289758856907,0,0,5,1
0.16916367135592755,574,40,15,23,0.3704815117998876,0.22510290095979224,0,0,2,0
0.004451398836142618,445,17,5,7,0.44309841460396165,1.5952078588667713,1,0,2,0
0.5748928634454095,202,13,25,22,0.716611729934299,0.12831712307027332,1,1,2,0
0.4832430945883536,88,21,8,22,0.501893267563922,1.1806864758599935,0,0,1,0
0.9598413005947029,774,45,10,17,0.40013009080456635,0.6880373003077789,0,0,0,0
0.22289014774395016,1181,31,24,16,0.10807217451541616,1.7275702730903955,0,0,1,0
0.5,1,152,48,3,13.011837555064751,8.190496357858574,1,1,18,1
0.7167152735395469,1258,17,28,2,0.637783074378403,0.8818569386592965,1,0,2,0
2.8543891567537965,1568,17,17,16,0.009266721041248916,1.3906210796424954,0,0,1,0
0.10040254310431275,1100,1,29,16,0.12347251350479656,1.1898395004284432,1,0,0,0
0.24254242142454213,984,48,1,3,0.35722845171951945,0.7092786925605261,0,0,2,0
0.5883735941515056,1331,24,17,19,0.6445493067296048,0.22647077103455082,0,1,2,0
0.06276601288068671,1780,24,9,21,0.014711285977429071,0.5459723423156846,1,0,1,0
0.03312049731437815,1186,29,14,21,0.35069610916853133,1.6453304939689715,0,0,0,0
0.4659238512943091,1282,37,9,16,0.205000706071517,1.6021911528616288,1,0,2,0
0.7997389274953653,1266,2,21,3,0.07684089468836508,1.6466050868883821,0,0,2,0
0.04225972361777927,1207,19,7,22,0.619880113082826,1.8563523923444187,0,0,2,0
2.0970041782874818,6,90,53,3,2.3778967883632247,7.767430845148836,1,1,6,1
0.3604728573631553,1370,9,25,10,0.5190679754748013,1.5146201876357455,1,0,0,0
1.2677054938643575,575,27,22,7,0.04953743393363687,1.0424844219015488,0,0,0,0
1.6053657422883045,14,119,65,4,3.5785370409047386,7.492234866015337,0,1,7,1
0.1950621997161652,963,24,12,5,0.4910574176371113,1.5098839392286874,0,0,0,0
0.4968838365187657,1492,6,16,7,0.6754089586926509,1.3669219840275733,0,0,2,0
0.20444331813511393,286,19,28,7,0.21050903865611784,1.0525524033906661,0,0,2,0
0.006490682142417693,1453,11,22,18,0.2421964344362622,1.219433205326602,0,0,2,0
1.130121060443565,1764,5,8,21,0.033296418830072165,0.004480946147392029,0,0,0,0
0.3320532293976353,814,49,18,11,0.1934032086542219,1.4179220725956703,1,0,2,0
0.5097182805889042,1157,8,18,2,0.48687060354340633,0.9552183363585045,1,0,2,0
0.06038484747071202,1781,3,10,5,0.6869194134627192,0.984303938247453,1,0,0,0
0.7759574075652245,24,118,30,2,0.8814923488671587,5.899369095260834,0,1,5,1
0.2983277059530509,1097,36,25,2,0.027724698338751592,1.0785107205803046,1,0,2,0
0.0887862718992548,1602,38,7,12,0.33665424857328263,0.8357609027205888,0,0,0,0
0.020094344265427083,1535,23,18,8,0.28037741774723773,1.6645072214311256,0,0,1,0
0.35554413749490776,1768,21,26,10,0.4153463480775404,0.005058793589529209,0,0,1,0
1.1256968633491735,1382,17,9,12,0.14840511478612523,1.9034696074823712,0,1,1,0
0.2951378748969702,1299,15,27,17,0.46514343358539023,0.14790858452230427,0,0,0,0
0.09133091476075816,767,16,13,2,0.35534500817316644,1.0036630431366351,1,0,0,0
0.014373352987942012,503,1,24,7,0.081293776381205,0.7613265338619972,0,0,1,0
0.30255891287585646,899,4,28,15,0.5239719248337185,0.5070936203086862,1,1,0,0
4.834041925328964,4,64,67,3,3.550452694556437,6.002172898326077,1,1,16,1
0.7855653906273038,1753,17,9,20,0.22474591248203432,0.7611274267719839,0,0,1,0
0.03784791202912624,409,45,17,22,0.04638424769491619,0.6613615711129537,1,0,1,0
0.5008043337026639,982,11,16,4,0.5379163034021214,0.4772478990438096,0,0,2,0
0.18393716297835186,1483,13,4,8,0.0644471660524409,1.795723012559534,1,0,0,0
1.13796425756108,1417,13,11,15,0.1919809805353665,0.054985315765113674,1,0,1,0
0.5842117139979908,463,38,9,15,0.9176650116251667,0.7260700994134288,0,0,2,0
0.4801137694201848,794,26,26,17,0.04504227369028699,1.1706175913194823,0,1,0,0
0.7716963909377931,780,45,15,1,0.23795852418763622,0.16222934250224674,0,0,2,0
0.030175148155967106,1595,21,10,7,0.043289149416963754,0.7472193630359243,1,0,0,0
3.1201129424467418,18,26,71,3,3.115727526732242,4.991297753545378,0,1,14,1
0.009264495197656998,619,41,8,13,0.5697318150354316,0.5397034806913692,1,0,1,0
0.34439086952444603,1681,49,16,8,0.3815320229717072,1.3361205813979247,1,0,0,0
0.037946754729564755,1612,44,13,12,0.049799494919098776,0.09300212785073358,0,0,0,0
0.4078934248270577,500,24,21,4,0.12455347305228637,0.703201569336654,1,0,1,0
1.7097497802627042,1461,42,1,17,0.4795794128171146,0.39808655929833003,0,0,2,0
0.026836419147912027,1459,36,18,13,0.3932671650839781,1.1385676352701386,1,0,1,0
0.26794083582809775,806,22,27,11,0.026419160192372084,0.18580675138842495,0,0,1,0
0.5502503766410316,0,20,54,4,8.448556015942403,7.247747818340742,1,0,4,1
6.578627589898701,10,24,29,3,2.967472139593247,4.426907716279306,0,1,8,1
0.37973626075537514,1089,34,9,3,0.1250060605829182,1.053777121450003,0,0,2,0
1.8061547030814629,476,24,28,24,0.35004747679850795,0.7717004184080709,0,0,0,0
0.020112550602689544,699,10,6,15,0.3153061338700096,0.7286508467323061,0,0,0,0
0.3749430296588934,1031,49,22,1,1.096825505951094,1.6151521885142253,0,0,0,0
0.03352608925534093,1145,27,14,2,1.7998764481142133,0.6267494565621357,0,0,0,0
0.4916045432010813,640,25,1,24,1.3403327035847488,0.26640435282750774,0,0,0,0
1.7011911419677435,1625,48,10,2,0.26863458240181454,0.6098663882052962,0,0,1,0
0.5450312625735495,639,9,25,21,0.10878596209635492,1.9873286840157878,0,0,2,0
0.35939124064427475,1603,30,17,5,0.6632626189191687,0.4301921006274867,1,0,1,0
0.4352265341462218,430,33,4,7,0.6610382199766041,1.538131308118212,0,0,0,0
0.53245625059931,1436,21,17,4,1.1280159402256342,0.5078036100124288,0,0,2,0
0.4443502706069714,1175,6,15,12,0.5836896474379721,1.74314807186728,0,0,1,0
0.8699769781963522,118,48,4,2,0.44831583165588784,0.24581521602559087,0,0,2,0
0.18797817379522525,1195,15,9,18,0.419421196100388,1.5919799902803509,0,0,0,0
1.7545214356009522,956,38,21,12,0.45496884796991943,0.25837281988815364,1,0,1,0
0.14696452012448885,728,6,2,15,0.01831637596608454,0.28466405226203384,1,0,0,0
0.2092253993870864,951,13,4,19,0.5471286744890557,1.8184540769578998,0,0,1,0
0.6242167656343331,1303,16,12,14,0.991836760987467,0.40242223412747036,1,0,1,0
0.23895684852319726,1346,33,19,3,0.09198365740471083,0.05025477148712243,1,0,2,0
0.09125861093771682,1064,2,5,22,0.12677119775170623,1.1409036940377473,0,0,0,0
0.19296446949884724,858,6,19,14,0.41020728139935997,1.0422763901115348,0,0,0,0
0.27524701015670294,1708,5,20,4,0.6126487551865293,1.573894056434851,0,0,0,0
0.7888180037904565,1295,18,24,20,0.26234152458105287,0.7059349731240043,0,0,1,0
0.6450682186101888,573,9,12,11,0.5925717114494721,1.8938349397308467,1,0,1,0
0.4147551195076277,151,2,16,3,0.20474797415061868,0.43226128500263994,0,1,1,0
0.36433158815578937,1581,38,19,8,0.5965133336657573,0.47627447088818653,0,0,1,0
0.36715151438531674,868,1,15,15,0.2817601163556604,0.8366744919941269,0,0,2,0
0.6752784231555521,1689,8,3,17,0.05604612472824988,0.1735132121352594,0,1,2,0
1.643689961634301,966,11,6,15,0.046463909083878124,1.8430625423748346,0,0,0,0
0.30596759852499944,387,12,7,18,0.06672693470691558,1.0808758686287765,0,0,2,0
0.22459338035474524,462,43,28,21,0.040895391325775805,1.8460731941522133,1,0,0,0
0.06009240034054828,1329,23,5,5,0.024367424517675342,1.4945685095141232,1,0,2,0
1.757582578969906,1345,38,7,22,0.3684672051712678,1.566592593784729,0,0,2,0
0.2617385174126676,994,26,19,12,0.9404902716727546,1.627947908764929,1,0,0,0
1.011349532637616,525,18,19,4,0.7939577565708021,0.26550862008852083,0,0,2,0
0.0524468198529216,1070,30,9,6,0.08860503962175204,0.2438152736903363,0,0,0,0
0.6908053472419113,255,34,8,4,0.25458800527036923,1.846060479749427,0,0,2,0
0.2044424075038079,169,6,28,8,0.6102354776785895,1.5412619667379415,0,0,2,0
0.6695477661867003,1426,46,11,16,0.087974268210879,1.58548536872193,0,0,1,0
0.5,9,98,75,3,2.9077935375993045,4.165599098353439,1,1,4,1
0.08867361383283445,560,44,2,5,0.4379053961068007,0.1903185848280402,1,0,2,0
2.223957132919404,22,64,44,3,4.462497752536475,2.3937967791415735,1,1,17,1
0.38738885104274423,1302,24,26,12,0.27232279603037207,0.2472336699795743,0,0,2,0
0.020545391887733706,1488,11,23,16,0.1293272071216823,0.0036886338364832127,1,0,0,0
0.5096048067842505,1302,41,28,16,0.31388193140662357,0.9715612166680823,1,0,1,0
0.12942540293406007,483,4,27,6,0.6919158010288696,0.6216410299119925,0,0,2,0
0.589692832855554,1021,32,19,9,0.039646539472557446,1.8496337892356518,0,0,2,0
0.5886068684889091,1225,44,28,4,0.8670875197663896,1.227875091387546,0,1,0,0
0.2785264521548618,1418,18,4,11,0.1076454281192662,1.6512390925178477,0,0,2,0
0.1453372862073077,205,8,20,17,0.25371277887728544,1.4874804682731115,0,1,0,0
7.801589677998465,18,58,59,4,0.841836022922564,4.231683843795644,1,1,5,1
0.06690927755226514,1097,39,2,14,0.34838226691782714,0.372262557352657,0,0,1,0
1.8700695763805055,14,39,90,0,0.6294187177912731,9.117034464922142,1,0,12,1
3.4338122616763,26,36,36,3,4.381895472795721,6.656015484241341,1,1,9,1
0.23601049980956282,1041,1,21,11,0.2164865444806452,1.5719476847646285,0,0,2,0
0.21947706114921228,319,4,15,2,0.10555174339413398,0.3797695652736026,0,0,2,0
0.19760491799893007,94,48,1,15,0.6758518363506715,1.3333592804675085,0,0,2,0
0.5766958701168254,1149,42,27,24,0.35414252804461477,0.9059462019907722,0,0,0,0
1.0810931847251226,453,10,3,17,0.2592358124795392,0.16211505283334904,0,0,2,0
0.048454018310194004,1548,45,16,12,0.13345575854726247,0.36367709949639804,0,0,1,0
0.3931373374422168,265,13,16,2,0.465246067529045,0.8924910461394422,0,0,0,0
0.515413578922491,145,45,2,22,0.18935258762786142,0.03974946204520147,1,0,0,0
0.10842095482182884,1301,26,12,2,0.669165945878821,1.8298163413525683,0,0,2,0
0.546423278610986,144,35,23,9,0.1072615583037636,1.6763838258575752,1,0,1,0
0.734114010095064,2,75,28,1,1.1449699678139487,2.82618026737991,1,0,9,1
1.914426370588309,755,17,16,13,0.14912949569789985,1.587424500745341,1,0,1,0
1.1739415696705975,24,190,75,1,2.5042252106845817,9.555585274771989,0,1,17,1
0.9176762452057565,519,27,25,1,0.14135597402386454,0.5293937656755998,0,0,2,0
0.09556657224086265,352,8,14,5,1.2245165647445704,1.173707613353602,0,0,2,0
0.7498913922103935,513,37,16,10,0.03985728617766912,1.2890361823761454,0,0,2,0
0.07037179592046167,221,33,5,23,0.2775506397635115,0.5383868408989894,0,0,2,0
2.5455206319712302,1084,27,24,20,0.19975228816055898,0.4872005273131186,0,0,0,0
0.17275775600120113,1253,41,23,21,0.5094534085362169,0.9341754866586538,0,0,1,0
0.11242486684293701,476,17,13,18,0.056326037668495345,1.160020035213029,1,1,1,0
0.2232501310097585,348,13,3,8,0.10017147397108946,1.0781237807313626,1,0,2,0
0.20519180069021162,707,21,5,23,0.2501390781966541,0.5872661258539065,0,0,0,0
0.8311643967296535,970,32,5,12,0.7522018020842356,1.3417913246404254,0,0,0,0
0.0758784936855425,175,46,7,6,1.0129510228241134,1.7894825525661566,0,0,2,0
0.2946686627799779,500,1,6,17,0.04498392490877971,1.512702278997752,0,1,0,0
0.5890897349640917,653,38,15,10,0.36150444315150276,0.12587190880488297,1,0,0,0
0.3226988145217898,930,26,19,20,0.31657361982797366,0.21424286321663444,0,0,2,0
0.1584752429051964,1261,20,8,19,0.3155783257915973,1.8642750536807031,1,0,2,0
1.551219196899078,1028,33,22,24,0.42908138026167286,1.187986037377147,0,0,2,0
0.06251311600372814,464,13,28,4,0.05552497815496635,0.3162151564777935,1,0,0,0
0.31607966021174844,1603,27,15,13,0.15856823394991637,0.3046353572294027,0,0,2,0
0.18934302072868178,989,30,5,10,0.07482045076479672,1.9982199626190686,0,0,1,0
0.5093874468440542,109,39,15,9,0.0792132375365087,1.0305933890347312,0,0,2,0
0.49085504702509564,228,18,11,8,0.2055638977148697,0.2993852249654321,0,0,1,0
0.2522335175943337,758,42,27,21,0.689273716325473,0.8974705887257513,0,0,0,0
0.8083465242579142,1783,29,4,10,1.1065876083855275,0.30646303581196555,0,0,1,0
0.23546839436377817,1022,18,27,15,0.2721051257137836,1.0111267472893835,0,0,2,0
0.4207324262370907,478,20,4,19,0.28950866786090906,1.3017232542273955,0,0,1,0
1.34221862202735,543,15,4,18,0.28246963393459673,1.8885061369649427,1,0,2,0
0.882031995467712,782,48,21,20,0.18730831002194906,0.29187658536634165,1,0,1,0
0.5923002556813514,1498,7,23,20,0.2890368872457808,0.44533333556146437,0,0,2,0
0.5048137477576721,293,15,14,3,0.4966199156628114,1.7705271473442397,1,0,0,0
0.21950040958558248,1533,17,2,13,0.03682174122043359,1.7565563158463666,0,0,0,0
0.5367059868281256,858,30,23,5,1.6846723120564857,1.6580121152787588,0,0,0,0
0.7278615702397285,782,12,1,17,0.24694874830735813,0.5677862820623165,1,0,2,0
1.0975792178331532,1120,47,16,9,0.19803823807788856,0.5347685048719366,0,0,0,0
0.09903228039007228,456,24,8,1,0.19551403604546722,1.7734343112293027,1,0,1,0
2.2969999260197698,13,137,53,4,0.11785358233279788,8.473185637909122,1,1,12,1
0.17095137084892037,1150,46,9,1,0.16446628379733194,1.9913924135416778,0,0,1,0
0.09456425855660824,765,29,2,19,0.010973414355737121,1.0710188806941707,0,0,2,0
0.4563523262969475,1228,22,23,6,0.44711906269760304,0.3541495434001094,0,0,2,0
0.15987292240250067,1027,2,23,19,0.40713468190671326,0.8782688550447539,1,0,1,0
2.01397285523269,8,76,22,0,1.315669262462282,9.188993686223977,1,1,6,1
1.1028943458471647,498,38,25,6,0.9770602000906543,0.2992489605139934,1,0,1,0
0.30877279100668586,1403,6,20,16,0.5188515142268239,1.527187727247477,0,0,1,0
0.4501994069397799,1570,15,10,14,0.020617077249831476,1.8900927960430123,1,0,1,0
0.3775669752526815,788,4,3,19,0.5449070615917252,1.5921981348241745,0,0,2,0
0.3966120623968988,1511,6,21,9,0.28981333333994125,0.25658698494161025,0,0,0,0
1.0700421103092275,1,97,26,4,2.9925473320168443,7.0754921093202645,1,1,7,1
0.05225691760738074,98,7,25,21,0.06200020906479778,1.5224869192555817,1,0,1,0
1.1210940733089418,1303,13,13,12,0.19965793500551748,0.009001570966564731,0,0,2,0
0.026682507950770727,1685,39,17,20,0.3521195762749949,0.4745466143163002,0,0,0,0
0.9081298204613951,631,46,10,1,0.24527196266555476,1.3479634328497554,0,0,0,0
0.08987764966129975,414,46,1,18,0.735396185264389,0.16413769023519653,0,0,1,0
0.5848407786432919,1538,13,10,21,0.20539004253175341,1.60896027038472,0,0,2,0
0.09877178007997744,1052,16,27,9,0.09982058463548683,0.15003336524424005,0,0,2,0
0.7868709201605145,2,75,86,4,0.507880282346126,9.838984496416648,0,1,11,1
0.5147228148503714,1545,40,29,19,0.2120482770073009,1.2925406222254379,0,0,2,0
0.04638928619745787,1506,15,4,8,0.0031969689810359514,0.8532665569066236,0,0,2,0
3.270492400823885,28,92,88,4,0.1,9.991906917646332,0,1,19,1
1.4818218591413173,818,13,10,20,0.9689140042934938,0.06122952941267368,0,1,2,0
0.0502060086455629,1392,41,29,3,0.809961411824237,1.9078724974509875,1,1,1,0
5.887095779402189,25,31,61,0,1.350084020475204,8.041844341233357,1,1,14,1
0.06731182095832186,248,17,2,14,0.44845311250613096,1.2177777708143587,0,0,2,0
0.20583285530942833,1792,29,16,9,0.6355514009298565,1.1132471339111787,0,0,0,0
0.16723891575178848,1005,31,20,13,0.2555733490611071,0.3200210807258477,0,0,0,0
0.5265531627677508,1287,20,5,16,0.09224583565749536,1.9273030301576943,1,0,2,0
0.4068252109523711,1283,32,10,17,0.15699010223499243,1.0142471018700179,0,0,0,0
0.4340224200388668,1196,34,20,23,0.043664889988700564,0.1744694043376902,0,0,1,0
1.4479441951769338,1645,27,20,21,0.05358205836972926,0.9622153448786293,0,0,0,0
0.5960712084619025,563,48,27,22,0.46552825710555584,1.4073341137658397,0,0,2,0
1.0338919355516334,1449,7,13,12,0.5966228595303141,0.02783900733462441,0,0,0,0
3.13194339281248,29,136,92,1,0.5710629762630886,5.153376622315612,0,1,13,1
1.0614450001233984,1636,15,14,2,0.04173416643173714,1.1589637138576092,1,0,1,0
0.6873375971781753,869,19,13,12,0.3968043270594309,1.0969381047670124,0,0,2,0
0.02297553109084137,111,23,16,18,0.11176715411682059,1.8412998576553439,1,0,1,0
0.5511112589061934,1771,18,21,5,1.0054639630996849,1.1621441232956373,0,0,0,0
0.19615598247981852,109,13,12,14,0.02422487859421894,1.4406688187254018,0,0,2,0
0.05122500492822375,748,13,3,18,0.1586663144487098,0.6014940982328079,0,0,2,0
0.2843106479415647,769,16,25,13,0.014366189958934353,0.1356046994373583,1,1,1,0
0.20662784760868444,980,25,5,3,0.07771419274587926,0.07627454561567615,0,1,2,0
0.725915130024136,816,48,5,3,0.4869297698936242,0.7941652156673382,1,1,0,0
0.008528727326465901,647,39,5,5,0.0777150530214933,0.5986571759248962,1,0,2,0
1.0053367838174587,581,20,9,23,0.04245575761771599,1.0204126832425615,0,0,2,0
0.6797156114135131,1625,40,6,18,0.4599579135297462,1.7361909376606453,0,0,1,0
0.01921315740539597,1699,21,18,1,0.1824553615259696,0.03563568894059088,1,0,0,0
0.15893823586446643,231,14,23,16,0.3229833689041248,0.682265505324767,0,0,1,0
1.1908736913559572,1778,27,28,8,0.08282552540949523,0.7565613854582636,0,0,2,0
0.22510205747250506,300,4,3,3,0.39243644924521537,1.3940502274240443,1,0,1,0
0.23973684987904806,1596,25,10,19,0.11160268909365034,1.0337613479473553,1,0,0,0
1.7518542771879813,117,32,6,8,0.3964785576184728,1.1432065904721305,1,0,1,0
0.3855977614284741,1084,16,9,20,0.18791294553702745,1.7154022441053334,0,0,2,0
3.254599622420943,7,28,37,0,0.3903255973199699,8.108335657737708,1,1,8,1
0.5386858899283821,1033,6,19,24,0.0589147707017289,1.9378818569279888,0,0,0,0
1.126025159392608,1622,21,14,3,0.10261765304265485,0.3426838230454594,0,0,2,0
0.1281427847696821,1212,16,5,21,0.45245994632510445,1.2103668455338346,0,0,1,0
1.6910130522570153,78,33,17,3,0.5466163272038702,1.4766049412045308,1,0,2,0
1.2738736643196473,28,172,25,4,1.1430661408694163,2.229443523474723,0,0,18,1
0.02975854071221184,866,2,12,15,0.18660464675483582,0.16825300804679655,0,0,0,0
0.5920008545438085,925,18,19,12,0.1276084884269777,0.8286528616538265,0,0,0,0
1.6091688713707346,16,171,94,1,1.0343162994616866,5.797634500054577,1,1,13,1
0.30062052548508983,1352,32,11,11,0.48336603666086697,1.341366004474879,0,0,2,0
1.1074343286358617,924,15,1,23,0.04060608090520503,0.3220547556013893,0,0,0,0
0.3856420855224157,565,25,27,6,1.2927688944922708,0.9188578061658987,0,0,2,0
0.3851291816474113,298,31,19,19,0.26358107770892764,0.9500180051445928,0,0,2,0
0.26483222338555296,791,3,28,22,0.002610929835277957,0.18569175624781353,0,0,0,0
0.3084249124014978,1230,16,10,13,0.517089097208118,1.3505463959072492,1,0,1,0
0.7150286840150107,1734,11,15,24,0.03635954213670548,1.881796560061474,0,0,1,0
0.03594207765157851,1333,43,28,1,0.2992705850289605,1.6942297346051203,0,0,1,0
12.680819568562452,25,175,65,3,4.712373459765587,7.6178638800625444,1,1,6,1
0.22606261910020944,751,34,8,4,0.8039707595752905,1.8425274246261916,1,1,0,0
0.507743672079194,950,31,21,16,0.3292313410664035,1.3022073388399147,0,0,1,0
0.011773501590355754,103,32,14,23,0.19269498553847222,1.4087150352401636,0,1,1,0
2.5856008740757885,24,27,56,3,0.844342976886932,4.179569169100623,1,1,12,1
0.8842011858024539,1503,21,4,11,0.00919042030276256,0.9686876965535576,0,0,0,0
5.714352265891421,12,97,66,3,5.226136382061391,9.388411774914896,1,1,3,1
0.19602802124207303,401,10,23,16,0.18803222341324405,1.4910095694330454,0,0,1,0
0.019793122838214466,1496,4,29,21,0.3544782583333954,0.9174821944593834,0,0,1,0
0.6085909424118017,1153,32,8,13,0.42204927016627647,1.5018106573558008,0,0,2,0
1.728705764876777,650,5,20,11,0.48809856087429193,1.2514955574417417,0,0,0,0
0.30654324691254775,1395,10,17,17,0.4642369123384924,0.4255215492443203,1,0,2,0
0.1407500168002204,866,40,17,21,0.5087338877807769,0.3457509906303391,0,1,2,0
0.25254909675138965,1445,14,13,3,0.4163534142034105,1.352553571664136,0,0,2,0
0.06909403755384239,1275,42,16,17,0.04896781037614495,1.3430025090611772,0,0,0,0
2.545209816689656,20,88,41,4,1.3223989232788806,3.9976932260785834,0,1,18,1
0.18286757394049724,524,1,1,13,0.4261020930836099,1.5781684958624034,1,0,0,0
5.648525038125192,17,127,37,3,3.165102569240552,8.036126206807882,1,0,8,1
0.42839122278877223,763,46,12,6,0.0815162552318253,0.8474683943636405,0,0,0,0
0.5757952669500004,523,47,15,21,0.09139045996045103,1.286126084801831,0,0,2,0
0.17040780668816438,939,25,20,9,0.4385588263956704,0.25682939159087903,0,0,1,0
0.07034699296379124,255,30,23,12,0.08908246454629254,0.8832042810836451,0,0,1,0
0.4068877855139496,103,26,23,21,0.35179076374399115,0.44634019570009853,0,0,1,0
0.5201072609199273,304,18,14,10,0.5083512564780964,0.23018997979295142,1,0,2,0
0.7635802778478906,482,17,8,19,0.8786291737916132,0.8018931552245627,0,0,1,0
0.03197415758048822,1256,35,28,19,0.3448974810679467,1.8155293032743365,0,0,0,0
0.21162395363326136,776,28,16,3,0.059679707549480314,1.3979100309527708,0,1,2,0
0.9931471316059388,1644,11,1,5,0.14934029600728382,1.7043185678298272,0,0,0,0
0.413516944325329,739,16,29,15,0.04265220316723013,1.233075942741534,0,0,0,0
0.9283501993670866,391,4,1,4,0.2763387729143638,0.5886659290095722,0,0,1,0
0.1649500892277558,88,19,3,1,0.021686092212674833,0.7919111024484806,0,0,1,0
0.019858186663832364,426,17,1,14,0.07056405387999212,0.33747351139473736,1,0,2,0
0.08199343186071814,335,20,19,15,0.05549025414725629,1.8494003165279913,1,0,2,0
3.176074917856309,27,54,93,4,6.659789196944974,6.303539448355721,1,1,4,1
0.06818981526403542,565,40,5,4,0.019015770078394164,1.096092308326562,1,0,1,0
0.12704820564755195,344,12,22,15,1.095624542717432,1.4042021709380523,0,0,1,0
0.6699360300788935,23,164,58,2,0.8306602501284663,4.871441167154668,0,1,8,1
0.02933321887280849,1128,18,24,7,0.23358716284010833,1.1909170283420065,0,0,1,0
0.07330627561413933,865,29,17,13,0.13770016549648742,0.34653639275197934,1,0,0,0
0.18507448622218664,268,22,29,4,0.09456274274895768,0.9420413568626202,1,1,2,0
0.040414898287162666,753,49,13,12,0.6424193613449367,0.8963918355348677,1,0,1,0
0.07152210997701215,319,17,27,10,0.548863233150873,0.09811489840813215,0,0,0,0
0.14973727113287702,1032,31,25,11,0.10713273193754352,1.6121066914629798,1,0,2,0
0.5,17,61,84,3,2.9933095610285143,4.724794929602934,1,1,19,1
0.11072535305364734,908,33,10,9,0.04209685729742398,1.7592880172929555,1,0,1,0
0.7803963467821305,1617,15,27,13,1.2940394735068823,0.7704930813544706,1,0,1,0
0.03179374557764026,1656,28,21,22,0.19901027563597198,0.6822635421179659,1,0,0,0
0.24396376367509356,1696,15,2,10,0.13136791185628036,1.6599132434924464,1,0,1,0
0.32047967073859446,1093,40,9,22,1.7574233559513204,1.0987749001958333,0,0,1,0
1.8920257235328664,3,68,65,1,7.022791264687439,6.3641247958153055,0,0,16,1
2.023385347464919,733,28,1,9,0.018840499564511635,1.162819391796913,0,0,0,0
2.0813097067878865,26,158,53,0,2.4278637826931933,6.757329310280704,1,1,7,1
0.34925981641481924,1394,10,13,16,0.7772445783727397,0.012644179085300244,0,0,1,0
0.06185638975497147,63,45,11,5,0.3782761569114119,0.5137653167164222,0,0,1,0
0.4372458755453356,584,24,5,22,0.09317851384767546,1.568462953605026,0,0,2,0
2.4820910736152824,27,68,52,0,1.5976408423185608,6.966156159431523,1,1,12,1
0.03748535963784158,1013,17,26,9,0.1435070554007155,0.21305466752544766,1,0,0,0
0.005448403307587739,649,6,26,14,1.6853651710035082,0.5446966949100795,1,0,0,0
5.516554134105457,10,131,28,1,1.8017698793865289,4.770339106044992,1,1,17,1
0.01234669026425776,961,32,7,16,0.14532552863787923,0.9766217722440118,1,0,1,0
0.3469331657590699,1279,9,23,3,0.04938187046068131,1.63860064821079,0,0,2,0
0.7756674089693121,720,5,7,8,0.39394442025634036,0.11007878745914734,0,0,2,0
0.573153437178218,613,38,6,1,0.6710420115587344,0.8952422535509847,0,0,0,0
0.1085599383242565,1502,44,5,5,0.4687896567587294,0.5212340559376081,0,0,1,0
0.005014449182274021,957,13,2,7,0.006058976474170038,1.1940747951889612,0,0,0,0
0.20916047719541603,228,32,5,7,0.6757377896926532,1.421240607928241,0,0,1,0
0.45350432014390346,179,48,2,11,0.006669689445977398,1.8608245192258077,0,0,1,0
3.557847104373395,29,29,80,4,3.560373060678725,4.480416103580655,0,0,16,1
0.43204359552504235,1402,9,15,18,0.02654704961665243,0.9118401744453364,0,0,1,0
0.24226964007842355,1212,3,14,4,0.5484666142879531,1.0797011262606908,0,1,0,0
2.4753179861688124,26,166,14,4,1.706718123951051,7.457545862660315,1,0,18,1
0.5,27,139,53,0,0.2935251417118344,2.1571863971629703,1,1,18,1
0.453249329420799,1281,20,5,14,0.24157056415645003,0.6261801454205558,0,0,1,0
0.8201979725700103,455,41,24,3,0.057980059946057705,1.0314198770542564,0,0,1,0
1.6127785284884624,1038,5,4,24,0.16844106750747906,0.18350720427229295,1,0,2,0
0.10578521490440793,456,15,4,5,0.02885963901998886,1.3037796609704864,1,0,1,0
0.4625759462519728,1607,19,9,17,0.7715216433325399,1.757872757303006,0,0,1,0
0.7375580754977474,20,43,48,2,2.956544918141076,9.85708364027727,1,1,19,1
0.22194633620811624,1035,27,10,15,0.6412901457677176,1.714402693745816,1,0,2,0
0.18542106800551966,458,21,1,22,0.46243123061367924,1.2023187266884114,0,1,1,0
0.8900345771633696,276,8,24,18,0.29440846842896967,1.0457981674765078,0,0,2,0
0.011115913948196478,1107,7,1,15,0.2212383600958325,0.5572402951552209,0,1,0,0
0.25291254217093473,269,36,4,4,0.0890415275635213,1.6620494718112586,0,0,2,0
2.998908278743948,25,181,81,2,3.0873843764314945,9.184157501307673,1,0,18,1
3.9948939791482507,22,162,32,2,5.523262175639976,5.796831622017761,0,1,3,1
1.156622691145482,14,30,91,2,13.95866947180344,4.24445679212773,1,1,13,1
0.2145216508519874,1723,33,20,17,1.134401281224088,1.3844278518543687,0,0,2,0
0.2873693747365042,791,40,20,15,0.16774554138414827,0.19370231576632624,0,0,0,0
0.30995375316058166,657,42,7,23,0.8538979570199251,0.7580559479534148,1,0,2,0
0.03678678924806502,305,40,21,16,1.4622078209508984,0.4779116998909678,1,0,2,0
0.3130592567736234,416,23,26,15,0.5378736927571202,1.516455655103181,1,0,0,0
0.8946703451395797,1541,24,9,13,0.6956917061405143,1.8921033067603565,0,0,1,0
0.24015533025619007,593,30,29,5,0.029382583807546575,1.2875681508971897,1,0,2,0
0.7357906372002525,164,6,13,14,0.28624867064350257,1.802247286595012,0,0,0,0
0.7372440174027636,20,192,35,0,0.19395887068074064,8.119146904291505,1,1,11,1
2.1000007861271968,20,162,32,3,0.4742878490476251,9.906178485050848,1,1,6,1
0.08246595886831491,781,41,22,15,0.6396014576198933,0.96724536775567,1,0,2,0
0.9988900329486267,14,158,22,3,2.495767206961378,2.6596822573759313,1,0,10,1
0.33419590493430495,1334,2,20,16,0.11790766132460695,1.5469197700260935,1,0,1,0
0.03393929350439305,575,26,21,21,0.7009230916045273,1.8528627298702516,0,0,1,0
0.029640853224368897,891,27,25,3,3.28993526520852,1.6538499718701398,0,0,2,0
0.23262195598086635,180,1,15,8,0.12208064986856114,0.19710014475468673,0,0,1,0
1.2254755242514166,1719,34,6,12,0.43691731501766573,1.2361838380746617,0,0,0,0
0.18137686473023856,1420,25,29,20,0.1685848051252884,1.5672214711867356,0,0,0,0
0.6827573441341478,159,29,20,18,0.1517738645058392,1.8820361533043648,0,0,0,0
0.9484244458281704,1761,26,1,15,0.43413705700732885,0.4772275734219549,0,0,2,0
0.6244970854163753,989,45,22,17,0.07638405281928207,1.6635623120270775,0,0,1,0
0.29030346577253274,429,47,10,15,0.08400712739336608,0.08178736520416274,1,0,0,0
0.21966334532304121,1119,32,11,10,0.27776743213708793,0.06914941137113528,0,1,0,0
0.14695992073208733,1785,15,24,12,0.9907933017215662,1.8121972046442387,0,0,2,0
0.027931879862958184,1014,21,1,3,0.799304935215075,1.86519599356475,0,0,1,0
1.0724267725759071,373,26,1,16,0.2333862422592167,0.525104890942484,0,0,0,0
0.6025665533858866,882,41,25,3,0.03228158239694986,1.775193835216441,1,0,2,0
0.5377684968340444,660,21,3,24,0.48946108116148007,0.49618361200358696,0,0,1,0
0.1503301897271921,1490,34,5,18,1.0004563408388516,0.24411589561537217,0,0,2,0
11.316015416582717,28,28,53,4,0.29447750440129766,7.194442426386338,1,1,9,1
0.16301549922868167,1203,8,13,4,2.7975806303278885,1.0117120535488517,0,0,0,0
0.1600944361885238,342,7,3,24,0.28471111586005604,1.9427823139113198,0,0,0,0
0.18207607875606308,1719,8,6,20,0.479550812492575,1.2277540399920597,0,0,0,0
0.1806900628753184,261,14,8,5,1.0076457481865786,0.194195403118125,1,0,0,0
0.5,19,154,41,3,0.7750028403557243,3.45970085585099,1,1,10,1
0.11894739145394322,394,4,22,23,0.0028019203558744036,0.5979409753433651,0,1,0,0
2.7068131977764165,26,111,60,3,3.297652049135285,7.7049351493354195,1,1,17,1
0.036660007282356175,94,44,26,22,0.788112114210066,1.49511864240505,1,0,2,0
1.8461648805203508,21,41,99,0,1.5042831816807065,8.173604377875488,1,0,9,1
0.12399671426590303,1128,7,5,19,0.354468216418763,0.9231070492134752,1,0,1,0
0.5183723352551117,25,64,37,1,0.1410791463910773,4.493216075509697,1,1,13,1
1.2429896311280482,1296,12,28,9,0.15700815343236654,0.7961969328077547,0,0,1,0
0.06423406851299852,1632,38,1,23,0.0430880297037628,1.0830147726808865,1,0,1,0
0.625288175888835,938,19,10,20,0.2644322055185328,0.7249371387081012,0,0,1,0
0.06533794356954463,893,25,1,5,0.16722202028725314,1.9492450792038396,0,0,2,0
0.7175360691532479,823,3,10,4,0.9239059391516347,1.2455242279364807,0,0,2,0
0.7311957638865918,0,122,35,0,5.715836530791726,5.91765443970575,1,0,3,1
0.351049506125729,1344,9,29,5,0.4965238678924722,0.9098923299948665,1,0,2,0
0.5,22,190,68,0,3.131722470128227,9.562600972600876,1,0,12,1
1.6373601045511885,1680,35,20,18,0.1564102495624226,0.8216428457165055,0,0,0,0
0.3836926249761744,390,35,19,9,0.2083401252769361,1.1901521391925298,0,0,0,0
0.5,24,91,72,3,4.841241530202977,3.2603138611918396,0,0,8,1
1.9438410947829416,28,54,81,2,0.5742709017655383,2.8332405903079403,1,0,11,1
0.11741058600285709,103,44,25,21,0.4103225913955877,1.2383640871353585,1,0,1,0
2.2869711996793742,29,160,17,1,2.6838149409848837,7.649841479834348,1,1,14,1
5.0658631637117235,15,88,57,0,6.28538834236953,8.607401262703497,1,1,6,1
0.2819225393868956,318,45,19,19,0.37154317187397273,0.24578393644826524,0,0,1,0
1.1868610808496916,1799,36,23,3,0.030445043258479815,0.8175032514223659,0,0,2,0
1.5387812063940116,822,23,7,21,0.9098731992906537,1.5062794782635531,0,0,1,0
0.3342967460518684,485,34,7,21,1.1501293116752254,1.6989568909694097,0,0,2,0
0.38886549003869414,1210,14,15,21,0.7927666552971381,0.7795858369668207,0,0,2,0
0.6038893427855406,1390,49,7,6,0.04170518047265581,1.9437450698591092,0,0,2,0
0.2573000471326034,1026,6,8,12,0.303377441207879,0.8264811510557857,0,0,2,0
0.1165251401199076,1038,33,8,23,0.04508414593436795,0.05998127552039967,1,0,0,0
1.0124751323483405,1393,19,11,21,0.9402558049479824,0.28486890791753683,0,0,0,0
0.037846087254683,1632,18,25,17,0.7635144121801731,1.9552252032942912,0,0,2,0
0.028991111844539928,648,38,1,9,0.43046848787662206,1.462335722572275,1,1,1,0
0.19056653427178594,1341,41,16,13,0.9979735651851552,0.9173605577765538,1,0,2,0
7.389763232375823,28,76,82,4,0.9114504676141556,8.877045962207141,1,1,19,1
1.1119803633761918,915,37,18,18,0.4605103574824907,1.9260359936152125,0,0,0,0
0.2668053979617064,1774,8,4,22,0.17149847143437683,0.21762087433391542,0,0,0,0
0.3634270946622103,1186,24,27,6,0.13771266122348647,1.2312058761014126,1,0,0,0
0.07799747214277022,1595,30,1,4,0.3075322726629161,1.5056751752034456,0,0,2,0
0.1489979711359972,1377,40,26,21,0.3637502811073603,1.6198148204715341,1,0,2,0
0.708312975431989,1708,45,15,24,0.28132072982704576,0.5054873154159212,0,0,2,0
0.31908319232787974,149,36,29,4,0.18357032558183717,0.25460047226482896,0,0,0,0
0.7175110418121384,857,36,6,13,0.6673141676519612,0.39144703988590246,0,0,0,0
1.1364902787360889,471,18,7,13,0.3488840446981733,0.24422288575957163,0,1,1,0
0.20773640712701705,359,28,24,15,0.00492182828648026,1.2533401073428367,0,0,2,0
1.2090342069746058,29,132,52,4,3.29951805670392,5.550381906095322,0,0,8,1
0.31403058700794606,1203,34,4,21,0.48911231277574585,1.498310707084172,0,0,2,0
0.08128809185896223,1672,14,27,1,0.20663854307589025,1.404086504284874,0,1,1,0
1.2676146354297877,1301,42,19,9,0.5231809044635425,1.3371862659895162,0,0,0,0
0.5014029917871762,697,49,18,11,0.3883325493560456,1.3186657405809685,0,0,2,0
0.5002196783680692,726,23,23,24,0.3060074262693715,0.8111854604166668,1,1,0,0
3.9630299999614946,7,127,30,0,1.953965661494336,4.8845465931517795,1,0,9,1
0.6446889345336491,602,27,23,12,0.3360468505755533,1.4963778631966298,0,1,2,0
0.21287377759519635,1564,13,27,22,1.173022785024452,1.3831344982707567,0,0,2,0
0.8246912184870449,613,33,13,21,0.04100589996673826,1.4306096024969093,1,1,1,0
0.9835555820775437,234,48,11,11,1.2654263693715653,0.18963555032411605,0,0,1,0
1.046833672192969,1681,8,23,4,0.26560178398353956,1.4671292899264305,0,0,1,0
0.45031281133883183,378,26,21,7,0.5327410982849501,0.46325262340098283,0,0,1,0
0.9138216913305165,1064,36,21,16,0.34661608659236004,1.3688990135540313,0,0,2,0
0.001,1686,24,20,5,0.3593121891930319,0.02313756696515923,0,0,2,0
0.4681256791374099,1771,25,10,19,0.66972437797294,1.96870773363414,1,0,2,0
0.0046769512109741465,583,29,4,13,0.517194386449414,1.55059537524244,0,0,0,0
0.1315589377605886,80,11,4,24,0.2748641696278269,1.784919779304796,0,0,0,0
0.4094224227788536,1297,6,7,21,0.4613584746441016,0.8076621385449199,0,0,2,0
1.1344526322154411,1068,20,24,13,0.7611477284239957,0.7341866689644845,0,0,0,0
0.14538470139077936,1503,5,16,18,0.9228469863265994,0.09971286256648049,0,0,1,0
5.439520780819061,12,23,84,2,2.6455576684278914,2.2499174796576,1,0,12,1
2.0973689061922873,25,76,98,2,4.323418888237686,7.62852765515789,1,1,11,1
0.24666064372231297,576,28,1,17,0.4370211282748147,0.8253360416343107,0,0,0,0
0.20413244315037057,1572,19,15,10,0.1708014256701733,1.5886512365411782,0,0,0,0
0.666665060394917,1702,7,22,17,0.07176379557069161,0.6870928999384771,0,0,1,0
1.743579020910572,1031,43,29,11,0.21026107910345024,1.4462724440650243,0,0,1,0
0.34081927704243214,442,4,12,22,0.9762961131390414,1.1783030611292218,0,0,2,0
0.5987809431288189,1342,24,2,7,0.1016485880398651,1.1289298403014252,0,0,2,0
0.1685307348132644,578,18,19,19,0.39569887467672615,0.37125438664141197,0,0,0,0
2.4453274810240275,835,16,22,8,0.08285308029093327,1.3653787581923293,1,0,2,0
0.44122915232051013,1191,9,14,14,0.007256354620859239,1.9396612792962493,1,0,1,0
0.185265107508898,1411,11,19,17,0.9903126959212472,1.1428424286985015,0,0,2,0
0.3500025923571652,1120,11,27,9,0.017595042960350107,1.158751301995159,0,0,0,0
0.8095268805275634,1526,25,22,11,0.1571411201173769,1.2795526480874824,1,0,2,0
0.7023164934275086,72,15,9,21,0.15786924109408385,1.8879823428630926,0,0,2,0
0.9930512970451453,1560,38,27,9,0.31367385912256635,1.5448412760480825,0,0,0,0
0.19954805127140993,1018,1,4,11,0.6033868306532013,0.19181876513397222,0,1,2,0
0.009953690646069702,1468,20,4,23,0.32520703278072394,1.377607328141031,0,0,0,0
0.6455031385964184,871,27,26,14,0.4032933880790808,0.6038487089823985,0,0,0,0
0.4522178070501361,1642,38,21,7,0.07185292395024945,1.6438223415657836,1,0,0,0
0.38964300953494474,708,27,20,12,0.8510382618583666,1.5467157632206163,0,1,0,0
0.3935103901735318,1231,41,17,10,0.08816924665284563,1.529901226321117,0,0,1,0
0.2657520859413309,1700,37,25,22,0.013008664567795045,1.4627318691216313,0,0,1,0
0.12959995220950263,922,28,25,13,0.28206595283827934,0.290460847136204,1,0,0,0
0.2347794404863573,1346,9,21,14,0.3348066986830502,0.8507060375949178,0,0,0,0
0.0885078722413422,314,10,24,22,0.8039092672403222,0.06337769908263935,0,0,1,0
0.3303381414942359,176,12,6,9,0.9000964584346998,0.6591601365974811,1,0,1,0
0.0057092947162708345,948,2,27,12,0.34699237671617955,1.302375849101091,0,0,1,0
0.8754728347802878,584,6,5,14,0.47199203505757714,1.9096612794866075,1,0,1,0
0.8481934907777897,114,43,17,20,1.969995431876913,1.620129759433364,0,0,1,0
0.046386935801280865,438,25,2,8,0.3823969896986016,1.0296288588557903,0,0,2,0
0.28264714831505844,398,10,19,24,1.096205003574113,1.467743841992527,1,0,2,0
0.10353899107303542,80,49,29,17,0.5606595505259387,1.3916190625293103,0,0,0,0
11.589079137031739,6,130,51,3,0.19114404645458327,8.235021325632001,1,0,18,1
3.2718362256168976,1755,6,8,4,0.5525300807090295,0.08109124081630292,0,0,1,0
4.495767999509731,10,63,63,2,0.5094704398649341,5.691036973308107,1,1,13,1
0.2761468527604996,899,33,10,8,0.075721002899374,0.9933755420202406,0,0,2,0
0.024839001140343264,1648,8,13,13,0.07624460199208064,0.24379552982995434,0,0,2,0
0.6652654534548504,1059,2,4,3,0.7375434184643732,1.5532706437687276,1,0,0,0
0.5503339445594969,78,9,12,2,0.32486930101658684,1.3997344875295104,0,0,0,0
0.44312142434901414,1347,6,27,18,0.2602443669290257,0.3423367009836409,0,0,0,0
0.157594190058049,1016,22,13,22,0.039634433748901195,0.2946610521075439,0,0,1,0
0.06982689016465818,814,45,11,16,0.13204652122251306,0.15010942221883528,1,0,0,0
1.0183487860880782,1676,14,3,9,0.13978108992335442,0.6317176587439075,0,0,2,0
0.741715226064056,1419,44,28,6,0.5687630139072507,1.047670480772442,0,0,1,0
8.649306894173392,17,161,28,0,1.2807084338732304,8.614738997304224,1,1,17,1
0.3497159163920341,618,18,16,15,0.08494575744002898,0.46247687119837133,0,0,0,0
0.49910137443194036,64,46,13,2,0.31100732802250586,1.524912198348025,0,0,0,0
0.5468959462440756,1211,10,5,19,0.3344377498217136,0.8396384891691802,0,1,0,0
0.0872193352445619,1345,34,11,2,0.022058518328227705,1.20016822380834,0,0,2,0
1.5962463137696092,15,118,57,3,1.5237244353534614,2.4035965355659776,1,1,13,1
0.6779240778292903,897,31,24,11,0.2950487506489683,0.6676061664522901,0,0,0,0
0.35797813280703106,1194,10,4,17,0.052636680096294686,1.8142007228996517,1,0,1,0
0.003558539602992268,1239,42,20,1,0.2595386149467922,0.2826214259967246,0,0,0,0
0.28283359202299047,1596,17,29,7,0.17437595083976373,0.853447849202728,1,0,0,0
0.07896858299565791,800,16,17,7,0.007333952922699298,1.7254599209786172,0,0,1,0
0.16331060305257064,1430,46,23,5,0.309747271707301,0.10881765563175039,0,1,2,0
0.26775055726830344,1659,47,2,1,0.09954402907977927,1.190791813746398,0,0,1,0
0.12980186270924185,651,23,13,5,0.11903800633284854,1.5065713595812087,0,0,0,0
0.23301292081441805,930,6,17,18,0.12494196360202983,1.8748971214803096,0,0,1,0
0.43195886381389625,904,21,9,13,0.45368689097980114,0.6589317076889762,1,0,2,0
0.24886715912187768,879,37,20,12,0.2079391553892479,0.3337596858573244,0,0,2,0
0.7077821793388068,2,71,55,4,0.7625221383999774,6.308976728003312,0,1,8,1
0.016674924847447963,843,29,3,6,0.00734324663520322,0.17214215241535413,1,0,0,0
0.7257116131395231,1260,4,13,12,0.8000629881356197,0.3568026733835581,0,0,1,0
0.017896108724618342,175,7,25,2,0.6417644044668195,0.1703052287178306,0,0,0,0
1.4415704861035736,1018,34,24,16,0.29258741159219837,0.6082334145517572,0,0,1,0
0.40071976231794626,289,36,10,23,1.0700328010004005,0.9537581112152929,0,0,2,0
0.5521341696751427,934,21,21,5,0.11373125510884648,0.11849452549649175,1,0,2,0
2.5168267217607916,3,120,25,0,1.5303714103266182,9.87619543617016,1,1,17,1
1.7440214427191265,77,35,20,24,0.6512964302691866,1.5844964686201828,0,1,0,0
0.49209648486772367,962,19,28,3,1.34460700681604,0.3536584071156814,0,0,0,0
0.9708398381862212,487,30,27,21,0.12595449286911806,1.2857266498035098,0,0,1,0
0.8319572083000225,1674,17,3,21,0.37416011089244433,1.658736369236594,1,0,0,0
3.0644114969520433,74,14,21,4,1.8193757420442662,0.11398836904053344,0,0,0,0
0.1164857447497231,1724,33,26,17,0.8358678643890919,0.2991690067820256,1,1,1,0
0.14863215194438417,1559,39,23,11,0.5672471809152617,0.7061493752196688,0,0,0,0
1.0204908431870907,493,40,4,17,0.06461939054732461,0.778060983169804,0,1,1,0
0.24149078493189877,148,44,15,10,0.34479545104072606,1.9887536330099145,0,0,0,0
0.06297223224301701,1682,33,8,15,0.681554624825766,1.209117515383624,1,0,1,0
0.5647749272183766,1314,25,13,21,0.688952547348398,0.8040576845666665,0,0,0,0
3.032881503042073,29,167,75,4,0.9046172878048647,7.6272748202620555,0,0,14,1
1.171885798087252,857,38,19,10,0.6625713628650991,1.2061494082084872,1,0,2,0
0.03449277316223281,563,14,1,14,0.29816220655022496,1.7456123865776885,0,0,1,0
0.012308240540344307,714,36,11,11,0.12071372474096656,0.2947417635124754,1,0,0,0
0.23267305016637416,974,30,8,1,0.008574468979556762,0.4346316992737731,0,0,2,0
0.06783703071497275,1088,28,26,7,0.5319752174684022,1.506922211743167,0,0,2,0
0.12434813059020823,864,42,29,6,0.06653139774815474,1.6892157340864988,0,1,2,0
0.690498558663371,1428,37,11,16,0.8298635009293491,1.98820848865093,0,0,1,0
0.39147078908727057,666,35,14,18,0.5915104525612852,0.9262065289619523,1,0,2,0
8.43357246242237,1,60,32,0,0.2429602805479844,8.78690914386469,1,0,4,1
0.25599996218896065,730,35,15,6,0.6096407332631615,0.9544699156679786,0,0,1,0
2.743936524502363,10,181,13,3,0.1,3.0695550605184163,1,1,5,1
0.06760310883985426,1692,22,25,12,0.1756567411665937,0.23465388773163887,1,0,0,0
2.1394300282950183,10,21,51,3,2.472800662030377,7.801873457105927,1,0,6,1
0.35249722039658865,1061,14,25,12,0.4078419616308033,0.8954866130969581,1,0,1,0
0.042017821036661684,1436,23,29,21,0.4956093044308199,1.740315595229796,1,0,2,0
0.5638080505933256,514,49,4,9,0.5067472758461877,0.0012257876105452592,0,0,0,0
1.1348688715834485,22,177,15,2,1.786989330064734,7.823703853220796,1,1,16,1
0.06499125558324793,1216,2,26,6,0.004923607569037013,0.761630713496136,0,0,2,0
0.9571081314024368,517,3,3,21,0.11407409235186139,1.5838929494624978,0,0,0,0
0.7525051018873462,1228,32,13,15,0.2739475927871509,0.38557078911821363,1,1,0,0
0.46339020101520756,845,19,16,15,0.440714532058491,0.3218798201240052,0,0,1,0
1.0100380858048508,851,18,20,10,0.21076389426598252,0.09805897234916472,0,0,1,0
0.608191040330119,718,3,5,10,0.13511790283021727,1.952528345020561,0,0,1,0
2.1162726406953434,13,174,18,3,6.297666196625612,7.758167237326588,1,0,14,1
7.124935523702916,20,82,41,0,2.736112287811203,9.108405669481694,0,1,10,1
0.03926576330553618,1502,35,23,11,0.905987379672534,1.3523581889301917,1,1,1,0
0.03480401285563678,898,2,23,24,0.2423086073761539,0.8342891452097181,0,0,0,0
0.3761379882178202,1681,43,21,2,0.10041398792021428,1.4726724530932886,0,0,0,0
0.9436969470492835,21,164,78,2,8.25033072809861,3.0394534514803846,0,0,11,1
0.4430059346893535,682,32,15,16,0.09948880688685151,1.739248978289312,0,0,2,0
0.724073759413713,1,70,34,3,2.293688825014635,7.17647750539228,1,1,5,1
2.556756036954617,14,173,55,0,2.644561942604231,9.753418226215345,1,1,11,1
0.05091600241648196,1554,49,10,8,0.38849458982120044,0.6273588015598155,1,0,0,0
0.8184817523676712,1323,4,22,9,0.8735824848314714,0.4234348920807791,0,0,2,0
0.3684962705983576,729,46,12,12,0.8788782539253495,1.8451127809211374,1,0,1,0
0.5,1,180,58,3,1.7496317887865738,8.898288573344697,0,1,18,1
1.8051823058756988,14,136,97,3,0.515641022278638,5.316459813551777,1,1,11,1
0.118767847827395,435,7,29,15,0.06778811403695259,0.5057011993541098,0,1,2,0
0.46209860306817896,807,38,28,23,1.88775873348101,1.848228966804601,1,0,1,0
0.8136422586247192,559,38,16,19,0.09555010850141718,1.5440677351639813,0,0,1,0
0.12574663233084152,1485,43,4,16,0.024828177877753488,0.10202442501685982,1,0,0,0
0.02142829365455452,373,47,14,17,0.39211416174797087,0.5915571119787375,1,1,0,0
0.14885220872054833,1448,35,7,19,0.1977694477574834,1.608233507127768,0,0,2,0
0.21206965789740262,1439,20,12,6,0.18155174904823004,0.2561129951735954,1,0,0,0
0.18042448499115651,1379,11,22,2,0.41266747570515117,0.5030200785179786,0,0,0,0
0.19543389400724234,374,8,14,10,0.012471822537412481,1.8876877469290916,0,0,2,0
0.6088326738989382,1187,40,1,23,0.043366476477277975,0.1521167529988361,1,0,0,0
0.5537426536695848,90,46,24,11,0.019215292657768487,0.9112356832457178,0,0,2,0
0.5,22,25,52,2,0.1,7.096378301082343,1,0,3,1
1.8550991271361557,744,24,18,24,0.402487209401882,0.6258419596772344,0,0,2,0
0.23114369824868336,1416,31,19,12,0.2200864375244488,1.9373739289256384,0,0,0,0
0.33165706205806594,110,23,25,24,0.03128218050309732,0.16245331719956635,0,0,1,0
0.672732043582701,1319,5,3,2,0.9642792027439923,1.7360602666460938,0,0,1,0
0.7626076966689729,1024,4,26,8,0.4393242468119094,1.7775476379422142,0,0,2,0
4.4435515143010935,0,199,87,3,1.2686086848060671,4.297921501089789,0,1,5,1
0.11066189084252519,1470,27,14,1,0.34635756035530213,1.3424171230676067,1,0,1,0
1.129395257272963,900,25,29,14,0.10273373393203229,0.8335081096532237,1,0,2,0
0.5582895419522681,1500,16,6,10,0.7663259407666545,1.1942644630171497,1,0,0,0
2.3052848739231586,1781,7,29,3,0.36768893855074536,1.697860456955409,0,0,0,0
1.4877753202898802,714,11,7,9,0.6125420895120172,1.8600799878558774,0,0,2,0
2.0551546538152876,93,9,8,6,0.042380957345696524,1.4871036396461805,1,1,1,0
2.478745703772174,19,29,96,4,0.11174866991600287,2.82067344690196,1,1,7,1
0.7236803671659189,437,17,21,5,1.0425749692167956,0.9188099883720737,0,0,2,0
2.7401019333252443,10,186,66,3,2.29451394091955,9.671209715518952,1,1,4,1
0.032158231899763544,625,28,20,20,0.008334959698321298,1.4027497976362722,1,0,1,0
5.691129014252626,6,53,84,2,0.1,7.010887507368251,0,1,17,1
0.27562430028113016,914,36,6,5,0.0308107868106341,0.6727859978520823,1,1,0,0
0.260827624819199,1664,14,18,13,0.09268787915439586,1.676734863818899,1,0,1,0
0.43052148058677503,1493,11,6,18,0.6685337082482494,0.07852159477421705,0,0,1,0
0.9973409331411929,27,141,93,4,0.24617114707526813,8.966311228903297,1,0,19,1
0.15225157203151085,1505,34,10,9,0.21071895466555735,1.94403634630289,0,0,2,0
0.33965184780773827,84,2,6,14,1.496519305869251,1.485215938009571,1,0,2,0
0.10615692532815416,158,13,20,17,0.6317820736887193,1.5502472787054808,1,0,1,0
0.3382589828986166,1662,32,18,16,0.09644554628902183,1.0830467631899405,0,1,1,0
2.212925154682265,1247,49,20,24,0.31189668741955173,1.5207727091019818,0,0,2,0
0.1953164964737904,1359,46,2,11,0.1053572117342777,1.9340670171834613,0,0,0,0
2.3815178603378278,24,133,21,2,0.3370611563843219,2.1259066233110246,1,1,5,1
0.08630611768858823,895,28,11,9,0.47776815960450736,1.606615994525755,0,0,2,0
0.45322415822089157,1518,42,11,11,0.7232266217240896,0.008411842566027783,0,0,2,0
0.26439520851583853,191,44,18,5,0.0038913006588106175,1.1041959739747949,0,0,0,0
0.5067417273430606,524,39,9,6,0.0011442361629409488,1.5571669437026912,0,0,1,0
1.3199427710520375,1425,24,7,13,0.0685567479016355,0.4095547638613768,1,0,1,0
0.36967577469438057,1642,45,1,24,0.3834105118596888,0.8938425836736781,0,0,0,0
0.13852086135460567,422,35,29,21,0.021543716063006074,0.038345810106174216,0,0,0,0
0.05347023069596843,174,25,16,5,0.5236808594651406,1.5547858374095662,0,1,0,0
1.277500048594868,993,36,14,13,0.7967432767372239,1.8891381496820208,0,0,1,0
0.2891507309737382,504,8,18,8,0.56677629380565,1.8307810709289392,0,1,1,0
0.5429971334477728,1360,29,4,23,0.25351517102403215,0.29925216639068886,0,0,0,0
1.4417318936602073,1747,4,20,16,1.001256973812317,1.70197571101736,0,0,2,0
2.2166210588711577,89,21,20,1,0.057277395837829995,1.7623246893789306,0,0,1,0
0.04200656300335847,1711,28,28,3,0.4703413255286859,0.5862721985654535,1,0,0,0
0.6684799390123954,615,43,25,24,0.1016612059250237,0.3394534453837543,0,1,2,0
0.010171689702263214,952,14,11,21,0.5048537406662734,0.9410703871347745,0,0,1,0
0.06532857324388752,1701,2,8,24,0.2081873068746914,0.9618589391268593,0,0,1,0
0.29175749257179284,963,39,5,13,0.6590817980087786,0.507610010623966,0,0,2,0
0.7894982545309381,1594,35,3,2,0.055384634246601616,0.6320596289925089,0,0,1,0
0.2096364130949795,792,40,25,16,0.07553165016087879,1.6847312857115935,0,0,2,0
0.02642554369019624,466,29,11,23,0.7868633948588051,1.3469608417967094,1,0,2,0
0.0183020521054285,842,23,15,24,0.463109869260183,0.4674741895886376,0,0,2,0
0.01927693877584315,883,47,28,13,0.35065464885527536,1.3321965515833936,0,0,0,0
2.1384207441912872,9,39,36,0,0.44377586269111624,5.455408851292755,1,1,7,1
0.3944071802881601,934,11,26,21,0.8359973656210089,0.7875189425812521,1,0,1,0
0.23179111538684224,532,49,24,21,0.06365442040091517,0.5553835392991999,1,0,1,0
0.5,27,142,24,1,0.8169592821527566,7.723931123062639,1,1,14,1
0.2975433277603055,550,25,15,14,0.9505770718204529,1.7594891456031094,0,0,2,0
1.24081919081846,16,102,40,4,1.4798409398853378,9.86852299452384,1,0,7,1
0.001,824,46,24,11,0.5601549411215249,1.3858011210780607,0,0,1,0
1.6609530298867232,886,3,6,6,0.62197031485839,1.4809621701529119,0,1,0,0
0.05986527170030216,1326,7,26,12,0.8165253128129901,0.572592826104154,1,0,0,0
0.25485693782618823,884,15,17,4,0.017691483252196268,1.2454375853173942,1,0,2,0
0.407572380226058,1541,44,7,21,0.7006568575864335,0.558496510704863,0,0,2,0
0.16478868418313147,534,24,22,15,0.5111976236215673,1.918890316358012,0,0,1,0
0.9187501203706231,291,8,1,6,2.276970333401525,1.9503379043678712,0,0,1,0
4.749872935376488,0,189,48,2,0.8585808264160508,3.875563546374445,1,1,15,1
0.02576561474802323,478,2,16,13,0.001,1.4638890714244772,1,1,1,0
1.0578979882775674,133,8,2,9,0.11970604861063944,1.5044314606498739,1,0,2,0
6.639834305548401,19,190,31,2,1.861484349541664,7.739477357121774,1,1,14,1
5.989234213533736,25,120,95,1,4.461058095641805,9.94089879173833,1,1,13,1
0.5162830169926546,993,2,11,17,0.8177668973960994,1.8837293809996252,1,0,2,0
0.5639313802116386,24,189,54,4,2.778444494559177,6.413178378813562,1,0,19,1
0.4428636336323545,397,12,13,20,0.458790952728274,1.1439129454959307,0,0,0,0
0.8227162675622995,854,48,21,3,0.3452620713954927,1.683482176943314,0,0,0,0
0.08596080579465919,1609,10,21,14,0.24714636182688327,0.5994231390869047,0,1,2,0
0.3583895561042004,617,35,13,22,0.089563109090384,0.04099099271627127,0,0,2,0
0.7937022012497476,1734,30,27,12,0.5585626447428672,0.26064801557593786,0,1,2,0
0.24432052140118796,308,13,13,1,0.3125787184052158,0.7417246545158538,0,0,2,0
0.1749925976950795,1235,42,16,5,0.21467229526892695,0.8499350224417075,0,0,2,0
0.10279430715816637,243,3,25,16,0.01690685570854891,0.05117490250389878,1,0,1,0
0.1850017677862956,1630,45,15,19,0.24803041743518148,0.2899786970308944,1,0,0,0
5.364896318549661,26,20,19,2,0.18321318345743864,3.0233865885007276,1,1,18,1
0.44044693404694163,1205,20,12,10,0.4244393163739714,1.5239055154012524,0,1,1,0
0.02140950231550728,202,1,18,2,0.4656214997192485,1.9975150960888366,0,1,0,0
0.0060884779438501666,1266,25,20,19,0.0966057157485394,1.1598615813710895,1,0,1,0
0.47272443007408654,1259,7,18,6,0.8885696350987621,0.2258216741422281,0,0,0,0
2.2678449526200857,1,178,52,0,0.18744774529417663,9.667731783596537,1,0,5,1
0.053024808307008744,1599,17,12,15,0.33120141529028363,0.04427966348885226,1,1,1,0
1.3957371372852028,22,126,16,0,0.8830783973029233,4.486558071749537,1,1,7,1
0.6102393615144768,937,46,10,16,0.981815901709669,1.2459796442124214,0,0,1,0
1.0884355299060238,1660,46,5,12,0.3692515473320438,1.4576293947625465,1,0,1,0
1.1270587230492732,1621,33,8,11,0.08127970336967515,1.9879611690698604,1,0,0,0
0.5366217349000681,549,17,5,20,0.08177248745974945,1.3930199473479918,0,1,2,0
0.03871622549821492,123,28,3,6,0.9711959458730276,1.2007088823737262,1,0,0,0
1.0199918115913102,532,49,17,17,0.09699650938993781,1.195480156515824,0,0,0,0
0.5,24,198,40,4,2.469702455054848,4.181280961385226,1,0,17,1
0.4873434658081642,151,36,5,14,0.6893316272439095,0.9981278298668361,0,0,0,0
0.5,12,96,52,2,2.2373380832659495,9.543054155404807,0,0,10,1
0.21516322533344004,1169,26,9,9,0.43840555893585664,0.6237748063772361,0,0,1,0
0.8300353068849493,1645,33,12,17,0.3407124045939068,0.14217789648843415,0,0,2,0
9.908730696235846,17,105,83,2,1.1476014923609625,9.770581574265162,1,1,7,1
0.1611828451439742,1279,29,23,7,0.6305144484596679,0.5545105869821387,1,0,2,0
0.031419605949613155,1740,25,1,13,0.44487645004590476,0.6943047203487267,1,0,1,0
0.0027687101879677375,545,28,8,2,0.6714497917423548,1.6286901195129442,0,0,1,0
0.3124541338296626,997,14,28,3,0.42157822462761524,1.2716920962612435,0,0,1,0
0.4309167572435212,1625,16,13,5,0.5517796441738454,0.5528327220733518,1,0,2,0
0.7871320279851195,798,13,24,17,0.8673711822553216,0.700864851581908,0,0,0,0
0.4002073907849494,1151,41,11,10,0.5819973582864026,0.31398883006550604,0,0,1,0
0.7493886523371488,680,9,13,24,0.027423903515133904,0.5813489889464745,1,0,1,0
0.48741202867681716,155,47,3,13,0.7492781978369006,1.966399285543489,1,0,2,0
0.005091426876271543,533,35,23,11,0.25126765509019205,0.9035407146562908,1,0,0,0
0.22787545436758383,1157,2,5,20,1.03004812838261,0.9132894759563961,0,0,2,0
0.21926431544737782,399,28,9,18,0.058649970778295216,0.14445604271239643,0,1,0,0
0.42385789825193626,416,5,2,13,0.3035775472189435,1.2929144365546428,0,0,1,0
0.6494514894089445,1700,5,23,6,0.5006046281876658,0.8989460204073418,0,0,1,0
2.7677900188888387,0,171,98,4,1.7161400715215884,3.668617126684947,1,1,6,1
4.593475091318596,5,47,82,1,0.30046012681711554,8.922653723518053,1,1,15,1
0.6108930901231359,15,84,83,4,4.7270735513715,8.039622979033073,1,0,19,1
0.1932872619382958,168,13,12,13,0.5611210027621334,1.4551378561860888,0,0,2,0
0.02979150416638424,1443,19,29,4,0.6108244399771328,1.0825958672174176,0,1,1,0
0.6699931704931812,716,15,21,13,0.031836624327368154,1.5472348329067143,1,0,2,0
0.08553395766753326,1063,29,17,4,0.147014394372472,0.7878438173893436,1,0,2,0
0.28531199956442865,1515,38,20,15,0.09649529082861408,1.6895254691334698,0,0,0,0
0.1063447836422213,1678,13,5,22,0.49864856821472003,0.9046496577651066,0,0,2,0
0.6247459374780129,1129,45,21,10,0.3630074075898607,0.5875471900837341,1,0,1,0
0.4794038447153901,883,23,7,6,0.07125250227841881,0.08976061017949122,1,1,2,0
0.5778045558182285,547,23,15,6,0.2914394986410462,1.3069186423276722,1,0,2,0
0.30306387783847544,644,16,23,8,0.20378561776713489,0.05095285253891357,0,0,1,0
0.09883823033775566,1077,38,5,3,0.02263394592516602,1.5352340877952695,1,0,0,0
0.09046113292735315,889,48,27,18,0.627957278937833,0.3667105893483691,0,1,2,0
7.600224916202736,12,25,38,4,1.0328666387904355,5.5257812846834184,1,1,4,1
0.019786103919171967,1028,49,22,2,0.30990308915869114,0.5075237049372749,0,0,2,0
0.38356545643634715,1237,45,2,19,0.10794640779992003,0.4601977076543602,0,0,1,0
0.05827686391672407,1307,35,19,24,0.10724052049114684,1.562996217170625,1,0,0,0
0.1352049330360584,1109,24,22,2,0.5323819971227004,0.6121630195046648,1,0,2,0
0.07061449172058737,301,12,17,17,0.7339315306181264,1.5502693983924403,0,0,0,0
0.27784027780636833,992,1,8,23,0.6346123673165063,1.3543582948755113,0,0,0,0
2.595117073482638,0,168,35,0,0.24986707553514606,3.5543441239039586,0,1,17,1
0.3736989069793848,1098,48,12,5,0.15609830036496908,1.8429369574523116,1,0,2,0
1.1075414535748174,1767,41,8,5,0.09114907384607052,1.020886846057851,0,0,1,0
0.021502390468673662,264,35,1,4,0.07345086230245038,0.5823749176371178,0,1,2,0
1.3651135311510125,361,4,24,15,1.7121668435942163,0.8255393009725558,0,0,1,0
0.20022004879154615,1690,8,28,3,0.20311728024953643,1.2319173914955368,0,0,2,0
0.05660066186709765,1372,2,28,19,0.22182566426022296,1.9650129542199393,0,1,0,0
3.0331762474754926,27,147,43,3,0.21673864375301607,8.139165053970844,1,1,7,1
0.8272864815043216,982,11,4,22,0.4161190562816306,1.4055109031711737,0,0,1,0
0.05373308821031381,851,28,23,17,0.004755086202965745,0.445816498858981,0,0,0,0
1.584797096088541,1620,17,25,20,0.04662684094664721,1.5743196805731403,0,0,0,0
0.016047873368016056,338,47,5,21,1.64935092604224,0.051512783481155955,1,0,0,0
0.3506603260274637,456,7,8,10,0.013321168542431802,1.3351279952436141,0,0,0,0
0.116288639276708,1088,36,14,24,0.3689935197029622,0.8745446968865991,0,0,0,0
0.20306511242698644,1776,48,28,4,0.2562579503188002,0.43121841747340905,1,0,0,0
0.10185517562767199,221,42,6,7,0.9577206803420858,0.3767476952316837,0,0,2,0
0.03696146343450604,1337,47,14,7,0.01939753453139197,0.5144720175166364,1,0,2,0
0.6323502451526385,1476,12,9,5,0.41601973217727517,1.4093529670206904,0,0,0,0
0.06722438455487219,67,7,23,1,0.007632651662345211,1.510494639497653,1,0,0,0
0.37608418601768123,76,12,27,11,1.0282312751123188,1.2224973090462095,0,0,2,0
0.010630665598636334,638,32,11,15,0.10536113181439376,1.1410216646188334,0,0,0,0
0.4636514710028536,981,31,23,13,0.4077402494182587,0.4354229877286475,0,0,0,0
0.0766555051037578,355,39,27,23,0.39312859708934034,1.2100722413103968,0,0,2,0
2.7215230160574473,0,173,74,1,4.19300797612575,6.79868849387936,1,0,11,1
0.015468674449368607,280,12,9,2,0.07379352763196209,0.23527786778858695,0,1,2,0
1.3287057467988452,510,37,29,17,1.0806836979851489,1.2762691852918078,0,0,0,0
0.04598445855202536,1297,48,9,12,0.10298528253994121,1.5067379139554549,0,0,0,0
1.4646997618163775,2,62,28,4,2.6180446998022253,4.013610278128371,0,1,12,1
1.9133969282322005,1051,31,28,13,1.158679259835625,1.1968747669055635,1,0,2,0
0.6574456468802963,1287,12,19,4,0.7971137541161797,0.1210231226822942,0,0,1,0
0.8176173452442143,486,35,6,9,0.4653915593102606,0.6613062951169497,0,0,0,0
1.5956487507238144,10,76,47,2,0.720401280399529,5.4699914468498285,1,0,7,1
5.186436554525283,18,138,43,3,0.8690620784007661,5.9680717156034335,1,0,16,1
2.6685395962472143,2,56,21,1,0.5415692074282368,9.998822400192891,1,1,3,1
0.3383790521074734,446,44,10,21,0.1264206650358852,0.932405408739909,0,0,1,0
2.1518587203993245,19,26,97,0,1.0773039392039532,8.974379670354601,1,1,6,1
0.05488476382575579,1429,13,5,12,0.3473515959759186,0.6332566521388665,0,0,1,0
0.24657112846259419,1136,39,2,19,0.8736647431390759,0.6685041654972061,1,0,1,0
1.930364557068606,1063,8,26,19,0.21898478240563596,1.0633882471188072,0,0,1,0
0.8070712848531731,865,4,13,21,0.9382369060326202,1.0211006064560344,0,0,0,0
1.641004932270699,190,41,6,9,0.062369465980128026,1.9548964605323622,0,1,0,0
11.290497967872946,9,44,51,3,0.3944280081313168,9.59086557491009,1,1,8,1
0.19081997803880996,1352,37,27,3,0.2714752088497934,1.8665682831020176,0,0,1,0
1.7106201226144657,602,16,13,16,0.3732129225208478,0.39729041073242444,0,0,0,0
1.2035849445762417,1496,11,13,19,0.0027277938659771746,1.729967727763492,0,0,0,0
0.39585307958439075,1436,5,2,9,0.16007387566224543,0.24700905688979535,0,0,2,0
0.2464942270300856,1154,42,6,16,0.10595368339278355,1.4761017878710416,0,0,2,0
0.007982416710420038,1064,24,23,17,0.4287115902492068,1.6693054890005437,0,0,2,0
0.09362300106838194,1731,34,11,19,0.1581136085010596,1.5908476211194071,1,0,0,0
2.6935627203757586,28,121,53,3,1.2958479294914882,8.23336153687719,1,0,12,1
0.05097058806013267,1132,41,11,16,0.747582334741205,0.6974980604802616,0,0,0,0
0.06787802624741864,300,49,3,14,0.48496338171711906,0.18232921951367076,1,0,0,0
0.5972856590439909,1173,11,2,14,0.06886295965796999,1.793773281241919,0,0,1,0
1.751778737579156,1456,45,12,20,0.4484264732653461,1.0174970658974716,0,0,2,0
0.33008069738118767,940,22,16,14,0.03072027067117073,1.0946048840443081,0,0,2,0
0.05657350864791453,1011,43,2,10,0.32002816930581157,0.1843068344016725,0,0,1,0
0.4356853245869319,84,10,13,20,0.5141403831671045,0.0037079129630419594,0,0,1,0
0.8683413582074433,1440,3,5,23,0.7227712498812296,0.27568129460518676,1,0,1,0
0.758616444064644,97,9,14,17,0.17504727894853497,0.004031148200440482,0,0,0,0
0.9925767462153395,1680,28,12,10,0.12358651227679905,1.7611909856395271,0,0,0,0
0.03404833839639383,1454,40,27,9,0.06904372780299643,0.6420531396669071,0,1,1,0
0.1441631044313937,799,36,17,10,0.09475962450866458,0.6392827614751291,1,0,1,0
1.6216094981329223,13,159,18,2,1.246323409286895,6.434101939880585,1,1,16,1
1.7518151951146048,362,37,13,13,0.00905834486685789,1.4334465667702418,1,0,1,0
0.5,4,105,42,2,1.875620293137127,2.2407220240445547,1,0,6,1
0.32345225620584084,646,6,26,16,0.31579160035453574,1.983941605530454,0,0,1,0
0.8587414041285633,14,148,29,4,0.9297310098897968,4.45878695978336,1,0,18,1
0.5,28,41,74,3,1.5829552878134059,7.952499125866887,0,1,14,1
0.02358205753168367,188,35,26,11,0.5314253867735567,1.6459290405860467,0,0,2,0
0.031900575565085666,812,37,12,14,0.26238541340042876,0.333078464199664,0,0,0,0
0.822443151175426,1101,20,9,9,0.12392656020984855,1.0381998692990968,0,0,2,0
0.05894010398594012,407,25,4,4,0.07983468936500782,0.010673121838091992,0,0,0,0
0.22692192930234167,1030,45,7,20,0.12018445681028622,1.2388340694062534,0,0,1,0
1.1986266031446224,173,44,20,13,0.271325719099108,1.689095365107581,0,0,0,0
0.6125065749837182,834,20,10,23,0.00929320754475275,1.260743978731098,1,1,1,0
1.3037462834424187,6,111,93,0,4.123936527648109,7.8661257124027735,1,1,17,1
1.7503052272122,208,46,5,14,0.12937305343631547,1.638238757767997,0,0,0,0
0.10236514095673291,1386,38,24,6,0.29324286282907125,1.7425011088302635,0,0,0,0
0.045902866723904596,1311,39,1,24,0.054152120119374196,1.397666106319623,0,0,1,0
0.3521129218640965,143,18,17,3,0.39505801934187157,1.076582815087738,1,0,0,0
0.4592866746058765,729,21,8,17,0.004178833513651351,0.7017940948723669,0,0,1,0
1.333899730294427,1384,11,19,6,0.4190379951827923,1.8589831384796378,0,0,1,0
0.08745213506410947,481,28,11,14,0.3435089834354788,1.9764562218379143,0,0,2,0
9.1678488117151,10,191,92,2,14.761351510725918,9.116450813537304,1,1,18,1
1.5019980029304656,933,28,1,6,0.04987197053699444,1.9840164660040058,0,0,2,0
0.3661775005095822,1232,44,10,7,0.155737251788581,0.9136453528985651,0,0,1,0
0.9191385465563265,1451,13,3,13,0.8215341536424385,0.526474277539106,1,0,0,0
2.74917706850099,21,40,27,3,0.9235617987633564,3.6550267351301766,1,1,9,1
1.0183200535417039,1712,17,7,21,0.19749520036522886,1.423860924633467,1,0,1,0
0.06304341760005751,618,48,2,19,0.06364027291383478,1.299999405047391,1,1,1,0
1.2342604583586723,72,30,10,17,0.5423208814671046,0.25896168928970886,1,1,2,0
6.7621141156134215,26,107,56,4,3.0246617010435584,6.561418305449623,1,1,5,1
0.23388758468120915,1325,32,16,2,0.30008929883170393,0.8771969472047856,0,0,1,0
0.0721746634159658,199,25,9,24,0.0035392144283197115,1.8090198796769335,1,0,2,0
0.056373653774398694,1485,26,29,12,0.5808028952222352,0.18220975875052603,1,0,0,0
0.5,24,193,28,1,10.76216798590985,6.970613044269967,0,1,10,1
1.0492121014020714,1709,23,20,12,0.18330403165879663,1.9877673891542413,0,0,1,0
0.001,195,42,4,14,0.13412907902075877,0.24361486447684344,0,0,0,0
0.5,12,60,83,4,6.678803292275031,9.917724131214936,1,0,9,1
4.144375121675732,28,161,25,0,1.2252143459434022,7.19725544156569,0,1,8,1
0.3955754838216908,1311,36,29,16,0.12024815647395991,1.6301449866458435,0,0,0,0
1.0369577557225977,1096,10,17,7,0.5421757668390828,0.3402125608916602,0,0,2,0
0.5830213278665705,349,16,18,7,0.15793389248900108,1.8677367472531892,0,1,0,0
0.5,25,153,55,2,1.057213219311389,3.1955160901030712,1,1,9,1
6.560707964414727,21,110,47,2,1.114896303285315,4.743639902745978,1,1,8,1
0.015774682206370343,902,11,7,18,0.6511423940242564,0.6242746275437976,0,0,1,0
0.5445642191347343,1426,15,2,14,0.055468664739662665,0.8399652161472566,0,0,2,0
0.010688342646065477,1619,35,17,17,1.359755646937024,0.8402034278253092,0,0,1,0
0.01957881378130868,98,27,20,1,0.08598018220157086,1.067013678073491,1,0,1,0
0.692451328480615,307,41,27,17,0.09291575180036135,1.4353758234352938,1,0,2,0
0.9605319243237032,7,154,96,3,0.2494455578779345,3.7454845706777595,0,0,19,1
0.029016850435897912,1751,19,28,5,0.35305630356997186,1.0934668733134318,0,0,1,0
0.006452278144436408,1058,20,28,7,0.32586017066420975,0.4562638651654667,0,0,2,0
0.07016652268461356,965,46,19,18,0.21708435924841313,1.0023574600128313,1,0,2,0
0.3231859053640961,987,47,12,10,0.8290197612336518,1.2138636611540479,0,0,0,0
1.187803537451389,318,15,8,17,0.5294853393132067,1.5228828353606811,1,0,2,0
0.9679181687269648,466,26,9,11,0.3020000447100962,1.166965053419003,1,0,0,0
0.013272977607334806,403,13,7,1,0.6542047062633625,1.324819704705552,0,0,2,0
0.28118467834903516,1683,8,26,20,0.1297256240195046,1.4731557976507297,0,0,1,0
0.9016450262927483,1303,17,20,24,0.5739741980060338,0.05530351173051029,0,0,1,0
1.012848634193113,1051,12,5,14,0.22454827647765302,0.8400554369243836,0,0,0,0
2.3138374958097314,795,15,13,9,0.9401356305478088,0.08866496004015989,0,1,0,0
0.499047283861855,989,21,18,16,1.2064761631541527,1.340190775001674,0,0,1,0
0.4128947786646454,1424,1,21,5,0.3503209893335642,0.7726280349192187,1,0,2,0
0.04463559201065018,1209,23,16,10,1.2463678891744696,0.6795032573916227,0,0,1,0
0.021558390150205692,1239,3,9,16,0.5829526943286825,1.093411526661999,1,0,0,0
1.440687261004436,2,193,19,1,1.0316260742993053,6.9248898575511095,1,1,17,1
0.3594888674690548,661,13,29,6,0.1435023896830382,0.5422385420296292,1,0,1,0
2.9040601131360946,15,50,83,2,1.9998485892547282,2.5735473840551597,1,1,16,1
0.7044364514907931,8,75,77,4,0.8134948516671185,3.404436555650215,1,1,8,1
0.1026060891304192,227,31,18,12,1.1170049664528434,0.12222872471292545,0,0,1,0
0.10913877522282149,1020,10,23,13,0.2166548106494069,0.6563092389528506,1,0,1,0
0.22760144982313843,543,43,14,12,0.012053878197755939,1.8130151386058342,0,0,2,0
1.6854161794382894,1344,14,29,10,0.7194446196065756,0.7056463829334063,0,0,1,0
0.2632522879227116,414,2,16,18,1.0987924891256111,0.5829648620834622,1,0,0,0
0.1079156570302864,995,15,18,8,0.015617386020048682,0.5437862497759913,0,0,0,0
0.3864883160965252,863,20,29,18,0.7368755078804826,1.3236133925101805,0,1,0,0
1.193084151461727,311,11,26,3,0.6880023562543268,1.7742532250232572,0,0,1,0
0.32684365214259564,359,39,22,1,0.17046582913938652,0.8929001822227267,1,0,1,0
0.08516456605443072,192,7,28,6,0.31110753331937924,0.25283688969796825,0,0,0,0
0.2062412035688271,581,39,22,8,0.4399351062897594,1.1583822327306768,0,0,2,0
0.4178217653528511,75,37,16,1,0.34895124265219885,1.5925686084467012,0,0,0,0
0.07277858481349543,181,41,26,3,0.8457047133944835,1.8392163539075446,0,0,0,0
0.040094593731684565,1771,45,8,23,0.21979110352247183,1.3045393380502006,1,0,2,0
2.7135530748302656,126,39,15,22,0.22908632102724438,1.3849622684597551,1,0,0,0
0.32745092075105414,847,3,9,20,0.03287989315718451,1.493604184581736,0,0,0,0
0.6896786201071542,1202,26,27,5,0.3294881136012447,0.2873823947881049,0,0,2,0
3.044161852005544,24,78,24,3,1.2555493941727294,8.489347916963036,1,0,15,1
0.7333291630850959,826,48,19,6,0.8200106465417849,1.3874918041910718,1,0,0,0
0.13462677174886012,1046,12,21,22,0.04984157310438064,0.7416022119395471,1,0,2,0
0.021466629153440706,695,16,7,16,0.05006815573454432,0.8845469848192304,0,1,2,0
0.7504022719200143,926,48,11,17,0.41813729697010005,1.692135375750892,1,0,0,0
0.5377924429459355,316,23,21,2,0.29840371785002423,0.597011179678369,0,0,2,0
4.904570550858347,3,61,58,3,9.690024449942836,6.592260522457301,0,1,18,1
0.3836003145142411,1621,22,29,12,0.037800685056896315,1.5549452065040836,0,0,2,0
0.8413422813307038,1374,25,22,21,0.3387286186746804,0.019868075393759232,0,0,1,0
1.5268397969230025,976,24,18,7,0.11251379453506705,1.577221255510647,0,0,1,0
1.0373186769794065,873,15,1,15,0.274489246666471,1.3779850788670904,0,0,1,0
0.08257189979727689,1360,17,6,1,0.39460192242097875,1.9538827005922998,0,0,0,0
1.4930952076873338,391,11,27,14,1.4210780845687059,0.15591668828078453,0,0,0,0
0.14463633813210225,280,11,25,6,0.33236011956433215,0.4076629116223889,0,0,0,0
1.1934383789316723,629,44,25,24,0.545206313892068,1.800228964280486,1,0,2,0
9.865071645869337,25,75,17,0,4.020373657687263,5.889285076247953,1,1,5,1
0.14763286009847018,992,33,12,7,0.488300964125433,1.6089375049246732,0,0,2,0
3.273050317297504,0,47,77,1,3.1953862797905783,7.351789953509628,1,0,19,1
0.20429008756999795,620,39,26,9,0.7597401868178684,0.49951174454599667,0,0,0,0
0.06981522458447777,1368,16,7,6,0.09885265391370585,1.9735701576331053,0,0,1,0
0.1737810421335476,1531,46,8,14,0.6155358127141679,1.8882887695372332,0,0,2,0
0.1454683109411986,803,27,5,18,0.5495324778310753,0.37997140237209037,0,0,2,0
1.0727642831722235,1673,40,9,12,1.2615578114074182,1.6569508800464332,0,0,0,0
0.30364255764388964,1113,3,11,11,0.113702025925281,1.8822622168877752,1,0,1,0
0.6390773382633057,1705,28,2,4,0.5566107325947698,1.2697881558535062,0,0,0,0
3.6216763464596156,27,136,23,3,5.6688317110281625,6.312669524889019,0,1,8,1
0.5651966766440407,1126,45,7,4,0.050772752409240535,1.6259028060504155,0,0,2,0
1.4423821544486188,15,26,37,4,2.8244120122700958,2.7116735612954317,1,1,15,1
0.8806710110388967,1210,20,13,11,0.37602095793478324,1.5277649060030758,0,0,2,0
0.1245433667705362,184,36,11,15,0.8384257598826889,1.4783247150569674,1,1,2,0
1.1221095570920663,1621,26,27,9,0.772998362919341,1.7623736528717044,0,0,1,0
0.6610064040008348,868,1,12,22,1.2974130740237109,0.6121182913078032,0,0,1,0
0.09033215947152425,742,17,1,15,0.09745959266387116,0.1946755991279312,0,0,1,0
0.14575008823830735,1760,37,15,16,0.022875878309514826,0.6457818190650071,1,1,0,0
0.5957281256438961,1095,23,15,22,0.5727369247903671,1.6991799196830795,1,0,0,0
0.5265991740971296,20,59,46,4,0.45168321849715853,8.617765881337503,1,1,7,1
0.5027031123587008,953,3,20,17,0.708358399196787,1.1110059030636261,1,0,0,0
0.15678143550541637,90,3,9,23,0.1587980943551558,1.9504234411212094,1,0,1,0
0.1193438126244735,1489,21,29,11,0.009968387762126532,0.3986851010604122,1,0,0,0
4.4284953854317965,17,177,54,3,6.708042998890981,5.290343486706978,0,1,10,1
0.14837928153908594,1732,19,11,20,0.10575378737953128,0.11174148018474583,0,0,1,0
0.02236223312795628,993,11,24,13,0.17333657490879917,1.9411385563152737,1,0,2,0
1.03195399526277,366,6,17,14,0.9376228675634656,0.38274709048411215,1,0,1,0
0.03692481347321351,1027,13,20,11,1.1191308351550786,1.7962619127690083,1,0,0,0
0.7130086072352138,7,108,86,0,4.877323720729347,2.173140673969093,0,0,6,1
0.06225151446166626,1784,26,13,4,0.10417983341961155,0.024074565005432147,0,0,2,0
0.31620778556988677,782,3,11,17,0.7770480842095093,1.5176621380708728,1,0,2,0
1.132819295151618,1022,33,21,22,0.3884459007543926,1.9284844130743355,0,0,2,0
0.0964839911254856,621,39,6,7,0.5475138397222346,1.7816650329342854,1,0,1,0
0.022574819560733195,307,42,21,22,0.15999877158627468,0.6994022171388392,0,0,0,0
0.16015193846438724,643,42,22,20,0.05532874671277624,1.344054791370292,1,0,1,0
1.0002130700016552,621,17,10,21,0.3962340365151713,0.6165222378053834,0,0,1,0
2.3080572327089857,910,31,7,16,0.35722288686545023,1.0386529840493077,0,0,0,0
0.6437300876406098,1197,6,25,21,0.4936819593480685,0.5013659297368951,0,0,0,0
0.20549253990258332,761,21,1,12,0.001,1.0608343832222311,0,0,2,0
0.4366576211608102,361,27,16,23,0.9600916545673105,1.1508109687374202,0,1,1,0
0.4301160513477376,1188,31,19,8,0.11587316889025677,1.1926364681708617,1,0,1,0
0.45238661948019054,1119,43,22,2,1.025108865577607,0.5433441099024432,0,0,2,0
0.7587977466119651,1303,29,16,19,0.5262586009511131,0.37615981013847954,0,0,1,0
0.5,2,32,63,3,0.8762684883327393,8.566324595365709,1,1,3,1
0.24155539966393422,816,35,22,9,0.5784721530651787,0.8122580238220465,1,0,1,0
0.9785941442802397,761,32,4,6,0.14632503995048035,1.75481591197645,1,0,1,0
0.23350216057317394,1729,29,22,9,0.28437194855237896,0.1832009981978986,1,0,2,0
0.36634526676202145,1459,28,29,14,0.15010737931410256,1.6590584987649708,0,0,1,0
0.5,26,181,62,3,0.4280364476196932,3.6703673965424954,1,1,4,1
0.1356665861679029,673,45,29,13,0.1604122658820093,0.6696707057792124,0,0,2,0
0.23645241906199227,1061,16,18,13,0.080793838119407,0.41040389411739886,0,0,2,0
0.5374873820274989,1012,46,5,9,0.08058094938674369,1.0283709898318842,0,1,1,0
0.40116011291850157,1443,38,27,1,0.169605302282338,0.6225627237330089,0,0,0,0
0.5167115433700034,118,9,26,9,0.3398879755251479,1.8535125954452139,0,0,0,0
0.1967399596573177,198,13,15,10,0.29069704556153514,1.3667653788703882,1,0,2,0
0.6104592989313401,802,12,9,6,0.35992522092707424,0.7031248352217183,0,1,0,0
2.153097886084906,860,39,24,9,0.04251119058240228,1.7699061055016736,1,1,0,0
0.1418220596292309,550,29,22,13,1.9946172886929223,0.6915587381845811,0,0,1,0
0.28828564838544907,1773,19,12,10,0.04567810556021024,0.6086821684078454,0,0,0,0
0.6175265899670637,225,46,28,18,0.24102290440833407,1.954788041648531,0,0,0,0
0.36314555961517814,206,37,3,22,0.4651844622689013,0.07950714646808121,0,0,0,0
0.0564727735982155,1741,31,3,17,0.07667665885654752,1.0118209555713915,1,0,2,0
1.163712057990887,1603,8,21,9,0.08364645721686853,0.6145658911335434,0,0,2,0
0.3278995809468057,1440,47,28,14,0.2024928640787249,1.4638527150139873,1,0,1,0
0.5,15,81,53,2,1.5462484277048056,4.129879047292739,1,0,19,1
0.4899002886260929,1552,40,24,18,0.43986301318063853,0.9550431554850334,0,1,0,0
0.17227502670192948,1099,49,15,9,1.0789119313420856,0.8258691193339285,0,0,0,0
0.2491962485428586,215,13,11,10,0.5949966559017618,1.0534578889115607,1,0,0,0
0.21803023921175735,140,5,14,5,0.2300247401266566,1.77699509709909,0,0,2,0
0.34801714582650795,1655,6,16,21,0.8724896072145223,0.9619076451668915,0,0,0,0
0.4300511457011099,258,45,28,18,0.6592307528544349,1.6966506348433175,1,0,0,0
0.21219291848239608,639,22,1,19,0.5130161699132955,1.3817498871426306,0,0,2,0
1.3022476861313057,117,22,22,22,0.16429309000528164,0.858903984857974,1,0,2,0
0.08760148658408212,245,39,16,20,0.17610238514888665,1.7558617804592993,0,0,0,0
0.023136469326561392,79,46,25,20,0.7387586317206809,1.0289544977513931,0,0,0,0
0.5514383892022975,1486,38,20,1,0.43016488155064014,0.5384456307967451,0,0,1,0
0.07511726436366933,1011,19,12,19,0.11358101302384067,0.9178500261550242,1,0,0,0
0.044693569815224564,655,17,20,16,0.2075519617838802,1.3381674786440843,1,0,2,0
0.5445811936451205,279,29,28,7,0.13378512944455231,1.1710055153289733,0,0,2,0
0.028975215532962888,1318,15,17,1,0.16846997989866153,1.2427206722163153,1,0,2,0
0.46183756034238616,523,25,4,3,0.15711942215198577,0.41601419491001446,0,0,2,0
0.5306916022922881,264,23,8,5,0.10160375254910597,0.2840596230988228,1,0,2,0
0.5495773048072541,245,3,7,24,0.30202982193408695,1.7915820051537632,0,1,1,0
0.15872615752575572,1698,7,13,18,0.32348408423346453,0.5731158901720868,0,0,2,0
0.004564286944328279,1349,10,12,2,0.5668527151656229,0.2874872264665145,0,0,2,0
0.40137705951074376,1503,34,7,2,0.14450358603071572,0.5526325702007058,0,0,1,0
0.15657072429293192,628,29,26,3,0.33989904823473027,1.6798790138760016,0,0,2,0
1.2086290118397025,1238,21,19,15,0.40085810941926037,0.4838539119714249,0,1,0,0
0.31022311983444284,1493,37,13,7,0.40810743910394365,1.8484756648416867,0,0,0,0
0.04880125449492802,1276,23,20,10,0.6149735386566362,0.2146984323112946,0,0,1,0
0.05668066927033169,656,5,24,23,0.46165633570837783,0.09293489192447835,0,0,0,0
0.2368841350954555,1573,15,10,15,0.07640005045447572,0.30075334262076026,1,0,1,0
2.2624227285504555,21,135,71,2,0.6130772581806966,5.050745577996397,1,1,11,1
0.5,16,187,64,0,0.1,7.53315530940189,1,1,14,1
0.14336941149164917,111,16,13,10,0.616471897234173,0.9350339575614504,0,0,1,0
1.7646837926128869,629,44,26,5,0.43846818386259945,0.3568712970823973,0,1,0,0
0.5251984196623098,640,16,17,9,0.01376223416400693,0.7773493313205453,0,0,2,0
0.3195330666881549,1644,14,19,6,0.09663424430752321,1.7719115759221291,1,0,0,0
0.3508553321660842,852,15,12,4,0.14561156251098004,1.9015849555674753,0,0,1,0
0.03654990330033584,834,46,12,8,0.15769122373929048,0.7473818904155687,0,0,1,0
1.4826336105761018,590,2,9,20,0.25440221731816187,0.15175557896797764,0,0,1,0
1.0460020234322371,1515,31,27,3,0.18936501662142757,0.45487277822952654,0,0,2,0
1.3549392250395669,724,49,23,20,0.7459942900648444,0.7337368891085079,1,0,2,0
0.2845977086096166,1420,46,20,7,0.042901493187430716,1.3355542626446386,1,1,0,0
0.3503069280558311,892,21,29,8,1.0640252556675616,1.8821138198434595,0,1,1,0
1.5050607154587605,1178,2,4,17,0.45574380209505955,0.9710500536207018,1,0,1,0
0.14093720086588948,1217,36,10,19,1.957145797343998,1.0974925568803573,0,0,0,0
0.35275145224803195,412,18,24,16,0.06081930031911395,0.1188451138198614,0,0,1,0
1.1441468746111294,1164,42,5,2,0.2906031138077845,1.6538743034305337,1,0,2,0
0.8762894413217979,0,125,61,3,3.8684928842012836,5.494725229093969,1,1,5,1
0.006920449429463241,1460,6,1,4,0.007594588130120965,1.1588056599341234,0,0,1,0
5.433820418729571,22,123,62,0,0.2708339226768048,5.496306721685304,1,0,14,1
0.37906147377303484,1742,13,11,2,0.44542714316701765,0.8342094324880485,0,0,0,0
0.12697493365401225,605,6,15,17,0.6053412243480746,0.21015889111320774,0,0,0,0
0.6365480859958473,402,12,13,22,0.021262171229784688,1.6550649758791507,0,0,2,0
0.9938756123270603,1018,24,26,5,0.10426959621167967,1.9415528121547767,0,0,2,0
1.4819618913685149,14,102,41,4,3.737667739750779,8.221063077055032,0,1,5,1
0.06095325317064895,1033,2,28,16,0.101230571878261,0.597824082408833,0,0,0,0
0.10675623872149761,1501,30,11,17,0.04515193843686557,0.2623273050082777,0,0,2,0
0.10372540901671198,915,14,18,23,0.06866761475146214,1.02542515932838,0,0,0,0
0.3784259945739209,1799,28,1,13,0.5070967947858155,1.2399473205007516,0,0,0,0
0.5,28,37,86,0,2.007469517766442,8.63640937899089,1,1,10,1
0.14561953030095298,1259,48,20,23,0.6264083236168303,1.014888649076597,0,0,2,0
0.04989098305246055,1414,35,24,21,0.19606947722068907,0.7253314350333573,0,0,2,0
0.06318375474465349,1359,45,15,5,0.22351793103432344,0.6504633753563676,0,1,1,0
0.1993080160502499,1186,31,13,11,0.2500985053960668,0.37061159201962135,0,0,0,0
6.491250969490977,16,57,46,4,0.1,4.327892320633722,1,0,12,1
4.597580511978741,18,49,13,3,2.510993789867386,5.549190930821588,1,1,18,1
0.8139844703702782,1030,46,12,21,0.3889134192252115,0.13798707179950553,0,0,0,0
0.15576095646060922,93,39,11,20,0.3066769156356317,1.3888702143817664,0,0,1,0
0.9636975167323232,8,49,14,0,2.752556937959216,3.313161624013313,0,1,11,1
2.572036321629316,29,54,74,1,2.020887412669336,2.110046913878195,1,1,13,1
1.8506330565074505,5,146,94,3,1.4539420930423017,7.583159785399753,1,1,12,1
0.3349508678149231,919,37,23,11,0.07135200943770423,0.0012977391544486405,1,0,0,0
0.3907020724768975,1073,8,16,24,0.3140841619782362,1.326251802109998,0,0,2,0
0.09060998805753395,759,45,20,14,0.7014758585200142,0.5496117348439509,1,0,2,0
0.2679174681636745,1315,12,26,20,0.5371497776738868,1.4606348334298849,1,0,0,0
0.07524901019642395,950,47,23,18,1.2764879124805106,1.429435129404309,0,1,2,0
0.36062362177253793,1440,10,16,15,0.04796752255736011,0.39249767799078694,0,0,1,0
0.21959316873494192,1089,11,26,17,0.30055697607037535,1.8293477513478007,0,0,0,0
0.0695488642223212,149,8,18,2,0.2491664364516177,1.5240429247974345,1,0,0,0
0.8917216969812546,110,40,29,21,0.3164524789517598,0.03218942301444905,0,0,2,0
0.6697695452119816,1129,36,15,13,0.4110721866149805,0.9784530209800306,1,0,2,0
0.5263012003987745,905,16,27,2,0.13276822465198754,0.8266972809930961,0,1,2,0
0.21633032924217135,1257,42,8,11,1.7029455676176148,0.05711052167306074,1,0,2,0
1.0385288833020851,1351,30,27,8,0.14737993794951496,1.726072986488502,0,0,2,0
0.2297077123598895,206,24,29,1,0.4853329316283004,0.2925011232612882,1,0,0,0
0.09527529148633623,1194,46,29,15,0.2017001922728071,1.6200899578690156,0,0,1,0
0.4927579069577103,595,16,1,16,0.32652826477771213,1.3236839696758051,0,0,0,0
2.3262179301039856,20,181,12,4,2.9499684839429454,5.802892020063464,1,0,14,1
1.0654013887161444,1003,19,20,9,2.0171692560752823,1.3311270991591637,0,0,0,0
1.222245361819772,386,28,9,9,0.11813928277523111,1.819613436533719,0,0,0,0
0.805611021079626,1140,32,4,13,1.1584725549450356,0.48040305170789965,0,0,2,0
0.4234528502392569,1111,10,7,4,0.378059188927031,1.4072156561401705,1,0,0,0
3.2835246777544613,21,161,88,1,3.2748748475052154,7.9375089302443955,1,1,4,1
0.20624394085006614,1002,48,16,4,0.0625394833442262,0.8565856416048794,0,0,1,0
1.7266342879148109,17,69,15,2,5.696783677992492,8.558467857481919,1,1,4,1
0.441222304554277,749,23,10,4,0.06569988363691046,1.0705368832571962,0,0,2,0
0.46271266347133366,326,9,10,21,0.18213977230726583,1.9922500391296611,1,0,0,0
0.10295975634528098,88,21,22,10,0.14042310647737005,0.30231426182753385,1,1,2,0
0.23274551736404087,329,23,16,15,0.5526009127626036,1.1045395267393447,0,0,2,0
0.37294727348604345,1357,43,26,14,0.4402662128176795,0.7758119924762021,0,0,1,0
0.3166637906073686,557,17,4,7,0.10606349754872252,1.5885362921009245,0,0,0,0
0.2881659295209507,543,32,9,3,0.5933878173086952,0.07132100770394456,0,0,1,0
0.5121775572680621,1472,40,13,15,0.45694841176452733,0.39288990531834456,0,0,1,0
0.1824572245600824,1014,23,26,11,0.28310109560360097,0.9512615111252598,0,0,0,0
1.7339040734524747,845,31,28,1,0.001,1.2840754366278968,0,0,2,0
1.2460748078922748,1165,1,19,22,0.05119586220375849,1.3692380530385437,0,0,1,0
0.1414481268792658,1351,24,6,9,2.683694822590109,0.2810775580548457,0,0,2,0
0.3872811802854619,1311,11,27,15,0.07309587058341144,0.6098900628627273,0,0,0,0
0.5350568759519473,1289,3,4,5,0.17134966208473162,0.43227231695864776,1,0,0,0
1.6448179480354013,593,21,24,1,0.05578232619678976,0.17374233280496676,0,0,1,0
0.9156711367572209,1643,12,15,22,0.08371042865678391,1.6648807895248887,1,0,0,0
0.5239438905266018,346,15,7,9,0.07574115495890053,0.8782223880011768,1,0,1,0
0.7450142791704588,192,7,19,21,0.1678581476516164,0.3745461767079643,0,0,0,0
2.433295572227423,8,49,75,1,0.42883194015512904,6.481627878631586,1,1,3,1
0.7561203787863983,1110,41,25,1,0.2746011769591771,1.7744234454637071,1,0,2,0
0.4303364717227319,971,8,24,4,0.004123238286132153,0.30153794711454207,1,0,0,0
0.500368143965703,250,9,19,22,0.07019030550726109,0.2608218862279901,0,1,2,0
0.5763753815493309,633,19,14,23,0.21697677011641245,0.20850573144922868,1,0,2,0
0.1044353553147773,925,36,7,19,0.5189159708114531,1.2586816860246475,0,0,0,0
1.2286514336183252,26,128,22,2,3.2520976386081735,9.696800344568153,1,0,15,1
0.5956206724269233,898,19,4,10,0.8025253969422046,0.7231005950914353,0,0,2,0
0.2823841244134781,266,34,4,21,0.017903990264521975,1.1364049344206775,0,0,0,0
1.0250461889429512,1765,32,16,22,0.330755414084448,1.1076088247270675,0,1,0,0
2.606671269617867,28,97,16,1,1.9399860404826845,9.825840297022452,1,1,4,1
0.18841456774526313,850,37,29,2,0.41971408603314625,1.718000565886741,0,0,0,0
0.5493346229838425,708,29,12,6,0.14077655586745258,0.07469255632633764,1,0,0,0
0.0071491853547545675,1785,10,21,3,0.3906513974785923,1.4324010597041272,0,1,0,0
0.9618787577866015,830,36,25,20,0.8401787888992571,0.9667518254339833,0,0,0,0
0.04452516943544079,800,24,22,21,0.25492672449818393,1.591875934912015,1,0,1,0
0.42386378072929326,905,7,2,20,0.2171153505081399,1.0739727687472642,1,0,0,0
0.5038011148725333,1452,17,1,10,0.2025724805499972,1.7706700208980954,0,0,2,0
0.1290835624056351,261,49,23,11,0.2094289614052877,0.009616863088791172,0,0,2,0
1.0345420566187717,1120,39,11,9,0.14264364712440508,1.3230854518331034,0,0,2,0
0.4210907331810655,852,37,29,18,0.09659624626274617,0.9103331722806567,0,0,1,0
0.9798941551541256,145,6,23,6,0.08046858140179915,1.962348846720969,1,0,1,0
0.40800795468166656,536,11,22,13,0.5516064336267397,0.5498774492958249,0,0,1,0
0.15048834729935856,1425,1,27,22,0.03786677499593766,1.5666139759619024,0,0,1,0
0.5789841711478136,141,45,20,20,0.04797552900248188,1.2342483145093517,0,0,2,0
0.38771175720002476,424,15,24,17,0.23357311797647076,1.5110161530505914,1,0,2,0
0.2531606359255136,1050,44,13,7,0.31863137481144416,1.3148391017496883,0,0,0,0
0.03760261115334893,143,48,9,22,0.2215666299729386,1.2900093421465717,1,0,1,0
2.674175077956606,0,194,52,4,1.4139480822353225,3.8141846914608024,1,1,11,1
1.2085729023171723,1233,47,21,21,1.1287719642353637,0.6195270567841624,0,1,0,0
0.5248595374439001,246,11,2,19,0.44875540053023805,0.20890690943076584,0,0,2,0
0.10843058312969117,367,48,19,24,0.19660934085951853,0.9917057549111292,0,1,0,0
1.2422647754965885,750,21,20,11,0.1511564339495727,0.10689013900113364,0,0,2,0
0.7654358688598508,1564,38,24,7,0.15447167799290898,0.7000719410125567,1,0,2,0
0.015215990459985635,1389,25,14,9,0.21215616512717703,0.5076585047188933,1,0,1,0
0.16949554269810665,535,28,7,22,0.038678227064194104,0.533721541612652,0,0,1,0
0.11100548392448714,1112,46,5,17,0.43142779743003257,1.8479919612556877,0,1,2,0
0.9458859940251397,1088,31,23,23,0.5218248578460228,1.1355041382564428,0,0,0,0
0.1665380873313557,1317,30,1,22,0.30491344264058307,0.13774937041645852,0,0,0,0
1.276693673577619,23,174,21,2,4.177291107478298,4.468859618133118,1,0,19,1
0.026677486754224666,931,22,25,12,0.21159348561770663,1.9909611958435178,0,0,2,0
0.9525993115221024,1537,40,22,11,0.68259667484418,0.9036470305613942,0,0,0,0
0.08803915486109798,902,11,10,4,0.07418938946926913,0.9051400905660383,0,0,0,0
0.067944520648714,234,28,14,24,0.009257482646900711,1.8315370354189235,0,0,0,0
0.18641486276414165,792,32,5,13,0.29962641716478144,0.5932918201617774,1,0,0,0
0.3774480907402323,1645,27,16,6,0.08831237008006347,1.737203756064487,0,1,1,0
0.8502501435670823,1387,45,27,4,0.3613750170392994,0.3609898641678255,0,0,2,0
4.813556101168992,5,134,78,2,1.132085324283333,4.458213905253487,1,1,11,1
0.01193889170775825,1033,38,18,17,0.8206650049883062,1.1295635898661451,0,0,0,0
4.459221319503456,10,61,54,3,5.885336543541719,2.488479145034641,1,1,15,1
0.18530849283724732,764,17,20,3,0.455626909153546,0.0500139406718112,0,0,1,0
0.32399141606916015,915,18,13,11,0.07554162235908773,0.9793359793370107,0,0,1,0
0.07194397769514947,1506,43,5,9,0.5075003239515986,1.7852898795942171,1,0,2,0
10.899832666607432,0,101,68,0,2.894257005817447,5.1242942152453885,0,0,13,1
0.19312639084102637,1136,40,16,16,0.11502453821585937,1.7780210378304757,0,0,1,0
0.39156284187648727,1211,3,5,22,0.5933009907654718,0.23811264910637475,0,0,0,0
0.7009438188166358,1789,35,11,23,1.795212369309239,0.9480095098122658,0,0,1,0
1.0275230184371686,210,2,17,24,0.44912237636884145,1.4021916188764778,1,0,1,0
0.001,858,22,1,11,0.246611560204927,0.87579337476077,0,1,0,0
0.30647798702554563,793,4,17,4,0.10869025275754732,1.0311723337832086,0,0,0,0
0.4779741803817415,826,5,23,18,0.21612128486622872,0.6608662916680812,1,0,2,0
0.2894734453132742,1379,47,7,8,0.4161107065814113,0.3907517788667054,0,0,1,0
0.9765879262842792,276,22,11,23,0.036146447344790715,0.757880023489967,0,0,1,0
0.4069555759654726,1059,19,15,3,0.02775694310211507,0.8648934856291031,1,0,2,0
0.28192443534990463,651,46,21,7,0.20117870313890207,1.9837741238743367,0,0,2,0
0.03435646611920901,1376,5,19,24,0.8904428278369821,1.2835849309136542,1,0,1,0
1.4140944351988984,1095,34,2,8,0.4248589198120488,1.5725921122262791,0,0,2,0
0.39658584143946474,419,19,5,21,0.27068726688465566,0.14522686273680807,1,0,0,0
1.3946012527945164,1505,18,12,24,0.6491040225596522,1.3898928627396625,1,0,1,0
1.7552308606412732,1735,19,3,11,0.4884209898722609,1.9319474722550234,0,0,2,0
2.369693403932185,1627,37,3,5,0.2999322184600976,0.2372365487597008,0,0,1,0
0.5,23,92,83,0,0.44103602165541467,4.666298482646735,1,1,11,1
0.2172216857034855,889,33,2,9,0.1301535684387609,1.9163083299088333,1,0,0,0
0.08388975176259995,470,7,6,6,0.5527583500357468,1.4698748302986722,0,0,1,0
0.09515326807105437,1009,40,5,2,0.3824805674232301,0.16553706704377769,1,0,2,0
0.26443670781082584,1050,7,1,9,0.06110922971162058,0.40187744029468697,1,0,1,0
1.2662248720822467,1666,45,19,2,0.1732115824028696,0.38034845199055445,0,1,1,0
1.8922533585537518,1291,6,9,9,0.13568418063878085,1.3154048291144382,1,0,0,0
0.1682669464758569,1557,31,11,6,0.21269585846642305,0.5610161494510109,0,0,1,0
0.44498465611832444,1255,45,10,9,0.10969219350272907,1.6904235727568844,0,1,1,0
0.07218549460335216,726,15,24,23,0.02802139167794941,0.6630270531134088,1,0,1,0
0.16095679171834024,1001,43,28,24,0.5518104770216186,0.12455162102191242,1,0,0,0
0.24267301307151667,1396,44,3,16,0.4031568005214914,1.2904601174191845,0,0,1,0
0.5021671385451763,114,9,29,7,0.04562071996262237,1.7024772584317385,0,0,2,0
0.015839839412128923,679,17,2,24,0.6145449354488686,1.7731009624585332,1,0,2,0
0.04060170148164949,588,9,16,21,0.38279713622067685,0.45649259797977515,0,0,0,0
0.271304817173159,140,48,6,10,0.09308132299270427,0.8509522134035543,0,0,2,0
10.260601024459206,22,195,29,1,1.0159764618562925,9.955854298419972,1,1,19,1
0.0211914631066632,660,19,20,2,0.29707097239852626,1.5217848992482885,0,0,1,0
2.941024827771988,19,24,45,3,5.211339066783926,5.688260816694709,1,1,14,1
0.057905186816155155,1143,47,2,3,0.03971411141098252,0.31993843407099143,0,0,0,0
0.38821779939956136,1297,4,17,5,0.18906727938538237,1.6922241019741753,0,0,0,0
0.25285542676779743,717,24,13,23,0.046319345858855276,0.9634670557843983,0,0,1,0
0.08927864880881568,126,44,23,9,0.7741686859408443,0.3860094091411723,0,0,2,0
0.46252406635370585,610,39,26,7,0.2390823391907619,1.7509495498904488,0,0,0,0
1.0874494587831098,1537,23,2,23,0.04082904242550417,1.1734691699046682,0,0,1,0
0.8866254999877822,709,42,22,4,0.46505263583218825,0.351818731995049,1,0,0,0
0.1666935335171212,1110,8,15,1,0.5190378078706582,1.210086561230748,0,0,2,0
0.45932862059702645,1532,7,9,9,0.2504752256329065,0.2872388885492634,0,0,0,0
0.06983318930676549,74,36,22,18,0.021466298200756483,0.9471570406717975,0,1,1,0
0.23724429495900917,1311,15,15,22,0.034616361235159904,1.7692133629531401,0,0,1,0
9.011894200173087,0,169,65,0,1.1215231008271025,3.9625480055939857,1,0,6,1
0.2513772608450984,1244,23,16,21,0.4669423470293878,0.8059861780234756,1,0,1,0
0.5534010020172055,1028,28,7,12,0.10516802781167156,1.4253149748028218,0,0,2,0
0.22967788413439005,623,40,29,8,0.2897865894886857,0.44310363239986716,0,0,1,0
2.3738222416799717,506,34,24,7,0.36358853808309277,1.7466304577387346,0,0,2,0
0.0752791232070963,154,34,3,10,0.04866915606438359,0.824514388840274,0,1,2,0
0.07976400774015362,367,25,13,9,0.3480439124390031,1.6207729217313347,0,0,0,0
0.5534412931281769,1754,40,28,3,0.594699022033343,1.8661845745001926,0,0,1,0
0.6299601899914633,1303,16,23,6,0.2184659065715979,1.1472829300800933,0,0,1,0
0.5341525194576521,590,32,7,9,0.1345078601138728,0.9444650855330203,0,0,2,0
0.11377104807988883,1621,42,28,18,0.5725501020832369,1.9911381593346313,0,0,0,0
0.009280943705383004,324,21,10,22,0.46935139747659016,0.29559412275052144,1,0,1,0
0.4988962298454632,165,33,26,7,0.057838162186375386,1.4130459263208346,0,0,2,0
0.3854415120619409,1730,9,20,24,0.3727327759492708,1.8461430712255293,0,0,2,0
0.2812137885448113,695,1,5,20,0.03673899211788732,1.362032521454025,1,0,2,0
0.3023754610823689,1110,16,14,13,0.34283093331526326,0.2836736589700455,0,0,1,0
0.30664278999475175,997,33,20,20,0.17128856893634445,1.4842888511023409,1,0,0,0
0.6293635731467112,437,27,15,1,1.1752368379883678,1.0068250417685722,0,0,2,0
0.20469601924241718,408,15,24,7,0.4450420702510883,0.07417615652244636,0,0,1,0
0.13255546154023112,1217,12,5,2,0.5485557606693979,1.5304596624530071,1,0,1,0
0.5209585592014117,1217,32,3,4,0.18329622885342797,1.3095687342551277,0,0,2,0
0.07062557007634263,230,29,18,13,0.3451918741888425,1.8138245173564878,0,0,1,0
1.3819076916568158,931,41,27,2,0.10120271377628681,1.9454995229657093,1,0,2,0
0.2731370552845641,889,47,6,19,0.044486761345803844,1.9382688633528014,0,0,2,0
1.3618384428812373,1040,28,28,5,0.22696590028894123,0.38816375793258806,0,0,2,0
0.39332345832133425,292,2,8,11,0.26908735180433296,1.2761207628270976,0,0,0,0
4.6508885754950215,8,39,41,0,0.11160481282745427,9.827800674868744,1,0,12,1
2.700021219579844,879,1,5,18,0.4474353644755411,1.8103428370442478,1,0,1,0
0.2049721078037022,1661,49,16,18,0.54851567592141,0.15914097051516762,0,0,0,0
0.664060249869231,1563,46,13,23,0.1954679335395913,1.9050163115392507,0,0,1,0
0.0021864082458732063,1704,26,28,16,0.21554816439853633,1.4860544876436808,1,0,1,0
2.1980873389473086,26,67,94,1,1.254894871863093,9.593734963083605,1,1,12,1
1.0814539575252458,16,181,92,3,5.509556379379958,9.947315684658147,1,0,11,1
0.11546358001602225,1660,3,11,17,0.035621864163298114,0.8974651949761814,0,0,2,0
0.0515746393341898,1779,44,2,23,0.19493980663004162,0.1770397248251261,1,0,0,0
0.018792238882761266,620,4,27,15,0.1758230212893317,0.33923038895675695,0,0,1,0
0.03658116708739358,578,30,5,11,0.27707569152869144,0.10930616583641695,0,0,1,0
1.7878705654540576,396,2,16,12,0.10490234673704357,0.32280572377213357,0,0,2,0
4.743044310438411,3,198,71,0,8.191329337689822,8.312843555133881,0,0,15,1
0.8517837110792862,970,2,4,9,0.8611002524811471,0.09726072782913531,0,0,0,0
0.3065220603033512,1278,48,16,7,0.210302503007697,0.9114326909750718,0,0,0,0
0.06385481087491485,1145,16,29,17,0.01756545449245376,1.6723724166304226,0,0,1,0
0.1646694390801953,1372,12,27,22,0.6110243168699439,1.710539039344186,1,0,2,0
0.4348829704919095,779,10,25,6,0.05084575652224327,0.729877734370362,0,1,1,0
1.0333276492386647,1172,46,25,8,1.0901228816098756,1.592552678520545,0,0,0,0
0.5,24,90,44,3,0.1,2.1858422238443582,1,1,7,1
0.10101092535198279,187,19,15,16,0.05704638071997621,0.1429110495299004,0,0,2,0
0.46362442632842105,1236,4,16,16,0.17556139000354065,0.3236572067432324,1,0,0,0
0.768597100947232,1652,26,11,6,1.1060348957527644,0.23405354623688912,0,0,0,0
0.03468390182076232,1543,7,10,20,0.9552499571306718,0.931810364008278,0,0,0,0
0.8306640995435144,1739,28,11,17,0.019525262006837744,1.7209005967527546,1,0,2,0
0.29900511568946136,711,47,6,11,0.38964222057749476,0.18585468003100858,1,0,1,0
0.31174758408616093,1480,34,25,12,0.12422306199196625,1.9704942348949426,0,0,0,0
10.73882330484965,11,147,18,4,3.098329907129598,4.127884886114387,0,1,13,1
0.588846020978852,979,45,22,4,0.7995370076126052,0.00698021170380847,0,0,0,0
0.8041776604383907,735,6,15,2,0.38363057696817826,0.6371365274319627,0,0,2,0
0.22171023114855304,1673,21,17,5,1.335272412094259,1.3194298662296173,1,0,0,0
0.280134292231736,1075,16,1,8,0.179581828830517,1.5483442905799907,1,0,2,0
4.068410895109164,27,121,16,4,0.44102837949614726,4.433233242661378,1,0,4,1
0.5,17,181,44,0,0.2650756600483176,2.2759513907255586,1,1,8,1
0.3468788397927939,1391,12,22,7,0.5513917874368662,0.5530872557919482,1,0,1,0
1.014252463859662,1189,48,5,6,0.623302865724054,0.12233869877689774,0,0,2,0
0.5,14,142,85,0,11.746400971030537,6.9859628246804055,1,0,9,1
0.706023680085109,903,49,15,17,0.24610791438442778,0.3568740124815526,1,0,2,0
1.3743906233306122,1580,14,18,7,0.18859283742391034,1.7505568995818337,0,0,2,0
0.11344625945431872,254,12,29,23,0.3496973526491135,1.131657793635594,0,0,1,0
0.036533083946197066,1081,37,13,10,0.25854886786962983,1.574815851760816,0,0,0,0
0.06780908281102242,1330,30,9,21,0.3701036837637035,1.3789798434250455,0,0,0,0
0.8494848005046627,1285,21,9,11,0.14544831454346815,0.4652339889544512,0,0,1,0
0.27013666045933565,1382,27,25,11,0.14579718339694553,1.2136451797713934,0,0,1,0
0.11178420896390073,1786,7,27,16,0.2450219512354361,1.4790109080509197,0,0,1,0
0.5272590817927142,1373,41,18,4,0.2529906556286339,0.655467609679778,0,0,2,0
0.5528992971855141,261,30,6,4,0.1459548481681629,0.2386344674230101,0,0,0,0
0.009657146158574832,1296,47,14,20,0.5165882097638058,0.3126959395011124,1,1,1,0
0.4494523097197393,290,20,13,12,0.17460274253947583,0.9421975104858649,1,0,0,0
1.012399512678854,822,4,27,6,0.5541160780689984,0.42057940356877466,0,0,0,0
1.0340673492440453,1348,29,5,19,0.06159052364544787,0.11088808046385012,0,0,0,0
7.226104999628955,14,111,61,3,0.4574679798778585,7.336936108780608,1,0,11,1
1.8899315562811143,1558,22,4,17,0.5878228185942568,0.5482746272857064,0,0,2,0
0.0714631942376169,1188,27,10,18,0.18934840788863536,0.9283694521347801,0,0,1,0
0.060126262577771254,754,31,29,10,0.26599480531982894,0.10490967624772574,1,0,1,0
0.24550068131504074,821,10,6,7,0.5720060429962581,0.292128229871105,1,0,2,0
0.35150932302417465,1558,44,7,20,1.6509037738566936,0.21567333965048374,1,0,1,0
1.7220390602646056,182,4,15,4,0.6585353404293987,1.888685755566482,0,0,2,0
0.0019188224242571057,154,32,7,9,0.7521256477490341,1.6926865763181638,0,0,1,0
0.3660290274007968,1550,47,10,18,0.41920571087059016,0.5279974437077777,1,1,1,0
1.362364461500059,890,5,29,17,0.10972561073042103,1.3154762615481397,1,0,0,0
1.7032774185598947,19,37,57,4,0.6966458460095327,2.9404699271702484,1,1,17,1
0.22206782024312566,858,45,23,2,0.5107430224566546,0.3057706597286258,1,0,0,0
0.68762705497254,1147,29,1,18,0.9090480619460953,1.939160708093639,1,0,1,0
0.5658970922056745,1453,14,13,19,0.16199276155329628,1.5704632116846173,0,0,1,0
2.3285024450701153,1607,34,20,15,0.02360840807994426,0.8413662482128075,1,0,1,0
4.339434397979428,4,199,95,0,6.643583719347398,8.585113340323806,1,1,7,1
0.26383652970326654,313,38,6,1,0.27144204363080887,0.10547579257814355,0,0,1,0
0.2714365380121185,728,33,25,22,0.42015525208074034,1.0879358692470018,0,0,0,0
3.9005123550453353,2,169,12,4,1.0024193570930737,6.074963948984501,1,1,17,1
0.040527224443641235,1693,17,13,21,0.23789399530266664,1.2802698470836706,0,0,2,0
5.306639427998352,10,170,25,0,3.087626002922361,4.301846273326349,1,1,9,1
0.4959350950740395,1033,31,15,21,0.10021805733925881,1.4322417803731962,0,0,2,0
0.2998161262174139,1228,20,8,20,0.25749929275216826,0.862833452416133,1,0,1,0
0.8712940822795139,8,182,24,3,3.653028571082296,3.967449350327664,1,0,3,1
0.026328084487687507,194,47,12,19,0.8630383049361021,1.3002230608803227,0,0,2,0
0.9120936140244281,23,156,13,4,0.40179740959088545,5.987904203161855,1,1,14,1
0.18433914961179781,298,48,8,10,0.17955393463786776,0.15514402088341916,0,0,0,0
0.43354743934634965,474,39,2,17,0.13387569610868363,0.6788082803644617,1,0,1,0
0.4241963392764252,587,38,16,14,0.15148738563958597,1.548819578536024,1,0,1,0
0.011814538540600281,369,39,1,17,0.4838984873857527,0.8453496419232189,0,1,1,0
0.020305345577177628,130,8,14,1,0.6037436166497022,0.2742473233184133,1,0,0,0
0.3831925226324291,1053,13,3,2,0.21516705940869674,0.5735379211310518,0,0,2,0
2.276697473765009,10,126,24,1,2.984900889960903,4.383046048869467,1,1,19,1
1.1346655886266177,3,106,56,0,1.0315363331175018,9.906707865230512,1,0,4,1
0.3213922972064462,1548,32,16,12,0.6386734810124077,1.4292585783726797,0,0,0,0
0.13821034483086925,87,23,4,22,0.016472889896635014,1.2562541723465683,0,0,2,0
0.31052765093671947,928,40,7,18,0.23555271946955544,1.7313477647088893,1,0,2,0
1.7051328380736228,24,113,83,1,0.7527429052688703,3.9699079005489786,1,0,8,1
0.5828458149621231,1301,45,21,16,0.29891761439117054,0.12673479291502865,0,0,2,0
0.13600060034847197,1341,4,19,4,0.32156908079262503,1.986705647102306,1,0,0,0
0.14233064613703175,1765,30,26,2,0.3876685115797742,0.7033121116903591,1,0,0,0
1.3158299296483662,11,133,50,4,0.1,4.416411142085602,0,1,9,1
0.42401938106126796,652,10,4,18,0.018739150975154936,1.348708974815288,0,0,0,0
0.37893881017541126,101,40,29,24,0.9781678603949854,1.3593445340820087,0,1,1,0
0.6624138874764507,356,43,29,14,0.3182155060426062,1.8473459839785946,0,0,2,0
0.4681258338158763,1069,11,19,15,0.2590175947348412,0.07385073769226169,0,0,0,0
0.6821532729895246,514,46,15,3,0.21431167775073515,1.8337973932365694,0,0,0,0
0.11674330882286578,143,27,28,7,0.11245520543207227,0.9596772978019468,0,0,0,0
0.16741576163774036,347,34,4,7,0.4702722786036542,1.4843468084710878,1,1,2,0
0.41437849664063586,105,22,16,20,0.1535158002201136,1.321124100919212,0,0,1,0
0.30199211506982304,1456,39,10,3,0.0048665625158225995,0.23029942233182354,0,0,1,0
1.6549468924924888,389,28,23,17,0.16825162022181753,1.4526843896966728,1,1,1,0
1.3179176598869689,26,72,91,2,4.8221439868721045,6.855011879399902,1,0,6,1
6.158402788558034,12,40,40,2,7.931033924194787,5.337563414000503,0,1,3,1
0.8115083575917926,1653,41,6,7,0.43568568902526306,0.20181667529178782,0,0,2,0
1.3086545485792862,1251,48,26,5,1.5481828199013774,1.7952700214883146,1,0,1,0
0.2460651458971093,490,30,4,10,0.13486308325638777,0.34923170001479287,1,0,0,0
1.0148427523649552,1009,12,4,18,0.08663446721064863,0.2787563723830777,0,0,0,0
0.7180146887064508,763,11,19,12,0.2786280372010765,1.4817283863286184,1,0,1,0
0.46217791135539465,894,30,24,24,0.48552337556656877,0.8517594818881165,0,0,1,0
0.21907521936821517,1588,10,9,3,0.2670046284485245,0.4380451969245205,0,0,0,0
0.813809942226804,1658,9,27,11,0.24550542091219338,1.7835322826686515,1,1,0,0
0.3326412744497058,1238,26,6,5,1.385110550305688,0.9383115611419541,0,0,1,0
0.6821084436121039,1277,10,18,10,0.26663002511998063,0.10763999425516624,0,0,1,0
0.3361360547368181,1770,38,21,23,0.2941631567682229,0.5841024588339558,0,0,2,0
0.5949506190583871,1344,2,13,10,0.08300051284907786,1.5832815551194668,0,0,2,0
0.001963035947571443,1375,18,20,13,0.1939719526713618,0.05233627667586749,0,0,2,0
0.36452173440501995,251,23,10,23,0.3017317840311282,0.8887713756798874,0,0,1,0
0.11244698043996372,359,5,12,22,0.05883337981638296,0.26921006903767286,0,0,2,0
0.05161615804331191,1136,45,13,18,0.16546525513102125,1.5934109974735946,0,0,1,0
1.5409898792397994,1172,33,16,3,0.27823000933117475,0.696020103688491,0,0,2,0
0.5,15,42,70,0,4.80434182721946,5.625525300787318,1,0,6,1
0.2959631836093573,1451,14,5,24,0.33435191143941134,0.2694082621837903,1,0,1,0
0.2562220720053864,1325,11,8,20,0.4338411741442156,0.9971651128691656,1,0,0,0
0.2097245267582794,150,34,29,24,0.03590963439344515,0.8194351824112045,1,0,2,0
0.364864637786035,468,25,2,15,0.16474488507692508,0.3240523228356844,0,0,2,0
1.8461861677175133,1524,21,5,10,0.014306503171224115,0.435215440278496,0,0,0,0
0.06290556238939529,1392,2,10,18,0.7606619246975189,1.12463439929009,0,0,0,0
2.8043156160238523,1133,2,23,18,0.0785124231590878,1.299187568266887,0,0,1,0
0.4284228362270056,1552,33,8,2,0.08222087290098143,0.8637863241204555,0,0,2,0
5.518944291681832,1,97,12,0,2.665395636618591,9.41048726375551,1,1,4,1
5.234673319559317,28,190,60,0,1.88289683139493,7.167087274888529,1,0,16,1
0.5,13,103,29,2,0.7536356074145506,6.793706337179321,1,0,4,1
0.27035641137150757,931,37,11,21,0.28766499986416777,0.659028439716935,1,0,2,0
0.8618010102351032,1365,16,23,11,0.11564344036722113,1.604197309204218,0,0,0,0
0.785568413893404,594,48,14,3,0.3287895479605015,0.5626259601011163,0,0,1,0
5.42330625456426,2,58,26,4,9.616592252124367,7.252584103991786,0,0,11,1
0.3395797052316041,1187,11,9,8,0.03059154684581696,0.4771416512219324,0,0,2,0
0.3635571794975433,814,23,26,10,0.07824023031013565,0.8797890396026957,1,0,1,0
0.7424458453535825,1500,39,19,4,0.0468261340306626,0.6694089725415633,0,0,1,0
0.13349878350048963,577,16,16,3,0.215916227515635,1.757788031848573,0,0,0,0
1.6764232206039815,1484,47,10,4,0.11310348064159109,1.9422760905777214,0,0,2,0
0.5,3,149,68,0,1.950568154737604,4.381264004768704,1,1,15,1
0.49352955596129344,635,30,5,15,0.3899352826706303,1.236956588513873,1,0,2,0
9.543357671160633,4,93,90,0,2.225868730246144,2.0798152798752376,1,0,8,1
4.6262124272729785,26,132,58,2,2.664216130022311,7.2732743245736895,0,1,12,1
0.5565774843475207,932,44,16,17,0.5895772156555307,1.628365292968942,0,0,1,0
0.3428462706605279,124,12,11,2,0.6596219887661431,1.1108475068442143,0,0,0,0
0.6626182075512601,3,144,90,1,1.6025691519524756,6.7704597508130675,1,1,18,1
0.2642391884919933,1716,12,22,4,0.1982773980661073,0.48950489795482444,1,1,2,0
9.139264657953508,6,26,72,0,2.4312169469586484,8.901090396481141,1,1,14,1
0.24491904824707109,1702,26,7,11,0.06871477373726781,0.10954335840842244,1,1,1,0
1.1060399499715123,1472,49,9,18,0.04941154287616301,1.6748752456434268,0,0,0,0
3.473334866619955,1,181,39,0,0.7716924012584765,8.268094396215691,1,1,7,1
1.0583925255399171,201,35,10,11,0.3105892322067776,1.6859294755602365,0,0,0,0
0.3207251660471856,514,48,13,1,0.44122940861368476,1.7159988623608429,0,1,2,0
0.15617595662731285,1251,34,9,24,0.24616728178160596,1.6993322176106196,0,0,0,0
0.4131071300719805,762,42,16,24,0.2623271169980818,1.588663647640078,0,0,1,0
0.07111258136008386,280,13,4,12,0.6957901318136895,1.779058469965762,1,0,2,0
0.0729442009637046,800,30,6,24,0.07049395855319819,0.16712613242158447,0,0,0,0
0.12945038030036332,990,39,22,5,1.8340497867335601,1.5631361390965126,0,0,1,0
0.7971453662318263,1102,2,28,20,0.09439547618214333,0.8921176633389187,0,0,1,0
0.2631241279700745,221,34,28,3,0.1995979818608623,1.2517116678715665,1,0,1,0
1.4854886334318373,18,186,87,4,0.9449944137343679,3.495947614954212,1,0,8,1
0.6135479536935223,806,33,27,19,0.17192271254972735,1.5444129033831266,1,0,0,0
1.480691883449632,11,90,64,2,1.1936646583119452,8.530109097263008,1,1,14,1
0.5,4,111,23,3,1.436908920685454,2.0709077005831924,1,1,11,1
0.3314994092074675,1480,5,8,9,0.7930408660448861,1.0191463816520825,0,0,2,0
0.7264648628462066,590,37,13,16,0.05052284677838864,1.5070463073924987,0,0,0,0
1.3760970272244544,538,22,16,7,0.25885324034586954,0.9137490439820874,0,0,0,0
0.5532238906868931,1149,37,13,9,0.09427253308317977,1.1087880572929478,0,1,0,0
0.10479149005129432,172,7,15,8,0.4315882710032353,1.1662005307503052,0,0,1,0
0.6173200020306195,490,19,1,14,0.0016486575622568483,1.7370082339137263,0,0,0,0
0.1845419867502144,298,23,26,12,0.04798352553714119,1.0652223839394894,0,0,2,0
1.3171292324686197,10,174,59,0,5.623139936370647,8.55112237491355,1,0,16,1
0.07183609745364809,1539,1,17,20,0.015573242121245735,0.22985868308737434,1,0,0,0
0.3235489429947621,884,31,10,1,0.21413363547638378,0.803282817930415,1,0,1,0
0.22071661895862887,1623,40,15,1,0.4497350621581571,1.127648292548718,0,0,0,0
0.3471775260262578,137,41,23,19,0.2791837679258633,0.1983004162889428,1,0,1,0
0.672517159096781,419,15,28,22,0.13801709187318878,0.8293174852890426,0,0,0,0
0.8301667490193986,848,33,26,22,0.3534488296932252,1.374009696177366,0,0,1,0
0.5,19,22,75,3,0.8531335786240207,4.6269040265401316,1,1,7,1
0.9730824902566811,109,25,7,3,0.647286267291415,1.4981672826719326,0,0,0,0
0.36269254399420303,778,39,28,18,0.3287079844504761,1.6604337659010546,0,0,1,0
0.07013338980506838,1242,28,27,23,0.9834885143102293,0.1523355384015781,1,0,2,0
4.680541025697297,0,124,12,0,2.20445942348575,4.703495727469646,1,1,10,1
0.5,21,43,43,4,4.4525167964577195,8.84146592128032,1,0,19,1
0.3310030661636592,1328,6,2,1,0.06919932424340572,1.6504543159306597,0,0,2,0
0.3454629781045037,336,38,3,12,0.5234444544255649,0.777794405580343,1,0,0,0
0.27593725196141056,184,19,2,16,0.2363942598599953,0.24564049614859806,0,0,2,0
0.11915704709007788,782,28,14,21,0.010167065904641935,1.3340157805088315,0,0,1,0
3.455932719725257,16,139,38,3,0.6800879931212102,9.583322960651897,1,0,14,1
0.14798584458301167,1003,30,26,22,0.11108539416210138,0.946521350206315,1,0,2,0
0.5,11,83,22,2,1.6253297582085315,7.9820700560336775,1,0,11,1
1.535579410874071,839,4,1,9,0.27377912552932177,0.9683765521423295,1,0,1,0
0.336304237657266,102,47,25,3,0.07135498990889792,1.2865758743197466,0,0,2,0
0.1343860227323681,432,32,14,20,0.030358266696824943,1.165477862829572,0,0,0,0
1.1952171773750186,304,7,28,3,0.050672634028103625,1.7598364946534235,0,0,0,0
2.1203731384357645,6,157,63,2,0.591569479261588,7.718875512297587,1,1,7,1
0.8369184111100193,1550,44,4,11,0.16628631339522518,1.363034156721832,1,0,1,0
0.2073413745732168,1295,5,1,16,1.1118546149658068,0.5337392949255104,0,0,0,0
0.5658750875488164,867,31,5,23,0.44080659562312996,1.7955204472339337,0,0,0,0
0.015283148986313605,1622,42,24,18,0.09361556058554063,0.6164498028062215,0,1,0,0
0.7058138618893652,842,7,10,4,0.0389365653146633,1.7218391563933741,0,0,0,0
0.39554344949288217,1498,4,7,23,0.23791058101636395,0.6418073346165296,0,0,0,0
0.24973445263356514,266,13,28,23,0.09457565176269508,0.14045491518616804,1,0,1,0
0.43347826472028494,249,13,14,23,0.12331095789233093,0.4829434888288049,0,0,0,0
0.8852195962111801,323,17,3,10,1.0629417926911449,1.3466863342945596,0,0,1,0
0.20285694829508435,311,1,13,7,0.03168347602213646,0.8617752371042906,1,0,0,0
0.04613135107966414,1472,5,23,9,0.27988887536022505,1.6988406876652595,0,0,0,0
0.1423847875510038,442,45,5,18,0.09995901993026968,1.3125398994540585,0,0,0,0
0.16559379870472246,746,49,7,12,0.20934831756337574,0.8959899431736804,1,1,0,0
0.10690187086828234,275,30,3,18,0.027043348046135025,1.4163433017393656,0,0,0,0
0.5240244491350255,1434,40,19,5,0.16451004664548408,0.26665483869329565,0,0,1,0
0.700050461802127,858,18,26,14,0.3266655664022853,1.8929292308555605,0,0,1,0
0.28504986938955607,698,22,5,24,0.06500938861616418,1.4267976935316962,0,0,0,0
8.288809476407964,11,133,19,0,0.7621280262717168,5.089989076045262,1,1,5,1
11.751982263364543,1,25,91,2,9.058094185054728,3.537255723023409,0,0,11,1
0.534656949691592,369,8,4,4,0.008657986751573964,1.0951185055557673,0,0,1,0
0.1649815586056245,1440,27,26,10,0.002975893113789813,0.36684370473946104,1,0,2,0
0.20855219588895035,1337,24,4,6,1.3883358835540742,0.06616926891098363,0,0,2,0
1.3879339695344692,451,36,25,22,0.12769194499332612,1.800116315346273,1,1,0,0
0.8789144896795797,1713,10,6,5,0.32556297745343643,1.79418152150559,0,1,2,0
0.28411459213976,1752,25,20,15,0.39158650658003635,1.6724937259999602,1,0,1,0
0.6413957389264605,693,8,28,10,0.9253954249869702,1.55794163803368,0,0,2,0
0.14033045399007468,856,3,11,24,0.22072135050042851,1.3757534839447803,0,0,0,0
7.745913176029674,23,38,15,0,4.083124390591478,3.484987135783836,1,1,18,1
0.022948968102495335,1429,2,20,10,0.217922785333259,1.4257676945555078,1,0,2,0
0.07590996096569352,1669,42,28,22,0.7033263965426356,0.307981092628671,1,0,2,0
0.5052187437461948,1273,16,24,9,0.03927597932795416,0.10851273096315284,1,0,2,0
0.1523756701089296,1662,7,20,24,0.1518828919131823,1.496681829291067,1,0,0,0
0.4555272061916375,1004,22,23,5,0.0058378688600498226,0.7493760414537893,1,0,0,0
0.5616363904695658,1111,14,23,14,0.48186907815204877,0.89288537194563,0,0,0,0
0.29270934617233935,69,10,24,12,0.17160335287834239,1.7205247332395466,0,0,0,0
0.06403548132678573,1239,22,15,21,0.13488586898221014,1.1450242660833676,0,0,1,0
0.13556543794021753,97,16,12,6,0.9493429824082112,1.153863175614104,0,0,2,0
0.2126828747189617,1046,5,28,21,0.32783095479981655,1.4366112424985185,1,0,1,0
0.693102779435605,1416,2,2,23,0.051030252118409294,0.6407560883276759,0,0,1,0
0.0710529710953729,155,14,16,6,0.07600620191645217,1.000840586410369,0,0,1,0
0.31277822441201364,1298,48,20,18,0.13614542903758384,0.6627222144938512,0,0,2,0
1.895748184090207,363,20,20,20,0.012199276323858805,0.9756387056919105,1,0,1,0
1.1895993714622866,0,51,86,0,2.3209130199719357,2.6220734239537986,1,0,4,1
0.13709998438399396,1309,17,23,20,0.3564546520389482,0.4741911167929991,0,0,1,0
0.26432399918123467,811,34,5,20,2.168851259038029,0.3884833467974227,1,0,0,0
0.08501597712233924,1406,30,1,18,0.22760970606368633,1.891754781414133,1,0,1,0
0.20933729677254637,192,12,26,15,0.1564921098792188,1.7603803886721494,0,0,1,0
0.7715400534056185,554,5,11,21,0.5320389441174364,1.5459169838223632,0,0,0,0
3.379266444763595,17,147,58,1,0.6100892942072002,7.134425085545697,0,1,6,1
0.373901949397265,735,25,8,11,1.221676808241761,1.9717817023846658,1,0,1,0
0.5250431527527485,1005,18,9,7,0.6398639708455824,1.9142299526711821,1,0,0,0
0.830789704168021,1022,15,10,13,0.12141434042565646,1.3965247441276356,0,0,2,0
1.8285827271425898,1777,30,12,6,0.42963370122052363,1.3190225446889945,0,0,0,0
0.7392321860913893,1068,29,3,10,0.3301796615027745,1.659549282848186,0,0,2,0
11.130212074548744,2,143,67,1,0.7050548186169702,4.755046724727936,1,0,14,1
0.5468671147037563,1251,33,13,12,0.3667511314525986,0.3439448219509431,1,0,0,0
0.3275867264315258,1344,24,16,8,0.14216702488408714,0.7406884042953723,1,0,2,0
1.4415777731750818,1420,44,13,22,0.5449279031580053,1.4670897942981191,0,0,0,0
0.39699173850084724,1442,22,2,6,0.21093431974745555,1.9816782543517584,0,0,0,0
0.457345662107091,1114,41,18,8,0.3600883373336802,0.07984941408632107,0,0,1,0
0.30748788996596454,1398,34,26,3,0.8026650051521511,1.1333840488825135,1,1,1,0
0.07175949691092814,554,33,7,11,0.49128424213720134,1.7291316325197508,0,0,0,0
3.2180965220231195,3,80,43,0,0.8504790606334534,9.912748359867951,1,1,12,1
0.5673788183406286,68,20,26,6,0.17648420270797,0.7211940663051504,0,0,2,0
0.3027363692319362,1567,25,28,1,0.6045487056693675,1.9068147811864438,0,0,2,0
0.7337368792060442,1682,7,4,3,0.14287564285250487,1.5182754936051814,0,0,1,0
0.7067920140598498,243,14,14,15,0.2001050992929813,0.30898900066763013,0,0,1,0
0.7897821368013676,1781,36,1,1,0.016398373413284588,0.7336070774740473,0,1,1,0
0.6347819933193434,535,17,16,22,0.3821820675394112,1.344601277355055,0,0,2,0
1.034064296393138,20,166,95,2,10.755679149229305,5.627902164458013,1,1,10,1
0.2324000315796827,1107,14,6,6,0.023408579332995325,1.120561698133403,0,0,0,0
0.7526432533147345,1746,23,2,17,0.5317840506910139,0.5584176754945989,0,0,1,0
0.5,1,182,12,0,0.5681890091373608,3.2752618592699765,1,1,16,1
0.48130212503206427,126,10,28,17,0.02503095696975373,0.985255064600959,0,0,0,0
1.5209936497561711,1490,20,23,7,0.9158171150380208,0.09040332795453998,0,0,2,0
0.9166285911198181,321,24,8,6,0.9643869831917379,1.4451636616729682,0,0,0,0
0.013740407330152611,657,21,6,15,0.5913850279636125,0.4240084183095192,1,0,1,0
0.7251773494836926,1605,1,8,23,0.8844830725107453,1.5478973378618661,0,0,0,0
0.7357244612919284,410,17,5,23,1.1491278239897393,1.95306692105358,1,0,2,0
1.1411717525227878,1605,23,12,20,0.5345497458776939,0.8301875396680396,0,0,2,0
0.1898517694197366,1481,11,10,2,0.17340508963754053,1.2056316440102595,0,0,0,0
0.07612331381052286,1002,47,17,19,0.06230411490572514,1.7204447301179473,0,0,1,0
0.46290893221790086,1667,45,11,22,0.025124623685741466,1.314088548145402,1,1,1,0
1.4425996754334018,29,60,68,0,0.47978145283402096,4.872512816834987,1,0,11,1
4.414370582035074,6,43,48,4,0.1,8.992244003636252,0,1,10,1
0.2859864247151016,1298,41,12,15,0.3189833662303137,1.264510181771142,0,0,2,0
0.7503174898759635,19,119,77,4,0.5456688539591513,8.390057110057255,1,1,12,1
1.1814297724348775,1790,23,17,4,0.11214377701876571,1.050010344124872,0,0,2,0
0.585599379234129,338,41,29,13,0.05803250537944365,0.46444922884463913,0,0,1,0
0.9473860073546229,73,21,7,22,0.05263808698616972,1.8568215480765526,0,0,1,0
3.6484709556738366,21,74,35,1,1.8787309161441703,8.71628133872402,1,1,15,1
2.027150886616613,285,36,13,23,0.10286002254090665,0.03415064604861984,1,0,0,0
0.3930095440814525,821,6,6,3,1.0795376668394803,0.9055467757060798,1,1,1,0
0.47781331537333294,438,3,1,21,0.6918244043608974,1.6608738327231665,1,0,0,0
0.3127531610066969,1302,16,9,24,2.030206888901529,0.8937311484771462,0,0,0,0
0.6287969504673017,1281,15,27,23,0.729675210658759,0.3833537126923181,0,0,0,0
0.26215849686798487,872,8,29,16,0.5283086900206998,0.21578904298863222,1,1,1,0
0.008854116353232501,317,16,18,22,0.2771238170554832,1.8310439899859694,0,0,2,0
0.38014685153209693,251,43,1,21,0.06751546147291006,0.8332324340346542,0,0,2,0
0.3551253428969825,904,7,5,9,1.5229267686437764,1.2162384700061377,0,0,0,0
0.3089255569982458,571,18,23,13,0.9095479635280276,1.0946521546067356,1,0,1,0
0.13756827230918525,76,36,17,8,0.20050276561232702,0.7331690709513949,0,0,0,0
1.256199771637116,1445,11,17,21,0.9215910993547172,1.9276259876803348,0,0,0,0
1.3432515037733244,12,111,83,2,0.1,8.803154480337506,1,1,14,1
1.1154031145986536,1610,17,25,18,0.3645858917418203,0.36327777975594877,0,0,0,0
0.1109422589643863,1111,47,15,5,0.28186625003249494,0.9798472275391887,1,0,1,0
0.7038007175778694,312,22,18,1,0.2594290162319463,1.5619312864853379,0,0,1,0
0.5311527239748333,172,46,7,6,0.08287503581829386,0.6095842682959156,0,0,2,0
1.6210741057540956,1527,17,18,2,0.6962241270713717,1.8998058319220885,1,0,0,0
1.5000961816045122,23,100,67,3,1.7642811799645444,3.7845470492345488,1,1,7,1
0.35894736616271417,1247,4,1,23,0.06622221027940638,0.6934790816055831,0,0,2,0
0.05449744983834416,252,44,13,10,0.16709876816903477,0.06546842457034141,0,0,2,0
0.10593280914634784,878,38,14,16,0.34059194685146804,1.9347126693044159,0,0,1,0
0.07025202931786678,1283,16,16,6,1.1526467280731811,1.0768835639936214,0,0,2,0
1.8134743867385816,16,178,90,1,1.0628055391657019,7.937383621185174,1,0,3,1
1.6947475271097956,1616,43,12,8,0.13294946037554703,0.5789134096783999,1,0,0,0
0.047551586127240086,998,39,21,3,0.127183629388875,1.5220576466816338,0,1,0,0
2.1082408530604195,0,92,39,1,0.8682583758436047,2.1517633966694465,1,1,15,1
0.8655578224046573,4,164,34,4,0.3998824015669459,8.37402718853533,0,0,13,1
0.8519148633194725,1790,41,18,20,0.04510480837274654,1.2643855624813312,1,0,1,0
0.8328327133928746,1445,12,13,1,0.04146045564738938,1.619077212038396,1,0,0,0
0.09208382334480893,331,25,2,4,0.010115236125087194,1.5523839433726114,1,0,1,0
0.4318014238904101,366,30,22,18,0.49787747087906925,0.5645435719254963,0,1,0,0
0.1236279488872579,1368,49,8,22,0.534188192017924,0.8554277234275378,1,0,1,0
0.8004700536592351,1071,2,29,13,0.08008335061674392,0.1682635759420501,0,0,1,0
0.21305324297924763,232,42,2,7,0.6829240268398037,0.297559471044613,0,0,1,0
0.3980691687934356,1490,40,5,22,0.3600755661442384,0.6637664758406892,1,0,1,0
0.6513237051081964,1454,16,4,9,0.5761802725001252,1.0573866487028651,0,0,1,0
0.0065477937757041724,190,48,8,19,0.9901238864181812,1.7884177536821604,0,0,0,0
0.8968305238542267,74,18,25,23,0.48047856203100764,1.7744219860833936,0,0,1,0
3.1728196968249507,4,101,65,0,1.6763430594521391,9.247595833790708,0,1,8,1
0.47836121645656726,798,21,29,21,0.004525715276656734,0.34956588492861007,1,0,0,0
1.0197119656134317,842,28,7,7,0.19414549653161536,1.0183147630824705,0,0,2,0
0.2616244717754497,639,11,24,24,0.001188547899833933,0.04571153900758307,0,0,1,0
0.13396017973610633,1720,3,16,16,0.5639118032087177,0.16065660836192874,0,0,0,0
0.29019809744493597,1143,32,18,9,0.058592773124388334,1.645909750812918,1,0,0,0
0.47267215900153636,914,11,1,18,0.26785476373224243,1.1672769590352934,1,0,0,0
0.1928750395181092,345,47,15,11,0.2633000217000534,1.9493366148152556,0,0,0,0
1.1046156976364958,1741,6,9,8,0.2225030276276693,0.16010053050596618,0,0,2,0
0.7369449833606823,1063,7,29,5,0.36457603366384944,1.3315756380647068,1,0,2,0
0.6550774171064458,903,37,26,23,0.06473367825673473,1.2278492559669605,1,0,2,0
0.10205814740946557,1100,34,26,12,0.4851310509504906,1.0308936142922274,1,0,0,0
0.5914613885831744,1444,19,19,20,0.5476155327345973,1.5105923055041026,0,0,2,0
0.9341184497486841,791,35,8,24,0.2904001101060526,0.7721353667207498,0,0,0,0
4.311605870663957,1,87,12,2,10.907516812581289,4.110578829174233,1,1,13,1
0.05565882570548336,1284,16,5,21,0.5598438276240865,1.0138399191314418,1,0,1,0
0.49343493125434806,221,48,25,4,0.5881221090744337,1.8647075886499744,0,0,0,0
0.5598308894423861,188,2,7,24,0.12388119820727411,0.3581784834753867,1,0,1,0
2.839017526207498,4,152,98,4,2.3548279292716643,6.274373067766249,1,1,15,1
0.12075867274857759,1067,21,1,22,0.07056693800721775,1.8533775771574947,0,0,1,0
0.636477128345197,614,46,7,22,0.8180687255193565,1.0219720147848363,1,1,0,0
1.3853996940037163,1217,34,16,9,0.21835353409377564,0.5917801188759897,0,0,1,0
0.3329349595318489,496,4,17,6,0.5209010277934979,1.876904167561186,0,0,1,0
0.22318297935387854,1404,9,14,17,0.29829492410162156,1.0337737738407136,1,0,1,0
2.694944054430042,211,39,5,4,0.07341554770164169,1.576077948895628,1,0,0,0
0.7611253765342133,297,23,7,11,0.450938421284922,1.9222087978275335,1,0,1,0
0.30462044288539464,1213,40,6,5,0.0780705640118903,1.2958477371187977,0,0,1,0
0.45879185925267346,521,2,6,7,0.10482999623974339,1.0623595552665932,0,0,2,0
1.0979790492400168,295,41,18,21,0.004849244497014495,1.0604373857344833,0,0,1,0
0.6733524748315729,1591,20,8,15,0.22210771819751896,1.8275997370340362,0,0,1,0
0.6979189368315386,586,4,29,22,0.6162308977029575,1.2084587922990397,0,1,2,0
1.1247697451448717,1547,4,10,21,0.054463267950041416,1.860820805259054,1,0,0,0
0.5,15,158,62,0,2.1265530943492736,4.358803695387819,0,1,6,1
0.1935649001942868,204,32,5,5,0.040196194803748315,0.5365981082016049,1,0,1,0
3.6695002834376664,1056,15,28,24,0.1887677993962042,1.801852829689177,0,0,1,0
0.8930608209483182,245,19,3,14,0.41076581779175875,1.9028844494890054,0,0,1,0
0.5901300897531497,612,46,21,7,0.19996600248661328,0.8571718922837188,1,1,1,0
0.6460858808065867,553,39,4,7,0.17665582025478593,0.5113702336132768,0,1,2,0
0.03282195121597226,803,8,5,16,0.15940804954316776,0.6220662156020076,0,0,0,0
0.011185973867236932,1259,34,4,4,0.052924860265525175,0.5004014355588717,0,0,1,0
0.6686215277675606,1232,28,5,10,1.432766788818301,1.2588873339633075,0,0,1,0
0.04726287888201146,1381,21,2,23,0.31495996296171846,0.16878726602376215,0,0,2,0
0.012244595635265159,1100,10,24,24,0.13943954551004753,0.4972416435739955,1,0,1,0
0.1764035057938895,1612,10,11,21,0.62383438656618,1.4474748898570997,0,0,2,0
0.24495830598328183,1461,5,17,1,0.36389754856140955,1.1117357353574573,0,0,2,0
0.03572545375426614,354,10,5,15,0.14002298724107975,0.8246424226484694,0,1,2,0
2.4519091152837706,1389,48,16,15,0.003602306595125235,0.2595705547294782,0,0,2,0
1.268191650907132,776,40,23,17,1.0074807362326785,0.7739464896363677,0,0,1,0
0.5554421087100344,884,18,12,7,0.44275280571447057,1.2361682342226816,0,0,1,0
0.2139286715466708,1034,30,21,7,0.6775784336335271,1.4719464021041413,0,0,2,0
0.1507464066486351,1190,3,4,18,0.4825523703567662,1.6288902845921127,0,1,2,0
0.22547934281565507,688,30,4,14,0.056548552049311335,0.9277546335406393,0,0,2,0
0.4358039330275023,172,48,24,16,0.8407833737988656,1.8358853037399818,0,0,0,0
0.07719482661154764,909,25,13,6,0.7749947008821871,1.0462070094532188,0,0,1,0
0.22017887633851244,552,35,2,3,0.14428589498500194,0.955956292708108,0,0,2,0
0.061253953466428486,427,41,12,16,0.7267489240197358,1.67502829852548,1,0,1,0
0.024051521909374485,506,24,22,24,0.2464146606562629,0.4593910256104561,1,0,0,0
0.041368400090274746,1407,38,28,10,1.3380692797856568,1.5455756117429214,0,0,1,0
0.6689088879868328,312,49,12,1,0.4909402866685868,1.8939113933599954,1,0,2,0
0.09252367203279044,1600,25,7,3,0.021855674965875403,0.35692057970717084,0,1,2,0
0.5121684365473224,309,22,24,23,0.5556265736273144,0.22057684029288738,1,0,1,0
0.6265597495877008,1202,20,18,8,0.5854363263345118,1.628964098698703,0,0,1,0
0.038464632756898175,609,41,27,12,0.22664897953415744,1.1510630324072797,0,0,0,0
0.7560006380798195,694,27,1,4,0.5471393303065039,1.410077435088988,0,0,1,0
0.27689108059388406,1603,33,25,6,0.3577650186873342,1.7396239381331995,0,0,2,0
0.16716627069951087,1496,22,13,20,0.09250355779492021,1.4275746519862678,1,0,1,0
3.1953380949392676,13,151,12,1,2.193956408415295,5.897417557719807,1,1,16,1
0.2521356397723325,1028,34,19,24,1.438534267352262,1.2273109398773663,0,0,0,0
0.5,18,65,10,0,8.051744253606465,6.573541871105728,0,1,19,1
0.14877561195714273,1038,37,24,2,0.06672186731265364,1.105801651389447,0,0,1,0
0.931726838984011,668,10,12,8,0.6471669365522263,1.3978101555366684,0,0,0,0
0.08697813143735782,960,35,1,22,0.4284637592476293,1.2005757413882572,0,0,0,0
1.1409952473304836,741,1,3,21,0.15626857621802598,1.6695830760330845,1,0,2,0
0.24411451790312494,925,47,16,6,0.8741763533828169,1.5984249633660272,0,0,2,0
0.7911924450988089,1186,13,11,16,0.24118568565435036,0.9829116508931572,1,0,1,0
0.2729071907722059,1254,26,19,6,0.4931708719940957,0.5698544615129415,0,0,0,0
0.5488844425837361,654,10,28,14,1.0144368361687752,0.5839853131190764,0,0,1,0
0.03561585205662998,1246,48,7,13,0.1896487977270657,1.3266721986909638,0,0,0,0
0.16312031639109378,964,8,9,23,0.29837638911499886,1.1291507337942601,0,0,2,0
4.928963481701247,25,95,59,1,1.2713703652273347,3.5298346912461724,1,1,12,1
0.19795417215167818,996,8,15,22,1.3217551531616123,0.30063213824599444,0,1,2,0
0.6408809015329019,1477,9,9,8,0.4487430207198788,1.4713237650990625,0,0,0,0
0.035975680365814916,503,24,11,14,1.303663156478582,0.4641086433814936,0,0,0,0
0.2887246669693436,930,44,7,14,0.08780289154481241,1.6257991385428294,1,0,0,0
0.04417816493337841,527,5,4,18,0.48216211788453384,1.671789995559936,0,0,0,0
0.6959049439136747,805,24,19,4,1.1524377646576782,1.4921851362672733,0,0,2,0
0.19406068427327786,1015,38,23,8,0.16107662741149678,1.382050973374087,0,0,0,0
9.824681736345209,26,96,81,0,2.061931732761662,7.5768649587486765,1,0,11,1
1.0135099625954203,627,7,26,11,0.5607589075536217,0.7089369773885241,0,1,0,0
0.7481962239830868,29,55,93,1,0.20974651307103076,3.3475282845947065,1,0,4,1
0.6558727620964057,937,24,20,15,0.31211907430969565,0.9911380225410984,1,1,1,0
0.025738945354293115,931,14,17,11,0.3363929867022533,0.0300394561480275,0,0,2,0
0.03214826501356328,1535,43,27,21,0.04803437636250262,0.7089445008767084,0,0,0,0
2.672057934381055,19,56,67,0,4.1840209850556125,5.545813435861001,1,0,19,1
0.05971867124054711,1027,24,24,1,0.19333012578739406,0.3425419005074546,0,0,0,0
0.06779635734592118,930,19,9,11,1.0761212352411584,0.991739226165236,0,0,1,0
0.47726535775885887,103,14,22,21,0.05907648763792437,0.579431838368635,1,0,1,0
4.345453839407049,4,135,51,2,0.9000000601181439,8.820145061147564,1,1,18,1
1.8760014794586322,3,95,53,2,1.2447356605209852,2.7103524931454217,1,0,7,1
0.003450862210747384,816,4,12,15,0.03584890469861831,1.9032388198243602,0,0,0,0
0.6561892815365702,679,26,15,23,0.5159092672892748,0.015784452016101902,0,0,1,0
0.08561460252366315,1527,48,10,24,0.5545778090224786,0.7185102534057257,0,0,2,0
0.010578171669846346,245,22,20,12,1.832022280878067,1.7394616634788238,0,0,2,0
0.4495255143393084,67,40,10,5,0.03095872716687891,0.21188477495964841,0,0,2,0
0.80151472442218,1295,8,24,5,0.5405573280942829,0.5132048695519402,0,0,0,0
0.09588209103286864,1643,19,20,22,0.2273279770892077,0.4054405481848129,1,0,2,0
1.1764739090738587,7,46,47,3,1.330992111752041,7.4856942693334,0,1,17,1
0.625195782210051,1688,22,4,6,0.3173061684864915,0.28172987351525824,0,0,2,0
0.04497994544815265,1036,49,10,21,0.17881814864684709,1.83375169516123,1,0,2,0
0.15408007392941558,1361,49,11,19,0.11602111600780991,0.05296015610608662,0,0,1,0
0.8735087184666892,28,135,23,2,6.7964288813423535,3.940005719066976,1,0,19,1
0.7269682452578882,1625,4,8,19,0.009907147227617373,1.2041839450912455,0,0,2,0
5.287478755033517,23,60,63,4,1.1296640833997569,5.118249194608399,1,1,12,1
0.044606718825251565,1592,8,24,13,0.15117591601880673,1.8123319946266603,1,0,2,0
0.8123059321896786,1050,49,9,19,0.5303555307292864,1.1559844129797754,1,0,2,0
0.2084870215114887,1238,36,25,2,0.06197405667500783,0.8610672124679204,0,0,1,0
0.058827952439036255,1771,14,26,11,1.2225047035980892,1.796654646608766,0,0,0,0
0.10324773817931954,314,34,4,3,0.254721037795982,0.6944246991794187,0,0,1,0
0.5005955190522731,14,129,67,1,2.914076429419073,4.478422537298658,1,0,7,1
1.1916874429382611,1254,21,26,20,0.27545773803354257,1.8726363126401693,1,0,2,0
0.19039919135345068,1374,40,8,9,0.011284074998805495,1.7360474420479681,0,0,1,0
2.06558355679231,15,123,45,2,3.7011487895745168,3.695086300519879,1,1,18,1
0.823772255916292,1302,3,19,3,0.20315148305533262,0.20655125878657699,0,0,0,0
0.08479814595730259,305,44,23,14,0.2526373370951418,1.7750845476829895,0,0,0,0
0.04788429631317092,1331,14,13,3,0.05413999113055249,0.3238835093423573,1,0,0,0
0.5,18,199,87,2,4.912273699708445,5.813496235299442,1,1,10,1
0.8295111661685224,1272,37,17,3,0.03092614657390859,1.5996258076694923,1,0,0,0
0.2704420967955709,1703,32,2,24,0.03199764263075646,0.6159979241882043,1,0,2,0
0.8644903569908595,1166,7,21,24,0.9592653344017292,1.946678532393183,1,0,2,0
1.6285443531102188,973,8,29,11,0.04694153107950151,1.5708858685055354,0,0,0,0
0.31834585638603846,315,32,5,5,0.16088371331714021,1.7724627567649522,0,1,1,0
0.24355258936051094,919,9,19,5,0.28727074389992335,1.6948207450136377,0,0,1,0
0.28057539266454246,1491,30,2,22,0.07872317506810508,0.6511451321354349,0,1,2,0
0.13217138537312953,824,1,27,14,0.2625536783040045,1.95567930854084,0,0,1,0
0.8588109391173632,993,24,23,16,0.12875625977329355,0.809883816565601,0,0,1,0
0.3660061610127674,1058,3,2,15,0.22682146436951678,1.1189692755271488,0,0,1,0
0.27763558065834787,137,39,6,3,0.1910061216057613,0.6884917989404797,1,1,2,0
5.899860930332675,29,162,22,0,1.3930430965103904,6.859880309153587,1,0,12,1
0.12842878401807567,623,23,7,18,0.022445992797634137,0.02823726697165596,1,0,1,0
8.440704080791463,6,86,54,4,2.736759880695793,5.054017846241788,1,1,11,1
0.9300954436999046,150,40,13,7,0.11933364855608666,1.046512029791016,1,0,0,0
1.7016131322534824,1726,36,5,14,0.3184883553267355,1.2115179013612083,0,0,2,0
0.03930792672458491,620,43,8,13,0.6867613988659254,0.33750040844615437,1,0,0,0
1.2009520086993215,1554,28,5,20,0.04191838452370976,1.3438053639674699,0,0,1,0
0.1359862865047295,845,28,10,15,0.010976647307072832,1.879001499625026,1,1,0,0
1.1551078785540034,1528,32,16,23,0.07127294879082645,1.7341929831975142,0,0,1,0
0.0895156450596143,377,17,13,11,0.16753487663788066,0.6498549986011544,1,0,0,0
0.4404180324119707,593,7,26,10,0.9475217074352376,0.1340173108570657,0,0,2,0
0.20652278310305275,1753,25,21,20,0.10626468598009237,0.10302298426787071,0,0,1,0
0.4300779513207925,1211,49,13,1,0.5075173094917453,0.3671648874000699,1,1,2,0
0.4755808199875369,61,18,6,16,0.08695678170958919,0.464108172725918,0,0,1,0
0.545012072200989,748,40,19,20,0.3620019867115447,0.020763146605092375,1,0,2,0
0.028775548473995306,581,27,17,19,1.0226895997025476,1.9798878487007185,0,0,0,0
0.13056987900925895,1417,27,6,10,0.2762756428837431,0.7066322416568296,1,0,1,0
1.6994615382776297,1330,8,7,18,0.8179877293157505,0.08969729693979844,1,0,2,0
0.8107452027894015,1138,6,6,9,0.27959330448083064,0.8107449408756706,0,0,1,0
0.2785288463743072,573,34,20,14,0.36044385719184807,1.749172830637876,1,0,1,0
0.20225042135026192,418,4,28,24,0.6635080320061548,1.3052176758487952,0,0,1,0
0.2473437315961957,1651,3,26,2,0.2509998410125864,1.3674889832657096,0,0,0,0
0.09165056756753848,1609,16,28,7,0.3370715586088755,1.4579765902910744,0,0,0,0
0.15007760910029716,1232,23,15,19,0.01483647193666585,0.1692163720732811,0,0,0,0
1.9439048795938563,19,181,81,0,1.7832625991156847,5.5431615573077755,1,1,10,1
7.935167020046146,28,163,27,4,3.958232076862585,3.8468804696444003,1,1,14,1
0.139602249078049,1554,14,3,8,0.26666485973687587,0.7714025175025376,0,0,2,0
0.05443152166438284,1377,21,24,14,0.8644210286310017,0.07194729939876332,0,0,2,0
0.2622524557519717,410,11,14,2,0.08129202690611992,0.8897001221363285,0,1,2,0
0.5,0,102,54,3,0.22537275316810634,8.88229747591675,1,0,3,1
0.19407275748193697,454,24,9,19,0.4027139391508356,1.5175766843049256,1,0,0,0
1.5381463026705449,15,182,29,4,0.9454769731647711,3.0717384302285557,1,1,15,1
0.3751891484813996,463,4,9,16,0.1426990278211105,1.0667866383019007,0,1,2,0
0.6300901504357143,1156,24,12,17,0.14179002875139585,1.8853816530941077,0,0,1,0
0.3331471131446317,1599,9,26,20,0.324420663730746,0.6774197516163167,0,0,0,0
0.5359836172750443,23,130,57,4,2.1373661842190685,4.48053137055669,1,1,4,1
0.11834437449777988,574,16,18,23,0.9125323640225871,1.6020794604629487,0,0,2,0
0.7380512113790426,1198,28,25,11,0.18023930438048963,0.8930923041953793,1,0,2,0
0.4868848016974755,1666,11,3,6,0.0044228781480501154,1.6452103416195505,0,0,1,0
0.7211272518663181,1400,14,7,5,0.5071007579111488,0.2370644818991765,0,0,1,0
0.06831866761445356,1143,8,27,8,0.9398852865324394,0.26908733127002193,1,0,0,0
0.028933370772913334,1649,48,3,21,0.3246248063273123,0.5699383907853561,0,0,2,0
0.3952775611979838,338,15,13,17,0.5875287478444194,0.4322011953250213,1,0,1,0
0.7233427746598924,995,44,8,23,0.2745911735790128,1.823895561344951,0,0,2,0
0.1902414765694937,950,25,17,6,0.08126543295803677,0.24799652166976927,0,1,1,0
1.4190635731164996,1507,47,28,15,0.4543334785839359,1.5472903649117962,0,0,0,0
0.5511896858173445,1675,32,19,18,0.21581353134548298,1.5838075183856306,0,0,2,0
0.38202136971658235,1236,2,5,12,0.05701848147275738,1.1991652941564956,0,0,1,0
1.2196565916188942,7,28,37,2,1.2170269164640493,2.564835204745761,1,1,9,1
1.2747176896347026,614,39,21,22,0.8493219610030162,1.22539789403793,1,1,2,0
0.15683730593927192,1464,21,23,12,1.0025468558498758,1.5059131318614332,0,0,2,0
0.3889552213473711,1669,6,3,6,0.021120907257971847,1.9629242229582318,0,0,0,0
2.140703371231012,929,18,21,10,0.388566181492469,0.08487895338029272,1,0,0,0
0.1385656413923591,923,14,23,18,0.2756418159136148,0.36853087305165766,0,0,2,0
0.3222641087287356,1419,42,19,9,0.6854803491166508,0.1654392020949329,0,1,2,0
0.7147588734519326,164,5,24,14,0.15448029751223602,0.6762882568338198,0,0,2,0
0.8904641684810152,912,9,10,9,1.532096293710496,1.4330488197671796,0,0,0,0
0.44717938178699707,686,41,13,20,1.2692068819798024,1.6452743062082928,0,0,1,0
0.12275836158697909,665,47,3,7,0.01688901737163284,0.7114790276729714,0,0,1,0
1.9323751100352615,1726,32,5,9,0.40222639615498346,0.8806691323277112,0,0,1,0
4.81552338820572,2,139,65,3,0.11107877377008854,8.01289403074941,1,0,4,1
0.7268672289333832,1254,7,4,1,0.5444743872334067,0.8861633642469009,0,0,2,0
0.855812439205886,1270,8,5,3,0.7278542000100703,0.49232367504787966,0,0,1,0
0.3671615900233151,1643,17,27,20,0.45656999589059455,0.3344722575898278,0,0,0,0
0.07692194749305026,455,1,23,15,0.9242917509116355,1.3938330906027574,0,1,1,0
0.9229566037168173,1176,19,28,11,0.10100717835146522,0.3876282289170565,1,0,0,0
0.6760599261616707,425,32,8,3,0.016750175283481893,0.3288770698709351,0,0,2,0
0.38459043591383146,1329,20,2,7,0.09588451060581857,1.3870895833259256,0,1,1,0
0.14597971256119666,800,9,23,15,0.017533813986514598,0.47912088001235364,1,0,1,0
0.28220261254884177,1412,48,27,21,0.3697165488222616,0.6454103780703959,1,0,1,0
11.757453206401603,27,99,15,2,2.7275265117046485,5.200662012673058,1,1,9,1
0.028338900936749924,1083,28,5,22,0.23213010205360482,1.6062037416108683,0,0,1,0
7.393448475243597,27,171,85,2,0.74498318884905,3.1040251893418933,1,1,5,1
0.5533449385049943,713,22,18,16,1.8368247706742562,0.3308839832175019,0,0,1,0
0.22877643191540553,1611,26,17,21,0.04471962192177306,0.449933445815873,1,0,2,0
0.30203384985828813,626,12,28,12,0.3098110134062809,0.4443998741872921,0,1,1,0
1.1353757246779577,1343,16,7,18,0.6923751564156517,1.6115969678147986,0,0,1,0
0.5911417437719912,1326,6,18,24,0.31753863195746906,0.8640110946325414,1,0,2,0
0.14115342469757047,801,34,25,24,0.031090489339968625,0.6514452463329972,0,0,2,0
0.3214695072837621,303,35,27,19,0.407795265345106,1.340248482567434,0,0,0,0
0.14163183367893345,908,9,19,19,0.08458119196996314,0.03547748181717014,1,0,0,0
0.29313364106084167,251,14,18,16,0.8511026269634373,0.4233454976758575,0,0,2,0
1.3400986506615682,13,52,56,3,1.8886015238684506,4.7019928142266405,1,1,15,1
0.18676765761821784,626,36,12,24,0.29327190960929145,0.2396645918369067,1,0,0,0
0.2200805300381365,1579,28,18,10,1.40887064330858,0.23951642622095148,0,0,0,0
0.27144458623667483,317,8,15,16,0.23674330034784075,0.22822653039453633,1,0,2,0
1.0080324189271843,558,1,23,11,0.006840161405696809,1.447906793288545,0,0,0,0
0.1997325303357313,126,33,2,15,0.4091193985004652,1.6349813022926558,0,0,2,0
0.11186501648445397,297,7,12,12,0.43990878825981294,0.7667892887297443,0,0,1,0
0.08224566006317044,489,36,27,13,0.04235162861359122,0.23951096444302422,1,0,2,0
0.2556877778177016,846,41,6,17,0.05355853015391376,0.49796196762137157,1,0,1,0
1.585918359779893,1373,4,23,18,0.5986221765413123,0.3608620689801141,0,0,2,0
0.8593367431283085,399,22,4,24,0.5447847182854962,1.5487375743643363,0,1,1,0
0.5083655952222431,1324,41,22,13,0.07608324549997952,1.1061457585800427,0,1,2,0
0.04202537571378502,156,12,8,22,0.18437020519431394,1.6782912509218217,0,0,1,0
1.8333498397554022,363,47,22,8,0.020359005584200833,1.587497093408896,1,0,2,0
0.5122248816979091,777,48,9,2,0.037519971057827985,1.8071218851370052,1,0,1,0
0.46714497626958235,1205,26,20,20,0.12903213154792065,1.0826607185061907,0,0,2,0
0.11214168763685141,1237,17,5,23,0.029485172308793807,0.29520189043881984,1,1,0,0
0.33919733866756935,1096,36,18,12,0.14356537294254512,1.6089078466572455,0,0,1,0
0.06306662671847921,1613,44,14,20,2.0476463899234143,1.0245081267529972,1,0,2,0
0.0671335415390899,1554,8,17,12,0.665416467194756,0.6265583514169184,0,0,1,0
0.47041650385961986,973,25,26,11,1.304775915855817,1.1476270671519142,0,0,2,0
0.2627155179365433,780,25,13,17,0.1381520150635078,1.5373321120259777,0,0,2,0
0.6070434884404274,1621,31,2,4,1.91929084065585,0.890197145794771,0,0,0,0
0.08161897812573554,1479,21,4,16,0.6713082872336648,0.6598648117527499,0,1,2,0
0.470564278237165,1758,48,12,16,0.10644082753719991,0.5615008034595983,0,0,1,0
0.18214527509449105,1778,30,23,5,0.06119312359365913,1.5194537188253667,1,0,0,0
0.37481269801076367,1166,14,12,14,0.15619725331142065,0.2706822004915381,0,0,0,0
1.0672260761290975,179,3,23,4,0.009036367375256473,1.788375497278047,0,0,1,0
0.49398585273103834,515,2,12,10,0.3644314109459316,1.142965027312149,0,0,0,0
0.5428190178299471,673,13,15,12,0.7765059249050926,1.046897504817403,1,1,2,0
0.4981683304268637,1119,28,4,17,0.6328665667914599,1.5007330182763268,1,0,0,0
0.19252943905249467,309,27,5,4,0.0019875666011975766,0.12283216474315761,1,0,2,0
1.0739612782062924,394,40,4,11,0.054913607294218375,1.0844832125071646,0,0,1,0
0.6350594698644831,1589,32,23,3,0.1380482008227225,1.8734459738011084,0,0,0,0
0.8896560454061021,1313,40,19,7,0.2582841985911452,1.732497461769858,0,0,0,0
1.009275399054457,218,44,24,14,0.2859267346449534,1.9599647636730402,0,1,2,0
0.48081003364410013,197,8,1,14,0.3026598705792505,0.6861474694759186,1,1,0,0
0.04982685593766578,626,12,25,14,0.5870912718051918,1.150904873489481,0,0,1,0
3.990401828725483,1,96,62,2,4.823466883500692,5.65938335938527,1,0,8,1
0.11526495090944534,1765,24,23,4,0.12119003520521401,0.37826662455185045,0,0,1,0
0.15653249856366386,1737,38,23,12,1.206386904199782,0.1979804454928371,1,1,1,0
0.059724348472801815,1785,42,28,5,0.39883435043536153,0.6614530351952583,1,0,0,0
0.549861738592762,1156,10,24,6,0.4930376576596426,1.3352856464471075,1,0,2,0
0.062389582087004014,1062,19,21,15,0.2337420639554938,1.6038373614358876,1,0,2,0
0.8435368576448172,215,6,27,16,0.18541659128029678,0.0964585339898123,0,0,1,0
0.41630269385432894,1045,12,7,10,0.3682899094614447,0.10087540407854956,0,0,0,0
1.2672043585554833,514,34,10,14,0.4729022718708036,0.41106208553791923,1,0,0,0
0.3414261293945499,1085,19,25,20,1.200005429257026,0.6947355463917726,0,0,1,0
1.248371883853331,986,15,8,18,0.26710444017011853,0.8236174785496082,0,0,2,0
0.12496686886476627,1302,46,20,12,0.001346606216679036,0.7946429279145,1,0,1,0
3.498114565684848,11,69,62,4,2.9427125143508515,6.127472892017754,1,0,16,1
2.129318664169854,953,34,3,5,0.03832279016531311,1.787568078593927,0,0,2,0
0.5691663243132236,917,33,11,11,1.3163495080260832,0.8801534626295455,0,0,2,0
0.3705402953920459,208,2,7,21,0.4166627467357973,1.1256010443738382,0,0,2,0
0.05862194254938867,1608,27,3,9,0.49211186876023777,0.0844582161399543,0,0,1,0
3.47402316340332,21,53,65,1,3.3982816474541613,6.90712311958465,1,1,6,1
0.9586935085897095,1524,14,9,1,0.2851833171286753,1.9783408015341883,1,0,1,0
0.28462377228696467,332,30,9,2,0.017360721475279218,0.7783379497144176,1,0,1,0
0.007242930686019672,814,41,20,14,0.8546847910233369,0.6045853554781495,1,0,0,0
0.06588068904692833,690,47,21,19,0.2821585123892288,0.4127995991992992,0,0,0,0
0.25567357668028373,1381,3,2,9,0.3078007524312114,0.3022705188324031,0,0,1,0
0.012476580641232493,714,30,26,2,0.04910396545588869,0.9135704067821895,1,0,0,0
0.32252059441142733,1160,48,24,11,0.21002952931290764,0.1715868910258913,0,0,0,0
0.887803535570899,825,4,16,9,0.1751360560883514,1.0280843523105225,1,0,0,0
8.534362947986349,14,24,74,2,4.883722971996092,5.503049426933083,0,1,12,1
0.39212515030869194,606,48,18,16,0.6335852175194999,0.48452361842108815,0,0,0,0
0.72440168459389,922,27,24,12,0.14610637052834496,0.13085340797160527,0,0,1,0
0.3812274173051322,1510,27,12,17,0.22102467587550045,0.5858609511144406,1,0,0,0
0.02410229671012376,1393,7,9,15,0.6238537433128237,1.764410626716919,0,0,2,0
0.1979611610881493,1724,10,16,9,0.4410853754714583,0.433362457583256,0,0,0,0
0.9817914060771102,1010,10,14,3,0.2852753845955286,1.410812578390962,0,0,1,0
0.5,8,105,60,0,3.3219424889517786,6.9665429898588185,1,1,4,1
1.4573204171928598,474,24,28,22,0.059143700122096035,1.5427634535202266,0,0,1,0
0.4103658958768324,1372,27,22,9,0.02536318873913683,1.3903594930511176,1,0,1,0
0.2503257824479294,1220,2,3,6,0.19325471480025402,0.008683855521892436,1,0,0,0
0.8648361050912512,1063,26,21,20,0.2985630810879358,1.4465259857755417,1,0,2,0
0.1517063656781916,1601,32,1,7,0.3063192277680677,0.5084070891798123,1,0,2,0
0.16994553212316843,1429,49,18,10,0.8543738161148737,1.973808011503391,0,0,0,0
0.19286771308225414,507,17,10,14,0.05410901284162788,0.35720900871936245,0,1,2,0
0.6641467893822002,957,28,26,18,0.2443342601652915,1.9066177265344342,0,0,2,0
2.409405627333992,0,144,31,4,3.554517252928378,8.069910640590521,0,0,5,1
7.850625368643774,18,189,82,2,2.6858577810129476,5.872981587602981,1,1,8,1
0.7934713214581751,813,40,11,16,0.1343569483554729,1.6895303831140227,0,0,1,0
3.422607655417158,22,174,66,2,0.8871912468459315,8.815902767131204,1,1,4,1
0.2701227393297678,928,28,16,21,0.20003015450858427,0.6094795124290318,0,0,0,0
0.9054513019348481,5,47,44,2,3.220650054614474,9.23959419254314,1,0,14,1
0.11090333504103952,1126,24,20,18,0.8485639153095159,1.9090554393131869,0,0,0,0
0.013053725868436596,1626,15,15,11,0.03672366720769908,0.0711458340680795,0,0,2,0
1.580676784886862,1725,11,3,24,0.2578900972195798,0.5253191260440591,1,0,1,0
0.06180392868491115,801,33,20,23,0.13240578788908686,0.745895464892989,0,0,0,0
0.02457292323786082,1186,18,16,14,0.4261984433984542,0.11337519790737782,1,0,1,0
0.4109912439431902,688,36,25,18,0.848178849256004,0.5131270391232412,0,0,0,0
1.2967917787376277,717,19,15,24,0.15641054118049752,1.6014622458847638,0,0,0,0
1.219780063549285,1333,10,20,16,0.030048047236293493,1.3023287933238945,1,0,1,0
0.04491333439608453,1532,36,24,16,0.05655713501637262,0.3251897078941084,0,0,2,0
0.4545540693024558,86,45,18,4,0.5966272845992212,1.4586037913131993,1,1,1,0
0.8172930432958205,16,199,93,2,1.6875135274696342,7.4171932133270735,0,1,8,1
1.4636305584720752,496,14,10,5,0.7489933552457746,0.9211551254783754,0,0,0,0
0.6156250308522951,984,19,10,3,0.06535383149890885,0.9846543003694237,0,0,2,0
1.3161257532121031,469,14,9,1,0.05787195608656888,0.39982806758659484,0,0,0,0
0.8608839810390341,1444,44,23,6,0.0075001155515826215,0.13823722290251883,0,0,2,0
0.4068684960301139,631,26,10,12,0.7302084927883667,1.3256218724995297,1,0,1,0
0.020446981027983608,585,2,11,19,0.24646244824533958,1.3520943011853497,0,0,2,0
1.4567546654622103,316,15,29,8,0.006385096149771606,0.9525668120707478,0,0,0,0
0.7615383210126404,596,1,9,1,0.41013481386886436,0.12873681004383108,0,0,1,0
0.03756461229332233,1354,33,24,8,0.5151187176950586,0.40994286352720044,0,0,2,0
0.2478913325326026,829,11,24,4,0.6295066932432399,1.323258938763309,0,1,2,0
0.27687830962930365,1164,48,12,22,0.07208475054061958,1.7395125974507477,0,0,1,0
0.117345904124512,1559,18,1,21,0.045906140731162504,0.712652586950836,0,0,2,0
0.35015647111105064,659,14,26,14,0.7874848524243091,1.8585989610649623,0,0,0,0
0.38789690907087016,159,39,7,2,0.19588980905980685,1.122761596340694,0,1,2,0
0.1660261965310262,658,35,7,16,0.5106634010097594,0.6592656555301568,1,0,1,0
0.18068657165360372,1036,31,27,13,0.035700498695433146,1.4122942514787236,1,0,1,0
1.5973865220358123,1710,18,27,13,0.5206449896515415,1.6186843499500323,0,0,0,0
0.27890782801250874,516,18,17,10,0.407742179999062,1.205737872133437,1,0,1,0
1.3408617619868695,627,12,5,9,0.19491837735362838,0.23646144922168721,0,0,0,0
0.045754283539772525,1158,21,10,5,0.6414888247434966,1.8673002236231178,1,0,0,0
0.32947069872314066,388,45,8,19,0.9393463603140675,0.6708906658384974,0,0,0,0
0.06914817215654433,951,47,26,17,0.5510515439999989,0.7746183961147766,1,0,2,0
0.3429098176408933,555,36,6,8,0.19477344810572964,1.9221032998016405,0,0,0,0
0.7600771455615799,1181,21,12,1,0.8785492514744835,1.8656996015374117,0,0,2,0
0.1512615124595582,1537,45,10,2,0.5207536583727551,1.680468134730582,0,0,0,0
0.6185667122174916,144,5,28,5,0.1355392802654245,0.672018821680954,0,0,2,0
1.0251119248214333,14,148,79,3,4.023068874188787,7.8658974104686425,0,0,4,1
1.490649530109417,627,25,1,8,0.4647369721872065,0.9629952743093557,0,0,2,0
0.08758243747714702,449,40,2,1,0.7877350362872246,0.060662545227653686,0,0,0,0
0.09232155381488959,873,34,19,12,0.8017984449345783,0.08284773351479902,1,0,1,0
0.5,9,185,69,1,2.3477714535193845,4.3397375679185854,1,1,14,1
0.19866216270422862,869,17,29,5,0.05525111461792248,0.24638680977575556,0,0,2,0
0.6459607837444352,1401,30,11,15,0.5026608538649897,0.6938530805139465,0,0,0,0
0.36399140920355544,643,41,18,15,0.11769273446061793,1.6563865098172592,0,0,0,0
0.9060686742158366,7,135,80,3,6.6557356856370475,9.62505385728658,1,1,7,1
0.5,17,144,24,0,1.7755713479163986,9.04069667281836,1,0,17,1
0.0085464600292336,1757,5,18,4,0.24496863890726917,1.0929968370513146,0,0,1,0
0.4844158034676422,1428,48,18,23,0.1427332955153849,1.0254221229523035,0,1,2,0
0.5907296728405438,1385,42,3,9,0.40707720098836386,1.804204439931124,0,0,0,0
0.2611158810307507,629,36,14,23,0.030559204736344516,1.5941829677961608,1,0,1,0
0.5,21,174,39,1,0.5891929174053707,3.296806445821205,1,1,4,1
0.1602492714337647,367,2,11,14,0.19425427706330953,0.06879416230627111,0,0,2,0
0.71533493706326,854,11,13,23,0.7322432909242754,1.8455405166736263,1,0,2,0
0.11189983744581807,70,24,28,15,0.09191806103811706,0.4660740131181962,0,0,2,0
0.5977239841693193,128,32,16,7,0.38330003772207083,1.475276842833913,0,0,1,0
0.2988672977894771,568,16,3,19,1.7331928517724962,0.15743918275072777,1,0,1,0
2.7095537647438404,151,32,8,5,0.6946271922951522,0.6006996054734479,0,0,1,0
1.079150294663645,1556,41,7,4,0.05023439380725702,0.40337991941342577,1,0,1,0
0.9879733695998477,1585,43,27,24,0.2716850932667991,0.9653618575427831,0,0,0,0
0.6428347525049536,1428,18,26,16,0.0345392236298319,1.5237992101744295,0,0,0,0
5.976867097997943,5,134,61,4,3.837889382128115,3.8061324924316464,1,0,17,1
0.19045577239785516,389,25,23,13,0.03626608597211951,0.010921890063666284,0,0,2,0
0.20595428993121623,512,44,11,9,0.03526612436769455,1.1023943759836419,0,0,0,0
0.06465757417544264,969,46,28,20,0.16706142857377043,1.7382359779268208,0,0,2,0
0.5018486659672682,581,6,27,5,0.13820575480536731,1.0687767670271864,0,0,0,0
0.2538890474273391,1160,38,18,13,0.01289911072776012,0.45717817859263077,0,0,0,0
0.43469979181573265,1085,11,23,17,0.1759493501902404,1.3779324973472915,0,0,0,0
0.4712323804772562,1071,7,4,19,0.2137678795812016,1.410284877897194,0,1,2,0
0.5915661190182869,560,23,23,7,0.3428606717978813,1.0089710265351126,0,0,0,0
0.5771647918244078,245,2,13,14,0.034016712710709975,0.5520642055811931,1,0,0,0
0.4044142657643495,1607,22,26,5,1.339018478889277,1.7203288744075567,0,0,2,0
0.18764309924204461,330,17,10,9,0.19298674846944464,0.1377828014383664,0,0,0,0
1.0045730005207254,3,141,69,0,4.7592444815234485,5.660911839551765,1,1,6,1
0.959441715730972,3,148,40,3,0.21650489503726583,7.923156638594483,1,0,13,1
0.6463440314127132,636,14,8,15,0.11265788211430401,0.8552251139876521,0,0,0,0
4.537631405458601,18,154,54,0,1.7311766393798147,8.332375829012975,1,1,18,1
1.6533117425062152,1679,28,9,19,0.05294983353783505,0.2618000159338023,0,1,1,0
0.057527308985964636,485,46,4,16,0.08204834537084871,1.3315663484597255,0,0,0,0
0.2486347083925783,913,28,5,19,0.11200836286782397,1.1849233135576878,1,0,0,0
0.8402611555044056,1229,13,20,11,1.3375212832805865,0.27668842270601157,1,0,0,0
6.197330624382657,20,71,12,2,3.4603698114546337,2.0654634913706422,1,1,9,1
4.464763778441087,25,153,26,3,3.6396370095059156,2.0069860133669932,1,0,13,1
0.06866981004259967,589,5,29,16,0.48509027921072667,1.829144656534147,1,0,0,0
0.00528443945082271,1342,7,8,15,0.1991771962512798,0.7074607951143668,0,0,2,0
0.10021056582081991,1043,32,14,18,0.4811302608892299,1.9743919488373722,0,0,0,0
0.10601658747167692,1345,22,27,7,0.29546852323740425,1.7682096175993824,1,0,0,0
0.5398502050167564,1148,10,8,5,0.23870741365064652,1.4091287921731788,1,0,0,0
0.219194082082837,1735,11,7,15,0.6925650286724938,0.7461234173540501,1,0,2,0
0.6260900658074956,271,20,20,2,0.2768369910329133,1.2218755728592166,0,0,1,0
1.2676787293516332,665,23,23,13,0.05159044317345433,1.0417315940042038,1,0,0,0
8.440240706014132,10,26,77,2,0.421373254085507,5.14336235336876,0,0,4,1
1.8620514047170467,1211,37,21,18,0.5716898033584833,0.05479954306368029,1,0,0,0
0.06639203107611319,392,39,12,13,0.13699053511841247,0.1788215014622363,0,0,1,0
0.9870491853073453,609,26,11,15,1.491349542373555,1.5839656644498008,1,0,2,0
14.103012934001537,23,196,85,0,0.6617533583949077,9.215737201785402,0,1,10,1
4.532553278790572,22,53,23,0,0.3994075963700078,2.9575825677520626,1,1,5,1
3.8434659942714586,8,106,36,3,6.565829113056223,3.897105958395553,1,0,12,1
0.5242771881540704,1741,9,1,22,1.3714473535477434,1.3130802550998064,1,0,2,0
0.02802560155457589,1718,41,17,17,0.7282883163879792,0.556384244330522,0,0,1,0
0.6172954997198428,240,1,18,23,0.23037206627812937,1.505762002084602,0,0,0,0
4.2576967567702315,11,183,59,4,2.9449106799287614,7.370249651780671,1,0,16,1
0.9023622538735031,1736,26,16,24,1.356998316155804,0.48844335798452,0,0,0,0
3.1073810501491024,3,131,63,1,2.7294898213332868,3.199248050749815,1,1,9,1
0.1569715788671288,1121,42,11,16,0.5302438700445693,0.8002549004910142,0,1,0,0
0.4363408645474819,1775,47,18,23,0.040307455156676754,0.5339387838774892,0,0,1,0
0.011044442509364311,328,1,8,20,0.30069109440583464,1.9429361785560157,0,0,1,0
0.4188694362840734,1682,7,25,1,1.0781647218612338,1.828384154805766,0,0,1,0
0.8114040586824077,795,41,26,15,0.10765595237953798,0.11682276156864013,0,0,1,0
0.7325016738640082,954,26,4,20,0.7312450901842285,1.6692494798172772,1,0,1,0
1.2291047803856507,714,31,3,14,0.13666810229344462,1.3862179347162444,0,1,1,0
1.1800125015535234,1086,41,4,16,0.031246004895211562,1.5084680341783498,0,0,1,0
0.12654535496152683,146,31,3,5,0.6005208688051336,1.4451994799669667,0,1,1,0
1.4761419659569102,1393,43,11,18,0.8473815483362586,0.07218003785347737,1,0,0,0
0.058572150893726506,953,42,17,13,0.3758488209987969,0.34633389430667516,0,0,2,0
0.9144442630510807,842,37,19,10,0.19063532424864804,0.5169369155101513,0,0,1,0
0.16448455459329533,948,48,4,4,0.03706014804895521,1.6266949703997506,0,0,0,0
3.987002223790018,10,67,77,1,0.42421670972427206,7.10740486586144,1,1,3,1
1.6989779113062544,1759,6,1,11,0.30235652367948535,1.4398953343500034,0,0,2,0
0.12119110440498689,612,3,6,2,0.8751350295095736,0.6957252990361182,0,0,2,0
0.5,21,76,56,1,1.0532828499493885,4.032449071126057,1,1,3,1
0.0918500106074339,578,39,12,7,0.2547890642777385,0.5454036996070801,1,0,2,0
0.8172928261113909,1794,10,11,3,0.10635579866380343,1.2514941291262827,0,0,1,0
0.3834425816125082,475,12,10,22,0.04334926439452639,1.9836704515184835,1,0,2,0
0.020584908823963646,1615,24,17,5,0.6666633568721486,1.9041044889798417,0,1,0,0
0.02846107290437292,1301,47,1,10,0.05687038353873819,1.8822013813101157,1,0,1,0
0.07655926703041757,693,7,27,7,0.23123129036579126,1.3413346919743792,0,0,2,0
0.7310985551696125,1650,49,5,7,0.001,1.4461274671063733,0,0,1,0
0.3540976526547985,491,25,5,23,0.295345236526105,1.5318596843384173,0,0,2,0
1.2675086398529636,522,40,11,11,0.1285251639340431,1.575868572884984,1,0,2,0
0.0797634751240932,337,36,21,12,0.9840801544487562,0.5428040518212358,0,0,1,0
1.3194174074456997,1012,3,24,19,0.1206250973197667,0.06459199340842514,0,0,2,0
0.35153088815610395,1740,1,14,16,0.011444660183405023,1.9439200573812574,0,0,2,0
0.5936449035572362,1161,31,3,23,0.08254108456339689,0.49546067475264066,0,0,0,0
0.1062808775797769,458,30,27,7,0.111762073145279,1.2083818244488835,0,0,2,0
1.892338986460617,1535,42,13,6,0.42417891612574893,0.5672332170255272,0,0,2,0
0.3103730909317605,1383,3,26,4,0.4537504666471536,1.096932130180402,0,0,1,0
1.4622157936060174,20,34,28,1,0.21192131372422426,2.482011846742517,1,1,11,1
0.4880341330162804,290,26,17,24,0.12936621917266072,1.2162366987341435,1,0,1,0
1.9867505515976198,523,29,12,15,0.5269583994782997,0.163679306689132,1,0,2,0
1.6765881947078458,154,15,26,10,0.2139305509623899,0.45572615001188255,0,0,2,0
0.4261053979223314,1687,42,8,6,0.04223423187638501,0.47065042409222446,1,0,2,0
0.030718121014373278,557,22,19,4,0.33388093593847534,0.7358447705607578,0,0,2,0
2.184502239277945,471,21,7,2,0.8681791793467222,1.3107525525284773,1,0,1,0
0.12027280294355397,1348,25,22,4,0.3693403548495522,0.3014293963984238,0,0,2,0
2.4372183009759327,4,122,67,4,11.071565123069751,5.705291970076148,1,1,7,1
1.3350689621996632,1747,31,21,18,0.050173621909482095,1.024008072880633,0,0,2,0
0.4489408399845018,294,38,16,4,0.013853528875147653,1.9840121097964922,0,0,1,0
1.9566479883313206,6,181,87,2,2.7085819134097298,8.049816095373135,1,1,7,1
0.4189604160774717,480,36,27,22,0.16378958746965608,1.6536112929877496,0,0,2,0
0.07053281485133021,1338,45,17,14,0.08244092485495033,1.1670226895886,1,0,1,0
2.4516206914459913,18,178,70,0,0.46944053959919574,5.2849556361439145,0,1,4,1
4.7054239181639925,0,174,53,1,1.5075852388595055,2.0756807612032677,0,0,8,1
0.5489172526523908,1336,17,19,8,0.09777809838620723,0.4883503920314347,1,0,1,0
1.5748478650852593,318,15,12,18,0.22852759238407716,0.6312690669865628,0,0,1,0
0.1269905152221055,1445,17,24,10,0.3637774212273493,0.9914093715649357,0,0,1,0
0.4535992180495252,1195,38,27,24,0.05276307119904425,0.6195550816584667,1,0,0,0
0.453271640550258,1035,38,16,22,0.004045752285034217,0.11515097803016805,0,0,2,0
0.2092032018851315,906,31,16,10,1.525565109698158,0.48402197749295484,0,0,2,0
1.4573040017219612,1592,22,14,12,0.23326328622455972,1.912424223595846,1,0,1,0
0.6725275622860966,1753,8,7,10,0.7185282533511329,0.4084007443713342,0,0,0,0
0.18869407530569823,1381,40,2,15,0.14451129100993873,1.1986379392322581,0,0,2,0
0.18955755486777096,220,4,5,16,0.41592054430110414,0.3771182044006547,0,0,1,0
0.044635890432634356,524,8,17,19,0.9908083586334421,0.7729744421027906,1,0,2,0
0.09196995746157896,369,28,3,18,0.6054921765225687,0.22359550364091652,1,0,2,0
0.1282677220495336,1154,22,26,2,0.010512275227956005,0.38180259335934874,0,0,2,0
0.9907133922374811,613,38,8,18,0.498327000271115,1.744086363750988,1,0,1,0
1.617337177429394,1466,47,9,18,1.277741687703623,0.5324708150483686,0,0,2,0
0.4128512898420655,1741,12,4,19,0.40475224812926325,0.7984864094532484,1,0,0,0
0.11186843585222507,783,39,23,22,0.7136736351652133,0.4543402208547429,0,0,2,0
0.5482280565637971,1432,12,6,11,1.5337371939190618,1.7315655704939017,0,0,2,0
1.2699624644255878,20,138,60,2,1.4169957245252554,4.030228090044366,0,1,5,1
0.6208750959472737,766,33,29,4,0.8556555593502098,0.3127739968670482,0,0,0,0
0.11258988653351147,84,18,9,24,0.2034275097720936,0.40843085530301537,1,0,0,0
0.6559256725311193,1340,7,14,16,0.09079941298580786,0.11493325937434107,1,0,2,0
2.2648775501955227,1719,48,2,21,0.09581192625402087,1.88340626941267,0,0,1,0
1.5039747700519948,1096,30,23,11,0.04409425360151547,0.31563374496473284,0,0,1,0
0.5884669028259933,1343,3,12,20,0.10474103786604175,0.44381256171791517,1,0,1,0
1.0238458711502834,692,12,13,13,0.17778660550914266,0.7457980003958777,0,0,0,0
1.2619627380765208,1475,5,20,2,0.14933878787826654,0.6356022413133509,0,0,1,0
0.4112616604663264,895,35,10,19,0.22577513917330727,0.797104226329509,1,0,2,0
0.1583783377143509,457,42,24,17,0.8004900879493033,0.934406227711686,0,0,0,0
1.5426148600683818,15,124,96,3,3.3817768559663093,3.167611211634765,0,1,18,1
0.0983901168050161,770,38,3,24,0.07103806837833776,0.039365412388602916,0,0,1,0
0.19924316727519487,594,13,20,23,0.32341850457786975,0.10150458224695558,1,0,2,0
2.4690734871447746,1787,15,13,5,0.8226664486955878,1.8252992258696201,1,0,2,0
1.218516540495441,17,104,56,1,1.1670939183092088,7.320739446464357,1,1,14,1
0.31174654888553144,723,35,8,16,0.2968477797336706,0.9122941019967994,0,0,1,0
2.3254290622041753,20,72,23,2,2.0111206790212384,2.4004216116950063,1,1,9,1
0.5423087542058411,1457,24,26,20,0.5048810171939858,1.578386273546662,0,0,2,0
0.10981423196946427,976,22,16,9,0.6241920701409507,1.412893487289378,1,0,1,0
0.025866049851739886,1421,11,27,14,0.33687188330651463,0.39180260941288125,0,0,2,0
0.032024742744328524,836,22,2,20,0.03989587146920897,0.15990768220327856,0,0,2,0
0.6896371421718794,570,43,14,1,0.021305643840377548,0.7620122131961551,0,0,0,0
0.13641456002979716,537,26,5,19,0.34772813023855037,1.8645258730840741,0,0,0,0
1.9164854800767621,1708,6,8,13,0.3808321207426699,1.7144252521555778,0,0,1,0
0.07862844785492396,816,42,17,20,0.16785696048719886,0.39922391908576516,0,0,0,0
0.05032702570786805,301,31,11,5,0.9840444212595676,0.7695444213703708,0,0,0,0
1.705147034953414,970,11,29,24,0.209797991205057,0.06970214023405785,0,0,1,0
0.533296366042089,629,30,29,18,0.5906591110378382,0.9848461711367666,0,0,0,0
1.64529803989145,1580,29,15,18,0.19815560985076802,0.6832275692838947,0,0,0,0
0.10276046954361122,1163,30,20,24,0.16191489180218044,1.155804155268061,0,0,1,0
0.42431122663409426,1380,45,11,22,0.7796363669344224,1.39439102887445,0,0,0,0
1.5608612740704872,1139,41,23,2,0.8970900998665039,0.7365032643989515,1,0,0,0
1.2537082354262397,858,2,21,16,0.07690571642517649,1.5155383366043258,0,0,2,0
0.33380007027412467,1421,9,6,9,0.5353461083756494,0.916436509975272,0,0,0,0
0.6930681276079995,903,7,26,14,0.19367746487862364,0.24545434174564318,1,0,2,0
0.7523349513208136,1651,25,27,6,0.20936309993265426,1.5085124788459952,0,0,0,0
0.7120698946228342,8,128,91,1,0.2475420566260072,2.8439164497405933,0,1,7,1
0.29718105648240645,519,1,12,18,0.4121778578603693,0.9241633354632466,0,0,2,0
0.5,9,116,42,2,7.643752913131893,2.1651868061496993,1,0,10,1
0.23238791215274449,131,42,9,10,0.32477113782348027,0.2996219528652091,1,0,0,0
0.032232636458293315,733,45,3,11,0.011734445311914851,0.6207816508847923,0,0,1,0
2.072304175491028,2,177,81,2,0.1,6.618323367485072,1,0,16,1
1.7373315637453246,2,54,35,0,0.6945997434412492,4.17720127992916,1,1,11,1
0.2352658106401821,1151,10,22,13,0.33534855524830265,1.2761101929972873,0,0,0,0
0.026883532888359096,713,5,9,24,0.4951476190548081,0.36954526227850915,0,0,0,0
0.5247167024622109,1586,34,29,12,0.01780291148335609,1.1845106074028728,0,0,1,0
0.2220342059383268,879,1,6,8,0.46758489986949814,1.5906615924306542,0,0,1,0
0.7069134080741264,326,29,7,21,1.7433601365701712,0.9722606948936237,1,1,2,0
0.49282392868361596,726,46,25,4,0.08698158629426482,0.2520123437578825,1,0,2,0
0.8937197269513216,1616,21,5,14,0.4500128620247697,0.7882760082154217,0,0,0,0
0.5857130445397887,460,35,28,1,0.6403138916986715,1.3334131298548126,0,0,1,0
0.10835743709006497,1050,39,2,19,0.050472549757118415,0.34641245809547083,0,0,0,0
0.7904511335870843,299,34,8,10,0.7498652351435071,0.033512051104023,0,0,2,0
0.23202741564568233,1630,49,18,5,0.21678927054973907,0.4313832047868482,0,0,2,0
0.38912791714955025,1419,1,21,20,0.3254539701512556,1.7069391745835716,1,0,0,0
1.3917736546059394,1422,20,10,20,0.09734747188956638,0.7705612681293061,0,0,0,0
0.5,20,44,51,1,3.1349767293677386,7.467183601823951,1,0,12,1
0.48697798619599053,594,1,18,24,0.21261518426076034,1.1057384075253436,0,0,1,0
1.171459151358534,1753,21,29,22,0.5730990370353954,0.18803110058716888,0,0,1,0
1.8130954308603386,1682,29,19,7,0.22549011301657598,1.1588411445258864,1,1,0,0
0.593641575488737,1015,29,13,9,0.20224315209345167,0.604148175974563,0,0,0,0
1.7421016873840982,1166,19,11,21,0.06945166880994473,0.44121928528303545,0,0,1,0
0.5490008088730326,1580,22,20,3,0.7984570681230433,0.7579491229842032,0,0,0,0
0.7533772738017409,764,18,28,19,0.5803464905531728,1.6928081688392682,0,0,1,0
0.21588608066106388,1155,21,7,23,0.04698473972807887,0.20414230725507276,0,0,1,0
0.30729348368534876,1357,44,29,5,0.06292465041659433,1.1070037461973716,0,0,0,0
0.19602478314211716,305,15,13,22,0.6399165665488474,0.2595172532092711,1,0,2,0
0.08508388667527143,992,9,13,9,0.19207855418013844,1.1627821983956668,0,0,0,0
0.22597298661834575,336,35,3,20,0.03563878904042406,0.8173411535888848,0,0,0,0
0.6447622360550428,308,13,16,19,0.6471379707209601,0.7821105540688622,0,0,2,0
0.4841994835303398,275,10,26,20,0.01048300729971529,0.6217251714652436,0,0,1,0
0.5413832676009014,1294,32,9,14,0.7412552121213776,1.3721417282169528,1,0,1,0
0.056579456117422454,595,3,9,14,0.15334422784858537,0.9689471279597066,0,1,0,0
1.349509180773559,1339,41,17,3,0.09761776650325762,1.2117495951371136,0,0,0,0
0.046831819320503475,1100,24,11,14,0.40693060262116365,1.5134658936330436,0,0,2,0
2.4241316326801177,580,29,2,14,0.5793741289087299,0.4672190525811215,0,0,2,0
1.7188296714971572,25,64,13,2,0.33342823097470853,8.038509526711845,1,1,8,1
0.4121801603014403,692,37,3,11,0.49414026516945797,0.132876188656176,0,0,0,0
6.907267212081569,0,132,34,2,0.713885776891894,4.373468820534134,1,1,13,1
0.6161226604546555,1411,13,26,9,0.43738849038832905,0.33377847795810456,0,0,2,0
0.7156624401502872,787,4,26,3,0.30222890249183754,0.775325446610813,1,0,1,0
0.8727430798369211,911,7,29,13,0.26634691826360457,1.4901701362360498,1,0,2,0
0.27102873078462103,1244,39,20,20,0.21687701597819697,1.2016633931867569,0,0,0,0
7.710702265573088,14,61,88,1,0.19958957145408857,8.086186709430986,1,1,5,1
1.9578882315569999,27,133,54,3,0.1,9.06559429520859,1,1,6,1
0.04534902818547664,1364,35,12,12,0.4598833915538131,1.3588098859939242,0,0,1,0
0.1271912368513627,276,33,5,5,0.7466005813893142,1.9909304770211842,0,0,0,0
0.15781764493021722,1671,11,20,6,0.709698763750228,0.423001529628932,0,0,0,0
0.5628685927925503,272,35,5,1,0.01093609588875696,0.7218879384473738,0,0,1,0
1.003674597194812,18,87,41,4,0.17412446433531723,7.261300035419066,1,1,15,1
0.2965716230417754,899,38,22,15,0.12361433124282227,0.3093702528132667,0,1,0,0
0.2520913405123931,1660,22,18,19,0.4259661816364937,0.18995453319968858,1,0,0,0
0.37413671202917165,1016,10,18,24,0.10029525025862962,0.12713195904939,0,0,0,0
0.3018925757415311,1457,2,7,14,0.3008179680603838,1.8207942453765518,0,1,1,0
0.6702696571854116,819,27,16,9,0.27810135901977845,0.4654782253237282,0,0,0,0
0.9243379608256195,1225,39,18,21,0.06317534369286523,0.5007338395313654,0,0,2,0
0.04958921965445033,1341,43,7,1,1.2143947275382607,1.5707065661047857,1,0,2,0
2.077747735949415,684,27,21,22,0.6114374025022566,0.3944687733777337,0,0,0,0
2.279890853048021,22,44,11,3,7.414999133626954,8.615193244138226,1,1,16,1
0.6293416299265228,1697,47,20,12,0.2344106013032422,0.9478724069989708,1,0,2,0
0.8420374140282519,849,23,15,24,0.7388460385529819,1.2994973975421966,0,0,1,0
0.3014931224978737,177,5,18,16,0.20970177205790674,1.2607837228044168,0,0,2,0
0.09197346982224508,358,11,17,13,0.22564392314864465,1.552765649489664,0,0,1,0
0.08481243523117314,1029,39,13,22,0.04780770585751818,0.20942044020773887,0,0,1,0
0.32989459593419007,1106,12,4,15,0.29729415166521306,1.524478557922022,0,1,2,0
0.08525208616449735,537,7,29,6,0.1664732765259199,1.004583295784058,0,0,0,0
0.6597544483496353,949,37,24,24,0.1895112509946228,0.15364596642208905,0,1,2,0
0.11359027645419319,93,9,28,19,0.3500780067499596,1.8915931987815044,0,0,1,0
0.5420260016915132,251,49,2,21,0.03283726856401385,0.9499194739846344,0,0,2,0
0.18395400680797122,1731,17,25,4,0.3190819676665066,0.9777706914090503,0,0,2,0
1.3328446196241752,911,37,29,23,0.5338108053687821,0.4112401326872326,0,0,1,0
0.2601976538894778,1057,40,10,6,0.1798161247444866,1.5297408385833602,1,0,1,0
0.19262602468690337,1658,23,16,1,0.4641723304527779,0.4889436883744327,1,1,0,0
0.9505028592708032,438,7,29,24,0.4052522884168996,1.5792838032828485,0,0,2,0
0.9915703218421533,1518,1,28,3,0.037923735574175804,0.6375130458335398,0,1,1,0
0.061979010284451144,918,38,5,2,0.17210112451795426,0.8554380547155869,0,0,1,0
0.05459174856321205,1189,27,10,18,0.09396897872950502,1.089536264150983,0,0,0,0
1.1416574284058152,844,5,3,14,0.39043081515869693,1.0748266637500437,0,0,2,0
0.44071329815893173,282,3,12,15,0.2893021935036061,0.08143955874307895,0,0,2,0
6.755944489688893,15,92,69,2,0.13568805759093938,8.389970251164126,1,1,8,1
0.05370757089104838,107,42,24,8,0.06767622398078783,0.34430884874535383,1,0,0,0
1.0294061510209551,218,48,5,14,0.14033035752471051,1.9872743552167733,0,0,2,0
0.5,1,64,35,4,1.1442281909306002,5.487556169468419,0,1,19,1
0.4709426506615993,364,3,15,19,0.49836707568496375,0.0945144006658003,0,0,2,0
0.17723202427630594,1148,9,17,7,0.11146519709332606,0.03854394327756916,0,0,2,0
0.2706153613864073,83,32,4,10,0.41330883210463987,0.20816541810746192,0,0,1,0
0.21016300809552896,1544,42,6,8,0.2782062710906163,1.6610845078069227,0,0,1,0
0.03531136007313142,1232,35,10,8,0.13835700785588909,1.3126229600172035,0,0,0,0
0.1601107453576824,1423,22,5,7,0.030928526254642954,0.9378209703636273,0,0,2,0
0.8786973400640409,292,30,25,11,0.4698398654923267,0.7866486221868318,0,0,0,0
0.9280811364606515,344,38,14,7,0.4871490461275072,0.692894977188858,0,0,2,0
0.4602580840100964,1214,1,19,4,0.010192970617884831,1.136097026397475,0,0,0,0
1.169393053535178,28,173,90,4,3.1323846823482975,6.56386037851395,1,1,5,1
0.2828846133593655,739,30,7,21,0.19317716459797743,1.7120353135016713,1,0,1,0
0.4183453302603049,1722,25,1,23,0.09960158110053532,1.6410996569846725,1,0,0,0
0.14207622229057326,192,48,17,11,0.12550994993136064,1.6491116495728693,1,1,0,0
0.7079856118620868,500,31,25,11,0.6083077121450726,1.4536225154012745,0,0,2,0
0.05276637497063112,1191,20,15,18,0.06472834922502788,1.9166798367777884,0,0,0,0
0.21947266463424023,1369,31,26,5,0.0613343921523386,1.5098010880819788,0,0,2,0
0.1456883512338864,412,31,13,7,0.3370779975943987,0.38764860465544104,0,0,2,0
0.33600874403860137,1511,10,22,4,0.03499479236051761,0.649466621951033,0,0,2,0
0.6649961567607515,1523,45,21,12,0.8623880744062862,1.078703603356467,0,0,1,0
0.04334503674848275,711,27,28,21,0.5764453437896515,0.4051201358688852,0,0,2,0
0.10020063725826592,1592,42,8,14,0.16990644571776728,0.5853362144933516,0,0,0,0
1.0135053132645013,454,42,24,21,0.45535047151764413,1.8219809732463301,0,0,2,0
2.12201849130763,318,17,18,19,0.28561437206980994,0.9017527215554637,1,0,2,0
0.6355194232242425,1022,13,1,11,0.24851750269296816,0.167903221739641,0,0,2,0
0.02661379202311137,1052,10,9,17,0.4551827650662654,1.3346523265876127,0,0,2,0
1.2804007243080664,324,16,22,2,0.0785438012695257,0.7123630783367574,0,0,2,0
0.5129195595190131,1358,30,17,17,0.7483103060314518,0.26127240964756027,0,0,2,0
3.4083633821627837,749,39,13,17,0.3848381133304894,1.8320986791990417,0,0,1,0
0.14741133548511468,1725,31,23,10,0.3280179787297876,0.9047629590822854,0,1,0,0
1.5825467021983783,1180,9,11,22,0.18069686516329453,0.2559838488129731,0,0,2,0
0.6603868412840678,889,18,4,2,0.5155533705759769,1.7132196105747821,1,0,1,0
0.07180710980969138,1615,45,4,17,0.19292031473701576,0.8998729062072075,0,0,0,0
0.21405130721255586,257,13,21,16,0.09631985350780904,1.0263533371879114,0,0,0,0
1.1679345671958499,202,42,13,10,0.6891314147090593,0.987906946500998,0,0,0,0
0.26108970788653374,1444,10,17,23,0.012391067639645878,0.8924827234036661,0,1,2,0
0.17509428265181268,1149,22,29,4,0.09232872064090832,0.785022732031132,0,0,0,0
0.34158139020541367,1508,8,24,19,0.17909903769611268,1.5846693936319276,1,1,0,0
1.1561202569055897,72,22,19,23,0.10873052974570226,1.5156098536526497,0,0,2,0
0.3649139501754389,146,8,15,20,0.5093277176538018,1.8581696410159512,0,0,1,0
1.0000159661204737,17,20,45,3,3.334820161610671,4.64238323307295,0,1,19,1
0.19226193066188232,293,34,26,22,0.6399127559524387,0.7943361226625567,0,0,1,0
0.012758100477195538,871,14,17,12,0.38958870197551365,1.7890757225122569,0,0,1,0
0.2034159389690502,1558,26,29,23,0.6060262836349741,0.4822059778132697,0,0,1,0
0.048863070237470364,700,48,19,3,0.11923720060290258,1.6004834861140094,0,0,1,0
8.585976994316908,20,35,20,2,1.1211939845503909,3.380435408832689,1,0,19,1
0.42996455615706675,1423,14,28,17,1.8251628554047574,0.9157125785258184,0,0,1,0
0.3280606890142638,137,19,2,16,0.2763663132378004,0.9831274238436538,1,0,2,0
0.5,21,56,80,2,0.42226626631279407,6.543166260255652,1,0,13,1
0.11554610317254829,1115,3,24,22,0.025004248414319575,1.4376294454525724,0,0,0,0
0.37895447031276047,1626,31,11,12,0.12279688089307664,1.9059088518344338,0,1,2,0
0.7227109981674551,1652,7,2,8,0.06008743351947221,1.2615946397323892,0,0,1,0
4.938602510112702,13,111,99,1,4.033156710822598,3.3204983216746964,1,1,12,1
1.034457032016195,1014,45,8,4,1.1712842012216447,1.860447468783204,0,0,2,0
1.984770656162156,1664,14,3,1,0.36593092840948077,1.4115605833040479,0,0,1,0
0.169304553208913,219,43,9,11,0.14841049981134832,1.28645021145059,0,0,1,0
1.2509850155819389,927,33,21,13,0.07871847980730039,0.936513894816253,0,0,2,0
0.8680868973411354,21,55,55,2,2.3313321941045224,3.55701572386063,1,1,12,1
0.38137397336287093,1791,46,3,17,0.2221148995808326,0.9066894961868952,0,0,0,0
0.18221928620472216,547,20,2,9,0.35978073096965535,0.858708578101909,1,0,1,0
0.027457608286933936,166,34,19,7,0.30673773487936556,1.8038176876412793,0,0,0,0
0.977750589072291,236,4,12,21,0.19756437823330492,1.0670474251489708,0,0,1,0
0.32929906748508747,1681,31,19,17,0.06289642089675511,1.3680222876892816,1,0,2,0
1.5204848867248124,16,186,88,3,1.6621571980420704,4.060244280412621,1,0,9,1
0.1175569709046326,964,35,18,11,0.8633106459923386,0.2362434097322561,1,1,1,0
0.1560852265176102,716,2,6,3,0.03464847698258954,0.8331711513285665,0,0,1,0
1.4548721144418402,26,174,75,0,12.135308785902346,3.1696940875561213,1,1,14,1
1.6043655733968034,1637,4,18,12,0.14358208826991642,0.48575135605527686,0,1,1,0
0.13774752906947654,1368,12,4,2,0.2646738511412429,0.39143188549776964,0,0,0,0
0.13985010183121063,1560,14,18,1,0.33100241626230253,1.4587551557494072,1,0,1,0
0.10407844522212926,732,48,26,4,0.3257684312202161,0.11411676736365406,0,0,2,0
0.14106116957404363,1648,10,3,9,0.47400097141902475,1.1006918459169708,0,0,1,0
3.621949593108935,16,86,79,3,3.8450783271431805,9.926641422219483,1,1,4,1
0.12995269560208722,236,15,25,16,0.5427058069077579,1.6035409823394315,1,0,0,0
0.07913105552263051,535,6,26,6,0.42985250025599425,1.867942531509397,0,0,0,0
0.24190313730556987,892,5,18,18,0.09677996244022863,1.8324431958444292,1,0,1,0
0.4783782545360431,680,7,11,15,0.008161066749169913,1.8598744064948118,0,0,0,0
0.8158777018532882,295,30,23,1,0.09586208471562056,1.432241594261989,0,0,2,0
0.06808851819741167,516,3,15,1,0.16775296107960358,1.6676501758599167,0,1,2,0
1.702858775784414,6,119,73,0,0.491725259007862,9.477218879874373,1,1,4,1
1.1214343221913021,9,143,55,1,1.7554875140585677,9.418749169294788,0,1,18,1
0.06342866944466449,1359,34,4,17,0.0387996553927936,0.46154045287857604,1,0,0,0
0.33488886813008123,605,33,11,21,1.7364512300478425,0.4822265366026677,0,0,1,0
0.5313975472115715,1465,32,19,16,0.3732016991702972,1.1692941182309338,1,0,2,0
0.7001471633450079,601,38,26,12,0.04594764833936647,0.4244239362034248,1,0,2,0
1.224021751160953,9,176,35,3,3.1559933183877673,6.908923932034594,1,0,13,1
0.2989718117891115,1710,18,26,12,0.3323899317876911,0.7811730422574221,0,0,0,0
0.4037106024430614,1567,3,12,19,0.7621607837733894,1.9902459989466026,1,0,2,0
7.523759207506717,20,190,34,1,0.1,8.907625246999107,1,1,19,1
0.795415081360898,1138,9,6,21,0.3916983929510151,0.12294965407993974,1,0,2,0
0.4177274926386391,1749,2,3,24,0.03419052371831257,0.9937907231237526,0,0,1,0
0.17283144046938886,1371,28,17,21,0.5539772832687151,0.7086561115369658,0,0,2,0
0.9567564271918921,384,3,12,16,1.3838282293248145,1.5376133911781171,0,1,0,0
0.3658584663113405,929,37,19,12,1.096164211225754,1.5185385682611159,0,0,2,0
0.2177434362613133,257,8,28,20,0.3718872614910416,0.7333609121904074,1,1,2,0
1.2783148745537638,950,2,14,6,0.086595996432526,0.8037804664775816,0,0,1,0
0.6142675205466503,367,13,1,24,0.02483274035170975,1.503577661619973,0,0,2,0
0.21182112208300724,182,38,26,3,0.30486122527238,1.7575054890250723,1,0,2,0
1.8818085801761695,1379,1,2,20,0.02494266126719692,0.789796496682313,0,1,0,0
0.012873886995056864,634,20,6,19,0.6907739123234312,0.5619678825656476,0,0,0,0
0.5,16,109,84,4,1.0468211630215543,2.8338251977437627,0,1,15,1
0.17802733813930102,1339,31,1,22,0.4958307583141113,0.8373813510031596,0,0,1,0
0.5841565863293532,1236,44,14,15,0.23215989290382966,0.38308825361562504,1,0,1,0
0.4799984726871559,1773,19,21,22,0.1477116337445184,0.8771130611984439,1,0,1,0
1.439679347025717,14,70,95,1,9.160817276957673,5.6227597492463515,1,1,12,1
0.3148618241527925,764,18,29,2,0.24913262205734155,0.03796103019580732,0,0,0,0
0.7616945335093326,1492,33,6,20,1.0556272260853414,1.2171449017466847,1,0,1,0
0.9231935715261264,1243,17,28,14,0.2565458756560214,0.7858951274837331,0,1,2,0
1.0653702882814675,1390,11,19,1,0.39461085468566787,0.2801624158011864,0,0,0,0
0.27158787331419076,1582,1,20,7,0.07170337650550197,1.902225435086738,0,0,1,0
0.4819682095110941,1567,25,25,5,0.12916253085555446,1.4597730130171787,1,0,0,0
0.4240501685324601,767,13,11,14,0.007663403199253523,1.9181185473434272,0,0,0,0
0.5323572545600616,1185,34,29,19,0.07427252268782618,1.369393857856912,0,0,0,0
0.03392574277843581,611,12,22,14,0.2557839809526527,0.43864501396408495,0,0,0,0
0.1887553294342793,1575,46,3,2,0.3153213203771297,1.9284324171758198,1,0,1,0
0.445133636144739,395,18,13,10,0.044656015129302756,0.746215013632253,1,0,1,0
0.552631977577511,326,5,28,20,0.6469118666614038,1.1606187993925128,1,0,1,0
0.26476083621871954,68,43,15,21,0.8285437010958479,0.013151215427312346,1,0,0,0
0.04262937273483414,73,7,10,5,0.11743354502268188,0.5109200579269888,0,0,0,0
10.192970455103147,24,101,15,0,6.240746910821962,3.5917550368635167,1,0,16,1
6.917034668661897,3,120,46,3,2.425813747057422,4.679734142208354,1,1,12,1
2.655382159411056,5,96,84,0,1.0411273120301987,2.6111689627639736,1,1,19,1
0.07546029332113208,1703,7,27,16,0.29218566321918166,1.2172860175816527,0,0,2,0
0.1180628253236455,1203,33,13,18,0.10042851833424804,0.11466952044502077,1,0,1,0
0.08917738728987994,859,26,19,5,0.5841775782594002,0.4596156812894814,1,0,2,0
0.11136540452741227,268,32,7,18,0.368902580221214,1.619280432645869,1,0,0,0
0.17123627613259496,960,27,5,12,0.060696449192320014,1.288668325711087,0,0,0,0
0.0999884020783785,1784,4,18,18,0.9436470764943025,0.6966452630662152,1,0,1,0
0.2178988178668496,1298,39,22,13,0.0298470240990957,0.3652028636677307,0,0,2,0
0.35912257890014226,1179,14,14,9,0.13151641631459784,0.6013573915672228,0,0,1,0
0.43637471492504165,533,36,17,11,0.8994381264832892,1.8547331680742125,0,0,0,0
0.4126277431169043,749,22,14,6,0.08616647693115977,1.4295071414120883,1,0,1,0
0.1858006731766436,1566,32,29,2,0.2157310703467221,0.17709278422809183,0,0,2,0
0.7700763173715464,1640,37,5,21,0.23708499728037477,1.8204656203070235,0,0,2,0
0.9131671580553208,166,17,27,12,0.07387306182758517,1.0152507908510326,1,0,0,0
1.3571703679607612,22,23,33,3,0.8022523421151215,9.278315753348224,1,1,18,1
0.47458724027611593,1782,1,9,23,0.04827313598186017,1.3780184425096254,0,0,0,0
0.07003946293017256,1517,23,24,18,0.00381144336385542,1.15614557594497,0,0,0,0
0.001,675,37,29,3,0.052275700388960324,0.4284343043059651,0,0,1,0
0.3105242224380521,951,37,22,14,0.7885057219576992,1.1676339140151926,1,0,1,0
0.6508650507257195,1475,23,15,13,0.450236173901448,1.3349179030072604,1,0,1,0
2.640779648376979,23,109,53,0,1.3771088706763126,8.265660034993573,1,0,8,1
0.4095101650792105,1221,6,19,9,0.15254811241927776,1.8965694645074902,0,0,0,0
0.1350082697474639,169,7,9,21,1.3971846556498588,0.44505754305161216,0,0,0,0
0.5116807762306764,499,28,5,12,0.371259917513913,1.3158954107551109,1,0,1,0
0.4228908606007098,1704,16,10,23,0.08710779379574052,0.5212227416161999,0,0,0,0
1.0747807940351615,397,46,18,5,0.8848842298958912,1.3793798943049878,0,0,0,0
0.11712179945018081,1435,35,5,16,0.876811120928485,1.8985314310970707,0,0,0,0
2.460128833828505,7,180,99,0,0.1322833191326527,7.294948651400192,1,1,10,1
5.601753442837008,16,42,89,3,3.765858564195914,3.149139013203901,1,1,5,1
0.28291926172999365,1164,25,18,24,0.002239670741273797,1.9481287820919888,0,0,0,0
0.43373098354407214,481,22,23,19,0.3689510799271625,0.2321092376048164,0,0,0,0
0.32888511272213666,1101,4,13,12,1.2103732792579414,0.016309188918859352,0,0,0,0
1.1370486745536261,469,31,13,20,0.2800950037727437,0.013069080285818213,1,0,2,0
0.813049402546496,458,12,6,6,0.6455745213490155,1.9167337855335123,0,0,1,0
0.5408986102064621,281,2,9,16,1.619892374546864,1.3202607779011066,1,1,0,0
0.4202116745562906,1078,33,13,2,0.1826352311834287,0.5713487788277745,1,0,0,0
0.001,725,46,17,13,0.31385091354987327,1.1348689428485281,0,0,2,0
0.022533130580002527,1348,30,19,17,0.069140302183724,0.9758320216880445,1,0,1,0
0.8344300377965651,28,106,38,0,0.6027806609560039,7.0656276101703295,1,0,13,1
0.5844804874504961,1013,28,23,20,0.8016730633881135,0.952315762258497,0,0,2,0
0.08814710734170575,560,20,12,21,0.40890353526588313,1.7015528212800057,1,0,2,0
0.20419397528551703,1439,10,13,6,1.0884011083316636,1.307851623735531,0,0,2,0
0.20937594394579034,207,30,2,8,0.1396928435387332,0.14187235888124095,1,0,0,0
0.05508217745971264,447,20,10,5,0.1511664851590777,1.738258868591158,1,0,2,0
0.5436281873638287,263,42,15,12,0.2845298793661242,1.8737265265700382,0,0,1,0
0.12169748099916533,1043,13,21,11,0.7135017769579771,0.49577262796812493,0,0,1,0
0.010616494951648639,1551,44,12,6,0.08259114286990354,0.8502442684026992,0,0,0,0
0.32228172354491813,990,11,27,14,0.1363986643072024,0.5292383771967841,1,0,2,0
0.22735407512681305,416,9,11,22,0.2654418601129542,0.30704660865471145,0,0,2,0
1.0875120058199168,24,67,41,2,2.702432699479435,5.17221085536783,1,0,3,1
0.7185017314214949,1507,43,5,10,0.16316365531042196,0.6854702514347839,0,0,0,0
0.23605237108317034,1055,48,5,10,0.46139075067158225,0.01779681336398098,0,0,2,0
0.11479441408041667,1251,46,7,24,0.6475528515030364,1.1094982135395537,1,1,0,0
0.21449373171720082,1377,36,24,14,0.0567080267730769,0.2511721372535174,0,0,2,0
0.0838323763853399,1643,41,2,11,0.6318746532499375,1.436927724137398,0,0,2,0
1.6284488479234656,1666,26,8,22,0.3226583587933756,1.3382117796145723,0,0,2,0
0.2548430664572674,1263,1,27,4,0.02647795445333169,1.269695468379142,0,0,1,0
0.42234854845077774,1201,31,24,22,0.1506104498076061,0.9441547770582512,1,0,0,0
0.4979223071264422,935,5,4,2,0.16856511690706452,1.1646641857224724,1,1,2,0
0.9107911543049325,785,39,9,18,0.19844769995191877,0.5960853912481487,0,0,0,0
0.07119425296233069,218,10,15,5,0.7427474772443352,0.7727307421129932,1,0,2,0
0.26407382873178314,221,6,3,1,0.11962945521558009,1.3656161556373339,0,0,2,0
0.9370740639905377,1745,45,27,21,0.7278587069822898,1.9151912318600346,1,0,0,0
0.6038190690047156,1141,21,11,7,0.014382129314085305,1.3767386505341632,1,0,1,0
0.1698003023060038,425,35,28,4,0.09604269001093374,0.8155753049842704,0,0,0,0
0.124302047501835,1526,12,8,13,0.3761873700101378,1.6734686681198265,1,0,0,0
0.5516307375355345,865,32,12,15,0.32569760158927835,1.0402195454342615,1,1,1,0
0.062104127218503016,1622,33,13,19,0.47522986725056804,0.45231430684992424,1,0,2,0
0.02937351341241873,1077,7,10,18,0.9023511690721181,1.1891766242909443,1,0,1,0
0.13539726437839997,75,38,12,6,0.17166901550245153,1.4746439788846424,0,0,0,0
0.25742205964007475,1495,17,2,8,0.0730465022474986,1.6856297071690234,0,0,0,0
0.51335913830304,1152,8,21,13,0.09701892507361495,0.7365825103174262,1,0,2,0
0.3941994262708275,475,20,10,5,0.34672150430566284,0.49085751803999034,0,0,2,0
0.06868361380083193,943,21,23,9,0.3296259654792824,0.4620263340728985,0,1,0,0
0.5023401322320897,28,31,30,3,1.399260641449567,2.6624029313939648,1,0,12,1
0.44019090070512007,497,40,6,14,0.3358376134223555,1.5784186117897572,1,0,0,0
13.423148864521261,29,128,70,2,5.364876849586375,7.505663344840289,1,0,9,1
0.6330449718228756,1688,40,9,13,0.18735415813539297,0.7581709914509474,0,0,2,0
0.6674102220721653,1651,20,10,6,0.047824872037952305,1.5657586323775248,1,0,0,0
0.6260337364360131,1198,1,4,20,0.012712705153434374,1.002233098062491,0,0,0,0
0.8310479912661584,977,17,19,23,0.4392043024380353,1.3748363807890414,0,1,0,0
0.034169029295159546,860,38,3,24,0.20262945167658622,0.8870134466107567,0,0,1,0
0.5,24,139,50,3,5.976220650758463,9.311132714509675,1,1,7,1
0.34354625646039477,1215,42,12,9,1.221003149630417,1.3040782883374085,1,0,0,0
0.171053630411802,550,32,6,13,0.07084740421281362,1.4608435860255498,1,0,0,0
9.186646359785733,2,39,46,2,0.10474917512957976,2.6514279885748335,1,1,6,1
1.0226902666443611,1589,13,24,17,0.021283579007930153,0.6549175491983203,1,0,0,0
0.31189933498330946,1248,46,15,10,0.0863336447176286,1.909252359831087,1,0,1,0
5.366358834227224,19,150,40,2,2.1973789610828485,9.201380630254036,1,1,18,1
0.04398574315197053,516,21,26,9,0.38878634858730043,1.9856200271846256,0,0,1,0
0.03307329154614954,939,10,29,22,0.6123248424840368,0.6553457927466126,1,0,1,0
0.08242563686965275,1709,2,17,1,1.0990269120125264,0.0190287217542906,0,0,1,0
0.4937664538140577,462,36,24,12,0.3131258645726392,1.2233832450673185,1,0,2,0
0.1993609110129775,462,1,5,14,0.278985006256976,1.5382722413436885,1,0,0,0
0.3892490635099082,283,13,22,16,0.17286621063386923,0.5062030488522149,0,1,0,0
0.09529251168332878,1586,1,25,24,0.5991468515083537,1.468311749487144,1,0,1,0
1.3296684327353832,146,11,17,6,0.3445545258876824,0.09636174431695421,1,0,1,0
0.11744893129222686,337,33,15,19,0.35717902739552065,0.9585003124487983,0,0,2,0
0.0041949001642081615,463,21,14,7,0.26144133835729416,1.6541234806512517,0,0,0,0
0.334572812055584,1511,47,20,9,0.025470576257382346,1.260147859392464,1,0,0,0
0.04686593054813526,1730,44,9,3,0.12280273145510556,1.530759418637304,0,1,0,0
0.3040810144761503,362,37,8,13,0.7685723332339052,1.0460452941373013,1,0,0,0
1.8236051934952018,14,59,15,3,1.2942207469737657,5.057824491613643,1,1,9,1
0.09661961666467987,470,45,26,9,0.04220548608712008,0.07027067412455557,0,0,1,0
0.621916390842341,1267,4,22,10,0.4786361764342399,0.37409769367416956,0,0,0,0
0.29059073589379014,1204,45,24,21,0.49607122588063723,1.4283474901527902,0,0,1,0
0.07330606107905774,1337,11,15,10,0.08601718525498545,1.7046742194954407,0,0,1,0
0.19621459547159392,900,35,27,3,0.1302827644552627,1.2158182326183515,0,0,1,0
0.9043061891795907,1243,3,4,16,0.9031876820799423,1.9288014034811656,1,1,0,0
1.3356147225010622,1109,25,19,2,0.7908551614794889,1.0368528156226862,0,0,2,0
0.08120608715529733,232,12,11,4,0.22160521501659294,1.1787409518639806,0,0,2,0
1.6577647978903975,1193,8,7,8,0.3775202872237782,0.7039821245153086,1,0,1,0
0.05349845071797466,1190,26,14,6,0.6898175231431946,1.1564542364330606,0,0,2,0
0.7575473921632272,684,49,4,19,0.22092377307414435,1.8520706714713444,0,0,2,0
0.34452637965942506,1667,17,28,3,0.48231853157231824,0.7041532132146116,0,0,1,0
7.95372384053532,22,128,31,4,2.242103604349629,9.694332163463418,0,1,17,1
0.26898765722505313,1667,13,2,11,0.3575705453781447,0.793742102089555,0,0,1,0
0.18518965077718,368,21,20,10,0.3966874965496909,1.3094684179314282,1,0,0,0
0.19683122763645627,1441,10,23,24,0.6761837403418984,1.178407479782869,0,1,0,0
0.19217026075976718,1233,43,9,14,0.32877651320222284,1.9510476905637881,0,0,0,0
0.37918659851665665,508,21,25,21,0.06566385774534171,1.695940892715406,1,0,1,0
0.34619214781409596,991,27,11,24,0.3637194039273173,0.6256020474595021,0,0,0,0
0.2878748428817034,175,39,24,14,0.19547432392989023,1.5314808484090627,0,0,0,0
4.2949362793148165,0,33,62,4,1.93474897632106,3.863017972676979,1,1,19,1
0.7925504405060589,172,7,22,10,0.2051854881246571,0.5662951790687307,0,0,2,0
0.32104629430782744,937,31,26,17,0.17849237061862197,0.105018110971137,0,0,2,0
1.0891758064127433,8,24,25,0,1.0731426896041831,2.8807331448921403,0,1,8,1
0.4343072618112863,918,27,19,6,0.7473268964530392,0.6738460323196716,0,0,0,0
0.47293144949674765,713,13,2,18,0.10581027801779795,0.4871224984476754,1,0,0,0
0.14968279124765962,625,9,17,10,1.7786113298139477,1.8006382433267885,1,0,0,0
1.599971043893296,1588,15,22,18,0.36471284623843886,1.5270134176820591,1,0,1,0
0.9279267395156432,616,28,5,8,0.17095237329941138,1.1591404063236643,1,0,1,0
0.28421217841253443,1328,10,14,24,0.37870444914161494,1.7130471241593626,0,0,1,0
0.011113507428000827,1677,15,24,1,0.6076839912542386,0.9466959573464313,0,1,0,0
0.864057830572241,1135,22,23,11,0.18995045119046275,1.1187127362328546,0,0,0,0
0.3389983146863323,1323,35,9,23,0.0328656864022866,0.47872973817794895,0,0,0,0
0.2660396770763025,878,38,12,9,0.036948454117123594,0.9996909235710763,0,0,1,0
1.4391890679956556,856,6,12,21,0.24824601630866572,1.5587047478605593,0,0,0,0
0.39988828883301786,1769,18,4,5,0.03333207508020853,0.7576727618348995,0,1,0,0
0.2699249572296216,1578,10,28,5,0.12029932656067915,1.9719373119128543,0,0,0,0
0.5,5,152,83,0,1.272867468256762,5.798192579434196,1,0,12,1
0.3659775607924128,369,34,7,9,0.7738744834706458,1.015070517467711,1,0,0,0
1.9895380894208412,473,22,10,9,0.35845524054058453,0.029483251414746503,0,0,0,0
0.19056003726596443,567,39,25,13,0.13335522678192324,1.2148296006388348,1,0,1,0
0.813502515578358,1025,13,15,20,0.5528884803546158,1.9852763516949137,0,0,2,0
0.7063984013970562,868,21,17,22,0.15627659050200987,1.8292055827005143,0,0,2,0
0.1649014200671246,1407,23,28,21,0.4305042285682298,0.9277791742425685,0,0,2,0
0.8209898941840662,806,41,13,3,0.34690575340840624,1.63194421555619,1,0,0,0
0.0908718616517926,763,9,5,8,1.1291238155379342,1.7899931779888762,0,0,2,0
0.2415764261473941,734,33,2,11,0.20773410242952878,1.4484940945996225,0,0,2,0
5.18318383714834,6,77,34,0,1.6519226693418296,7.335575993907426,1,0,14,1
1.4998729061568814,20,41,48,0,1.350317748638536,7.55533166314797,1,1,4,1
0.6314748713046646,967,20,13,2,0.30626101030480984,1.7098411503019542,0,0,1,0
1.0922630042230312,162,12,21,3,0.07695231067360973,1.8132330200199154,1,0,2,0
0.5758010763540458,1735,11,5,16,0.5447257984619703,0.8736510345658024,0,0,0,0
4.123701016127001,4,87,94,4,4.394497462291484,9.061562272540492,1,0,9,1
0.013734928942220049,1228,35,7,20,0.14915478797746853,1.6766869417911021,0,0,1,0
0.8152261317998205,12,133,11,4,3.356694974530553,9.674492710987584,0,1,14,1
0.5706290553611482,1448,13,16,3,1.5522624556684295,0.4083424905579516,0,0,0,0
0.0404490967107559,1073,28,25,13,0.7193677461884225,1.2386772621853417,0,0,0,0
0.8088423868321298,1034,3,9,1,0.32649137060154426,1.2666060792662606,0,0,0,0
0.3770153839138802,805,20,10,21,0.0645353337620149,1.9115532484830766,0,0,2,0
0.004243706231678861,1042,47,28,6,0.4932308829813544,0.6548530112638642,0,0,2,0
0.099576412693925,1360,15,14,7,0.056665540745780944,1.8907285981796709,0,0,1,0
10.72409355050685,16,76,92,4,1.2800074832639383,4.971873094484714,0,1,5,1
0.6944870026441154,158,4,4,15,0.07542600230355256,1.7852736329441279,0,0,0,0
0.04802536730332661,1441,26,18,6,0.13619515305330793,1.6603329193196892,1,0,1,0
0.08211049561248339,252,47,28,10,0.15858853073929843,0.5475665227638131,0,0,2,0
0.5002518738658857,1128,3,22,20,0.17861215886121068,0.6750758912627477,0,0,2,0
0.01699745341424337,1480,12,3,5,0.3571190805915643,0.18716383821507399,0,0,0,0
0.20792668571670767,818,16,15,9,0.26439245239501763,0.843426403944036,0,1,1,0
1.722822458594479,10,62,79,1,1.313441578430289,9.877703566842388,1,1,9,1
0.9120022884316284,1446,1,8,20,0.6404668742986694,0.42726532130734785,1,0,0,0
0.26191161814533487,853,42,21,17,0.06976660580613955,0.634225846592668,0,1,2,0
0.1764474823726064,682,21,19,15,0.07319186892628073,1.8138516293411466,0,0,2,0
0.15810679551628298,1734,47,28,2,0.4094064922525644,1.3934565888711399,1,0,1,0
0.29855400236684365,1324,12,2,6,0.10455228082487858,1.7699663077581425,0,0,1,0
0.2496988423583337,1306,10,9,13,0.18934247332009357,1.6759031465314889,1,0,1,0
0.07334580630766366,1729,9,16,11,1.3970000487502066,1.7291982927965546,1,0,0,0
0.6111716403019921,1429,13,17,22,1.5107022050637942,1.798958125118431,0,0,2,0
0.2227867603005749,1251,34,25,9,0.5336649272897869,0.4919131888531867,1,0,1,0
0.08121089496020809,1547,23,1,5,0.697187788344748,1.9489746870017017,0,0,0,0
3.0667058150502884,3,91,70,0,7.588680649815904,2.4208193350132285,1,1,15,1
1.1024978031892851,1354,18,1,20,0.9748214458892858,0.421600099264527,0,0,1,0
0.12755002219923775,1799,20,25,7,0.46876924214248233,0.9412378485889905,0,0,0,0
0.9262163033929931,533,4,21,8,0.40031406297358435,0.35544294769655416,0,0,1,0
1.4903593084605062,23,118,18,1,1.0220496594189223,2.5266421177399474,1,1,13,1
0.25110416548875736,1229,37,3,17,0.4262941403389559,0.573644090243643,0,0,1,0
0.14172808654574776,1193,23,11,20,0.4356803772086316,0.8376819500762425,0,0,1,0
0.05987519120820736,1740,28,15,14,0.10293784005678264,1.839444778843953,1,0,2,0
0.9918262115330779,76,49,28,23,0.10695166730523008,0.5897404626031928,0,0,1,0
0.5,26,43,88,3,1.7232303744102975,7.168841549222791,1,1,19,1
0.43746135196452146,1397,39,2,14,0.09042129285402103,1.5889184276505919,0,0,1,0
1.431396305244924,10,121,96,3,0.6311601819195103,7.508348802079401,1,0,9,1
0.6979660926578272,869,3,20,12,0.4592871612908129,1.55974031580715,0,0,0,0
0.15985504728562222,1511,16,5,12,0.39358865291915696,1.2401840815045562,0,0,2,0
0.8123415099827117,1794,48,16,7,0.05243646739542637,1.9516210078680531,1,0,0,0
0.32690442439000633,1746,24,14,14,0.6871280357306017,1.4425982918111067,0,0,2,0
0.045824454862899586,610,22,8,16,0.07481957810319247,1.2683312636792214,0,0,0,0
0.7657566874469938,712,49,25,23,0.1405252990656349,0.6526521299856674,0,1,2,0
0.10486433748166778,1657,42,6,20,0.26399662090752546,1.1804093348756761,0,0,2,0
0.8943731370964587,1439,20,4,24,0.04463776943988759,1.7612299273732603,1,0,1,0
1.4299395811760218,1274,10,27,14,0.03980770378338974,0.039670049264431295,1,0,2,0
0.13843852271895157,880,40,9,19,0.024419828636231745,1.9159628636235255,0,1,1,0
0.7207058203452381,16,155,96,4,1.5220402150455907,8.165767645564497,1,0,5,1
0.07947600783391258,466,9,18,1,0.10011704367730251,0.9232020397874419,1,0,2,0
0.6152184503012271,300,17,27,1,1.4070026821098958,0.40730666872989674,1,1,1,0
0.00686686157932912,908,5,29,7,0.20155645825113286,1.3384328452951884,1,0,1,0
0.03998831236978604,1019,8,14,9,0.14743158507347315,1.513237236375612,0,0,0,0
3.8310855161000616,1,154,82,3,2.9732224758750023,5.479259279554673,1,1,6,1
4.064955345643524,22,25,86,4,0.9040644804319048,8.735658422599652,0,0,14,1
0.34476616019736117,973,17,3,22,1.4648755290256288,1.5008603535899203,1,0,1,0
1.0567506119683947,1766,34,26,1,0.5158461215839492,0.798221202779519,1,0,0,0
0.41573431524483345,974,37,28,7,0.9572324265305134,0.9779361845814953,0,1,1,0
0.05407649883263731,1664,22,1,24,0.008723956976024554,1.215787857966586,0,1,2,0
2.2271080214613583,1502,45,2,2,2.100830855943431,0.24740928842178622,0,0,0,0
0.8178252330108547,1605,10,20,16,0.6463366943952079,1.4395064551797139,0,0,0,0
0.47734657018412663,145,35,5,15,0.15223751486737777,0.1639278510641884,0,0,1,0
0.17012348244930584,1038,20,18,23,0.0740034450018081,0.29431026435239027,1,0,0,0
0.010163460502122277,171,11,8,8,0.07735267976134379,0.7941519093740543,0,0,1,0
0.8609039817705015,410,3,1,18,0.7586861887002647,0.09437283012451947,0,0,2,0
0.9903032716682255,1148,20,26,2,0.8450470968416802,0.5846696501459578,0,0,0,0
0.11538237194386791,1418,26,19,11,0.631628601253852,1.257480491318114,0,0,0,0
1.2141794385659173,785,38,3,8,0.02263839916979693,1.712631836202904,0,0,1,0
0.1351988189223256,728,18,9,10,0.02552995142957623,0.8865870577998476,1,1,1,0
0.16823457871027936,964,25,15,21,0.8875617784327107,0.24816136195371197,1,0,2,0
0.3474509655067964,1589,22,22,22,0.15395660881744255,1.6402941312688848,1,0,2,0
0.5652438732231034,807,30,13,12,0.122702619180009,1.8089873915013095,0,0,1,0
0.6033355841550835,1365,49,25,7,0.8380574204164944,0.7693013445682495,0,0,0,0
0.0750919168739037,730,33,25,1,0.6981317057782233,0.10498980252996226,0,0,2,0
0.7470012967991861,519,19,15,16,0.14648335305278712,1.7163756274206123,1,0,1,0
0.19335516553142257,1353,4,12,15,0.38511665346262514,0.33028027514464076,0,0,0,0
